week,weekday,method,demand,forecast,lower80,upper80,regular_workers,cost,shortage_units,overtime_workers,unused_capacity
104,0,buffer_rule,172,171.161685,152.514149,188.926384,17,2040.000000,0.000000,0.000000,32.000000
104,1,buffer_rule,225,194.326581,178.307350,215.250684,19,2280.000000,0.000000,0.000000,3.000000
104,2,buffer_rule,216,210.605505,199.679983,235.711239,21,2520.000000,0.000000,0.000000,36.000000
104,3,buffer_rule,229,220.182707,204.836370,242.283669,21,2520.000000,0.000000,0.000000,23.000000
104,4,buffer_rule,241,226.839676,211.937742,250.380021,21,2520.000000,0.000000,0.000000,11.000000
104,5,buffer_rule,231,202.002130,183.414703,227.757653,20,2400.000000,0.000000,0.000000,9.000000
104,6,buffer_rule,193,168.937445,144.559314,186.060840,16,1944.000000,1.000000,0.000000,0.000000
104,0,point_plan,172,171.161685,152.514149,188.926384,14,1776.000000,4.000000,0.000000,0.000000
104,1,point_plan,225,194.326581,178.307350,215.250684,16,2460.000000,0.000000,3.000000,3.000000
104,2,point_plan,216,210.605505,199.679983,235.711239,18,2160.000000,0.000000,0.000000,0.000000
104,3,point_plan,229,220.182707,204.836370,242.283669,18,2364.000000,1.000000,1.000000,0.000000
104,4,point_plan,241,226.839676,211.937742,250.380021,19,2484.000000,1.000000,1.000000,0.000000
104,5,point_plan,231,202.002130,183.414703,227.757653,17,2472.000000,3.000000,2.000000,0.000000
104,6,point_plan,193,168.937445,144.559314,186.060840,14,2064.000000,1.000000,2.000000,0.000000
104,0,stochastic_plan,172,171.161685,152.514149,188.926384,14,1776.000000,4.000000,0.000000,0.000000
104,1,stochastic_plan,225,194.326581,178.307350,215.250684,16,2460.000000,0.000000,3.000000,3.000000
104,2,stochastic_plan,216,210.605505,199.679983,235.711239,17,2220.000000,0.000000,1.000000,0.000000
104,3,stochastic_plan,229,220.182707,204.836370,242.283669,18,2364.000000,1.000000,1.000000,0.000000
104,4,stochastic_plan,241,226.839676,211.937742,250.380021,19,2484.000000,1.000000,1.000000,0.000000
104,5,stochastic_plan,231,202.002130,183.414703,227.757653,17,2472.000000,3.000000,2.000000,0.000000
104,6,stochastic_plan,193,168.937445,144.559314,186.060840,13,2124.000000,1.000000,3.000000,0.000000
104,0,perfect_information,172,171.161685,152.514149,188.926384,15,1800.000000,0.000000,0.000000,8.000000
104,1,perfect_information,225,194.326581,178.307350,215.250684,19,2280.000000,0.000000,0.000000,3.000000
104,2,perfect_information,216,210.605505,199.679983,235.711239,18,2160.000000,0.000000,0.000000,0.000000
104,3,perfect_information,229,220.182707,204.836370,242.283669,19,2304.000000,1.000000,0.000000,0.000000
104,4,perfect_information,241,226.839676,211.937742,250.380021,20,2424.000000,1.000000,0.000000,0.000000
104,5,perfect_information,231,202.002130,183.414703,227.757653,19,2352.000000,3.000000,0.000000,0.000000
104,6,perfect_information,193,168.937445,144.559314,186.060840,16,1944.000000,1.000000,0.000000,0.000000
105,0,buffer_rule,175,176.382322,157.734786,194.147022,16,1920.000000,0.000000,0.000000,17.000000
105,1,buffer_rule,206,208.945367,192.926136,233.254870,20,2400.000000,0.000000,0.000000,34.000000
105,2,buffer_rule,209,216.894347,205.968825,242.000081,19,2280.000000,0.000000,0.000000,19.000000
105,3,buffer_rule,238,228.585033,213.238696,250.685995,20,2400.000000,0.000000,0.000000,2.000000
105,4,buffer_rule,268,238.313142,223.411209,261.853487,22,2736.000000,4.000000,0.000000,0.000000
105,5,buffer_rule,207,213.837961,195.250534,239.644218,21,2520.000000,0.000000,0.000000,45.000000
105,6,buffer_rule,155,183.186596,158.808465,203.923976,17,2040.000000,0.000000,0.000000,49.000000
105,0,point_plan,175,176.382322,157.734786,194.147022,15,1800.000000,0.000000,0.000000,5.000000
105,1,point_plan,206,208.945367,192.926136,233.254870,17,2088.000000,2.000000,0.000000,0.000000
105,2,point_plan,209,216.894347,205.968825,242.000081,18,2160.000000,0.000000,0.000000,7.000000
105,3,point_plan,238,228.585033,213.238696,250.685995,19,2460.000000,0.000000,1.000000,2.000000
105,4,point_plan,268,238.313142,223.411209,261.853487,20,2856.000000,4.000000,2.000000,0.000000
105,5,point_plan,207,213.837961,195.250534,239.644218,18,2160.000000,0.000000,0.000000,9.000000
105,6,point_plan,155,183.186596,158.808465,203.923976,15,1800.000000,0.000000,0.000000,25.000000
105,0,stochastic_plan,175,176.382322,157.734786,194.147022,15,1800.000000,0.000000,0.000000,5.000000
105,1,stochastic_plan,206,208.945367,192.926136,233.254870,17,2088.000000,2.000000,0.000000,0.000000
105,2,stochastic_plan,209,216.894347,205.968825,242.000081,18,2160.000000,0.000000,0.000000,7.000000
105,3,stochastic_plan,238,228.585033,213.238696,250.685995,19,2460.000000,0.000000,1.000000,2.000000
105,4,stochastic_plan,268,238.313142,223.411209,261.853487,20,2856.000000,4.000000,2.000000,0.000000
105,5,stochastic_plan,207,213.837961,195.250534,239.644218,18,2160.000000,0.000000,0.000000,9.000000
105,6,stochastic_plan,155,183.186596,158.808465,203.923976,15,1800.000000,0.000000,0.000000,25.000000
105,0,perfect_information,175,176.382322,157.734786,194.147022,15,1800.000000,0.000000,0.000000,5.000000
105,1,perfect_information,206,208.945367,192.926136,233.254870,17,2088.000000,2.000000,0.000000,0.000000
105,2,perfect_information,209,216.894347,205.968825,242.000081,17,2160.000000,5.000000,0.000000,0.000000
105,3,perfect_information,238,228.585033,213.238696,250.685995,20,2400.000000,0.000000,0.000000,2.000000
105,4,perfect_information,268,238.313142,223.411209,261.853487,21,2796.000000,4.000000,1.000000,0.000000
105,5,perfect_information,207,213.837961,195.250534,239.644218,17,2112.000000,3.000000,0.000000,0.000000
105,6,perfect_information,155,183.186596,158.808465,203.923976,13,1560.000000,0.000000,0.000000,1.000000
106,0,buffer_rule,186,175.528390,156.880855,193.293090,17,2040.000000,0.000000,0.000000,18.000000
106,1,buffer_rule,235,201.775744,185.756513,226.085246,20,2400.000000,0.000000,0.000000,5.000000
106,2,buffer_rule,231,213.289893,202.364371,238.395627,19,2352.000000,3.000000,0.000000,0.000000
106,3,buffer_rule,238,229.244326,213.897989,251.345289,22,2640.000000,0.000000,0.000000,26.000000
106,4,buffer_rule,243,244.194420,229.292487,267.734765,23,2760.000000,0.000000,0.000000,33.000000
106,5,buffer_rule,225,205.184438,186.597011,230.977438,19,2280.000000,0.000000,0.000000,3.000000
106,6,buffer_rule,173,170.729896,143.138483,191.467276,15,1800.000000,0.000000,0.000000,7.000000
106,0,point_plan,186,175.528390,156.880855,193.293090,15,1944.000000,6.000000,0.000000,0.000000
106,1,point_plan,235,201.775744,185.756513,226.085246,17,2568.000000,7.000000,2.000000,0.000000
106,2,point_plan,231,213.289893,202.364371,238.395627,18,2412.000000,3.000000,1.000000,0.000000
106,3,point_plan,238,229.244326,213.897989,251.345289,19,2460.000000,0.000000,1.000000,2.000000
106,4,point_plan,243,244.194420,229.292487,267.734765,20,2472.000000,3.000000,0.000000,0.000000
106,5,point_plan,225,205.184438,186.597011,230.977438,17,2400.000000,0.000000,2.000000,3.000000
106,6,point_plan,173,170.729896,143.138483,191.467276,14,1800.000000,5.000000,0.000000,0.000000
106,0,stochastic_plan,186,175.528390,156.880855,193.293090,14,2004.000000,6.000000,1.000000,0.000000
106,1,stochastic_plan,235,201.775744,185.756513,226.085246,17,2568.000000,7.000000,2.000000,0.000000
106,2,stochastic_plan,231,213.289893,202.364371,238.395627,18,2412.000000,3.000000,1.000000,0.000000
106,3,stochastic_plan,238,229.244326,213.897989,251.345289,19,2460.000000,0.000000,1.000000,2.000000
106,4,stochastic_plan,243,244.194420,229.292487,267.734765,20,2472.000000,3.000000,0.000000,0.000000
106,5,stochastic_plan,225,205.184438,186.597011,230.977438,17,2400.000000,0.000000,2.000000,3.000000
106,6,stochastic_plan,173,170.729896,143.138483,191.467276,13,1860.000000,5.000000,1.000000,0.000000
106,0,perfect_information,186,175.528390,156.880855,193.293090,16,1920.000000,0.000000,0.000000,6.000000
106,1,perfect_information,235,201.775744,185.756513,226.085246,20,2400.000000,0.000000,0.000000,5.000000
106,2,perfect_information,231,213.289893,202.364371,238.395627,19,2352.000000,3.000000,0.000000,0.000000
106,3,perfect_information,238,229.244326,213.897989,251.345289,20,2400.000000,0.000000,0.000000,2.000000
106,4,perfect_information,243,244.194420,229.292487,267.734765,20,2472.000000,3.000000,0.000000,0.000000
106,5,perfect_information,225,205.184438,186.597011,230.977438,19,2280.000000,0.000000,0.000000,3.000000
106,6,perfect_information,173,170.729896,143.138483,191.467276,15,1800.000000,0.000000,0.000000,7.000000
107,0,buffer_rule,202,182.927770,164.280234,200.692470,17,2040.000000,0.000000,0.000000,2.000000
107,1,buffer_rule,218,213.949114,197.929883,240.582446,21,2520.000000,0.000000,0.000000,34.000000
107,2,buffer_rule,231,223.761791,212.836269,248.867525,21,2520.000000,0.000000,0.000000,21.000000
107,3,buffer_rule,239,233.126317,217.779980,255.227279,21,2520.000000,0.000000,0.000000,13.000000
107,4,buffer_rule,257,241.232318,226.940605,264.772663,21,2640.000000,5.000000,0.000000,0.000000
107,5,buffer_rule,227,214.246263,195.738002,240.039263,19,2280.000000,0.000000,0.000000,1.000000
107,6,buffer_rule,185,179.722886,152.131473,200.460265,15,1920.000000,5.000000,0.000000,0.000000
107,0,point_plan,202,182.927770,164.280234,200.692470,15,2160.000000,0.000000,2.000000,2.000000
107,1,point_plan,218,213.949114,197.929883,240.582446,18,2208.000000,2.000000,0.000000,0.000000
107,2,point_plan,231,223.761791,212.836269,248.867525,19,2352.000000,3.000000,0.000000,0.000000
107,3,point_plan,239,233.126317,217.779980,255.227279,20,2400.000000,0.000000,0.000000,1.000000
107,4,point_plan,257,241.232318,226.940605,264.772663,20,2700.000000,5.000000,1.000000,0.000000
107,5,point_plan,227,214.246263,195.738002,240.039263,18,2340.000000,0.000000,1.000000,1.000000
107,6,point_plan,185,179.722886,152.131473,200.460265,15,1920.000000,5.000000,0.000000,0.000000
107,0,stochastic_plan,202,182.927770,164.280234,200.692470,15,2160.000000,0.000000,2.000000,2.000000
107,1,stochastic_plan,218,213.949114,197.929883,240.582446,18,2208.000000,2.000000,0.000000,0.000000
107,2,stochastic_plan,231,223.761791,212.836269,248.867525,19,2352.000000,3.000000,0.000000,0.000000
107,3,stochastic_plan,239,233.126317,217.779980,255.227279,19,2460.000000,0.000000,1.000000,1.000000
107,4,stochastic_plan,257,241.232318,226.940605,264.772663,20,2700.000000,5.000000,1.000000,0.000000
107,5,stochastic_plan,227,214.246263,195.738002,240.039263,18,2340.000000,0.000000,1.000000,1.000000
107,6,stochastic_plan,185,179.722886,152.131473,200.460265,14,1980.000000,5.000000,1.000000,0.000000
107,0,perfect_information,202,182.927770,164.280234,200.692470,17,2040.000000,0.000000,0.000000,2.000000
107,1,perfect_information,218,213.949114,197.929883,240.582446,18,2208.000000,2.000000,0.000000,0.000000
107,2,perfect_information,231,223.761791,212.836269,248.867525,19,2352.000000,3.000000,0.000000,0.000000
107,3,perfect_information,239,233.126317,217.779980,255.227279,20,2400.000000,0.000000,0.000000,1.000000
107,4,perfect_information,257,241.232318,226.940605,264.772663,21,2640.000000,5.000000,0.000000,0.000000
107,5,perfect_information,227,214.246263,195.738002,240.039263,19,2280.000000,0.000000,0.000000,1.000000
107,6,perfect_information,185,179.722886,152.131473,200.460265,15,1920.000000,5.000000,0.000000,0.000000
108,0,buffer_rule,228,189.652167,171.605217,208.073846,18,2340.000000,0.000000,1.000000,0.000000
108,1,buffer_rule,209,211.575456,195.740211,238.208788,19,2280.000000,0.000000,0.000000,19.000000
108,2,buffer_rule,229,226.108623,215.183101,251.214357,21,2520.000000,0.000000,0.000000,23.000000
108,3,buffer_rule,249,235.710315,220.363978,257.811277,21,2520.000000,0.000000,0.000000,3.000000
108,4,buffer_rule,258,247.291845,233.000132,270.832190,22,2640.000000,0.000000,0.000000,6.000000
108,5,buffer_rule,223,217.194612,203.033446,242.987612,19,2280.000000,0.000000,0.000000,5.000000
108,6,buffer_rule,196,185.212986,157.621573,205.950366,15,2076.000000,4.000000,1.000000,0.000000
108,0,point_plan,228,189.652167,171.605217,208.073846,16,2460.000000,0.000000,3.000000,0.000000
108,1,point_plan,209,211.575456,195.740211,238.208788,18,2160.000000,0.000000,0.000000,7.000000
108,2,point_plan,229,226.108623,215.183101,251.214357,19,2304.000000,1.000000,0.000000,0.000000
108,3,point_plan,249,235.710315,220.363978,257.811277,20,2580.000000,0.000000,1.000000,3.000000
108,4,point_plan,258,247.291845,233.000132,270.832190,21,2664.000000,6.000000,0.000000,0.000000
108,5,point_plan,223,217.194612,203.033446,242.987612,18,2328.000000,7.000000,0.000000,0.000000
108,6,point_plan,196,185.212986,157.621573,205.950366,16,2016.000000,4.000000,0.000000,0.000000
108,0,stochastic_plan,228,189.652167,171.605217,208.073846,16,2460.000000,0.000000,3.000000,0.000000
108,1,stochastic_plan,209,211.575456,195.740211,238.208788,18,2160.000000,0.000000,0.000000,7.000000
108,2,stochastic_plan,229,226.108623,215.183101,251.214357,19,2304.000000,1.000000,0.000000,0.000000
108,3,stochastic_plan,249,235.710315,220.363978,257.811277,20,2580.000000,0.000000,1.000000,3.000000
108,4,stochastic_plan,258,247.291845,233.000132,270.832190,21,2664.000000,6.000000,0.000000,0.000000
108,5,stochastic_plan,223,217.194612,203.033446,242.987612,18,2328.000000,7.000000,0.000000,0.000000
108,6,stochastic_plan,196,185.212986,157.621573,205.950366,15,2076.000000,4.000000,1.000000,0.000000
108,0,perfect_information,228,189.652167,171.605217,208.073846,19,2280.000000,0.000000,0.000000,0.000000
108,1,perfect_information,209,211.575456,195.740211,238.208788,17,2160.000000,5.000000,0.000000,0.000000
108,2,perfect_information,229,226.108623,215.183101,251.214357,19,2304.000000,1.000000,0.000000,0.000000
108,3,perfect_information,249,235.710315,220.363978,257.811277,21,2520.000000,0.000000,0.000000,3.000000
108,4,perfect_information,258,247.291845,233.000132,270.832190,22,2640.000000,0.000000,0.000000,6.000000
108,5,perfect_information,223,217.194612,203.033446,242.987612,19,2280.000000,0.000000,0.000000,5.000000
108,6,perfect_information,196,185.212986,157.621573,205.950366,16,2016.000000,4.000000,0.000000,0.000000
109,0,buffer_rule,207,199.342492,183.579537,218.355339,20,2400.000000,0.000000,0.000000,33.000000
109,1,buffer_rule,232,212.424795,196.589550,239.058127,18,2436.000000,4.000000,1.000000,0.000000
109,2,buffer_rule,226,228.235845,218.315408,253.341579,19,2280.000000,0.000000,0.000000,2.000000
109,3,buffer_rule,230,241.233630,225.887293,263.334593,21,2520.000000,0.000000,0.000000,22.000000
109,4,buffer_rule,248,250.528476,236.236764,274.068821,22,2640.000000,0.000000,0.000000,16.000000
109,5,buffer_rule,214,219.121781,204.960616,244.914781,19,2280.000000,0.000000,0.000000,14.000000
109,6,buffer_rule,190,190.904246,163.312833,211.641625,16,1920.000000,0.000000,0.000000,2.000000
109,0,point_plan,207,199.342492,183.579537,218.355339,17,2112.000000,3.000000,0.000000,0.000000
109,1,point_plan,232,212.424795,196.589550,239.058127,18,2436.000000,4.000000,1.000000,0.000000
109,2,point_plan,226,228.235845,218.315408,253.341579,19,2280.000000,0.000000,0.000000,2.000000
109,3,point_plan,230,241.233630,225.887293,263.334593,20,2400.000000,0.000000,0.000000,10.000000
109,4,point_plan,248,250.528476,236.236764,274.068821,21,2520.000000,0.000000,0.000000,4.000000
109,5,point_plan,214,219.121781,204.960616,244.914781,18,2160.000000,0.000000,0.000000,2.000000
109,6,point_plan,190,190.904246,163.312833,211.641625,16,1920.000000,0.000000,0.000000,2.000000
109,0,stochastic_plan,207,199.342492,183.579537,218.355339,17,2112.000000,3.000000,0.000000,0.000000
109,1,stochastic_plan,232,212.424795,196.589550,239.058127,18,2436.000000,4.000000,1.000000,0.000000
109,2,stochastic_plan,226,228.235845,218.315408,253.341579,19,2280.000000,0.000000,0.000000,2.000000
109,3,stochastic_plan,230,241.233630,225.887293,263.334593,20,2400.000000,0.000000,0.000000,10.000000
109,4,stochastic_plan,248,250.528476,236.236764,274.068821,21,2520.000000,0.000000,0.000000,4.000000
109,5,stochastic_plan,214,219.121781,204.960616,244.914781,18,2160.000000,0.000000,0.000000,2.000000
109,6,stochastic_plan,190,190.904246,163.312833,211.641625,15,1980.000000,0.000000,1.000000,2.000000
109,0,perfect_information,207,199.342492,183.579537,218.355339,17,2112.000000,3.000000,0.000000,0.000000
109,1,perfect_information,232,212.424795,196.589550,239.058127,19,2376.000000,4.000000,0.000000,0.000000
109,2,perfect_information,226,228.235845,218.315408,253.341579,19,2280.000000,0.000000,0.000000,2.000000
109,3,perfect_information,230,241.233630,225.887293,263.334593,19,2328.000000,2.000000,0.000000,0.000000
109,4,perfect_information,248,250.528476,236.236764,274.068821,21,2520.000000,0.000000,0.000000,4.000000
109,5,perfect_information,214,219.121781,204.960616,244.914781,18,2160.000000,0.000000,0.000000,2.000000
109,6,perfect_information,190,190.904246,163.312833,211.641625,16,1920.000000,0.000000,0.000000,2.000000
110,0,buffer_rule,188,192.419078,176.656123,211.431925,18,2160.000000,0.000000,0.000000,28.000000
110,1,buffer_rule,223,217.194692,201.359447,243.828024,21,2520.000000,0.000000,0.000000,29.000000
110,2,buffer_rule,253,225.931430,216.110330,251.037164,20,2604.000000,1.000000,1.000000,0.000000
110,3,buffer_rule,254,234.837451,222.169274,256.938414,20,2628.000000,2.000000,1.000000,0.000000
110,4,buffer_rule,262,246.752717,232.461004,270.293062,22,2640.000000,0.000000,0.000000,2.000000
110,5,buffer_rule,231,215.297425,201.136260,241.090425,19,2352.000000,3.000000,0.000000,0.000000
110,6,buffer_rule,179,187.624076,163.245944,208.361456,15,1800.000000,0.000000,0.000000,1.000000
110,0,point_plan,188,192.419078,176.656123,211.431925,16,1920.000000,0.000000,0.000000,4.000000
110,1,point_plan,223,217.194692,201.359447,243.828024,18,2328.000000,7.000000,0.000000,0.000000
110,2,point_plan,253,225.931430,216.110330,251.037164,19,2664.000000,1.000000,2.000000,0.000000
110,3,point_plan,254,234.837451,222.169274,256.938414,20,2628.000000,2.000000,1.000000,0.000000
110,4,point_plan,262,246.752717,232.461004,270.293062,21,2700.000000,0.000000,1.000000,2.000000
110,5,point_plan,231,215.297425,201.136260,241.090425,18,2412.000000,3.000000,1.000000,0.000000
110,6,point_plan,179,187.624076,163.245944,208.361456,16,1920.000000,0.000000,0.000000,13.000000
110,0,stochastic_plan,188,192.419078,176.656123,211.431925,16,1920.000000,0.000000,0.000000,4.000000
110,1,stochastic_plan,223,217.194692,201.359447,243.828024,18,2328.000000,7.000000,0.000000,0.000000
110,2,stochastic_plan,253,225.931430,216.110330,251.037164,19,2664.000000,1.000000,2.000000,0.000000
110,3,stochastic_plan,254,234.837451,222.169274,256.938414,20,2628.000000,2.000000,1.000000,0.000000
110,4,stochastic_plan,262,246.752717,232.461004,270.293062,21,2700.000000,0.000000,1.000000,2.000000
110,5,stochastic_plan,231,215.297425,201.136260,241.090425,18,2412.000000,3.000000,1.000000,0.000000
110,6,stochastic_plan,179,187.624076,163.245944,208.361456,15,1800.000000,0.000000,0.000000,1.000000
110,0,perfect_information,188,192.419078,176.656123,211.431925,16,1920.000000,0.000000,0.000000,4.000000
110,1,perfect_information,223,217.194692,201.359447,243.828024,19,2280.000000,0.000000,0.000000,5.000000
110,2,perfect_information,253,225.931430,216.110330,251.037164,21,2544.000000,1.000000,0.000000,0.000000
110,3,perfect_information,254,234.837451,222.169274,256.938414,21,2568.000000,2.000000,0.000000,0.000000
110,4,perfect_information,262,246.752717,232.461004,270.293062,22,2640.000000,0.000000,0.000000,2.000000
110,5,perfect_information,231,215.297425,201.136260,241.090425,19,2352.000000,3.000000,0.000000,0.000000
110,6,perfect_information,179,187.624076,163.245944,208.361456,15,1800.000000,0.000000,0.000000,1.000000
111,0,buffer_rule,187,190.376612,174.613658,209.389460,15,1968.000000,7.000000,0.000000,0.000000
111,1,buffer_rule,211,217.341389,201.506144,243.974721,19,2280.000000,0.000000,0.000000,17.000000
111,2,buffer_rule,229,235.307959,225.486859,260.883694,22,2640.000000,0.000000,0.000000,35.000000
111,3,buffer_rule,229,243.336204,230.668026,262.379047,22,2640.000000,0.000000,0.000000,35.000000
111,4,buffer_rule,259,252.821566,238.529853,276.361911,23,2760.000000,0.000000,0.000000,17.000000
111,5,buffer_rule,212,221.895490,207.734325,247.688490,19,2280.000000,0.000000,0.000000,16.000000
111,6,buffer_rule,190,187.399433,163.021302,208.136813,15,1980.000000,0.000000,1.000000,2.000000
111,0,point_plan,187,190.376612,174.613658,209.389460,16,1920.000000,0.000000,0.000000,5.000000
111,1,point_plan,211,217.341389,201.506144,243.974721,18,2160.000000,0.000000,0.000000,5.000000
111,2,point_plan,229,235.307959,225.486859,260.883694,20,2400.000000,0.000000,0.000000,11.000000
111,3,point_plan,229,243.336204,230.668026,262.379047,20,2400.000000,0.000000,0.000000,11.000000
111,4,point_plan,259,252.821566,238.529853,276.361911,21,2688.000000,7.000000,0.000000,0.000000
111,5,point_plan,212,221.895490,207.734325,247.688490,19,2280.000000,0.000000,0.000000,16.000000
111,6,point_plan,190,187.399433,163.021302,208.136813,16,1920.000000,0.000000,0.000000,2.000000
111,0,stochastic_plan,187,190.376612,174.613658,209.389460,16,1920.000000,0.000000,0.000000,5.000000
111,1,stochastic_plan,211,217.341389,201.506144,243.974721,18,2160.000000,0.000000,0.000000,5.000000
111,2,stochastic_plan,229,235.307959,225.486859,260.883694,20,2400.000000,0.000000,0.000000,11.000000
111,3,stochastic_plan,229,243.336204,230.668026,262.379047,20,2400.000000,0.000000,0.000000,11.000000
111,4,stochastic_plan,259,252.821566,238.529853,276.361911,21,2688.000000,7.000000,0.000000,0.000000
111,5,stochastic_plan,212,221.895490,207.734325,247.688490,18,2160.000000,0.000000,0.000000,4.000000
111,6,stochastic_plan,190,187.399433,163.021302,208.136813,15,1980.000000,0.000000,1.000000,2.000000
111,0,perfect_information,187,190.376612,174.613658,209.389460,16,1920.000000,0.000000,0.000000,5.000000
111,1,perfect_information,211,217.341389,201.506144,243.974721,18,2160.000000,0.000000,0.000000,5.000000
111,2,perfect_information,229,235.307959,225.486859,260.883694,19,2304.000000,1.000000,0.000000,0.000000
111,3,perfect_information,229,243.336204,230.668026,262.379047,19,2304.000000,1.000000,0.000000,0.000000
111,4,perfect_information,259,252.821566,238.529853,276.361911,22,2640.000000,0.000000,0.000000,5.000000
111,5,perfect_information,212,221.895490,207.734325,247.688490,18,2160.000000,0.000000,0.000000,4.000000
111,6,perfect_information,190,187.399433,163.021302,208.136813,16,1920.000000,0.000000,0.000000,2.000000
112,0,buffer_rule,174,187.254263,171.491308,206.267110,17,2040.000000,0.000000,0.000000,30.000000
112,1,buffer_rule,212,211.720354,199.046394,238.353686,20,2400.000000,0.000000,0.000000,28.000000
112,2,buffer_rule,226,226.964694,218.114934,252.540429,20,2400.000000,0.000000,0.000000,14.000000
112,3,buffer_rule,251,234.656359,221.988182,253.699203,20,2580.000000,0.000000,1.000000,1.000000
112,4,buffer_rule,242,249.435740,236.170118,272.976085,23,2760.000000,0.000000,0.000000,34.000000
112,5,buffer_rule,215,214.516817,200.355652,240.309817,19,2280.000000,0.000000,0.000000,13.000000
112,6,buffer_rule,158,187.541979,163.845298,208.279359,16,1920.000000,0.000000,0.000000,34.000000
112,0,point_plan,174,187.254263,171.491308,206.267110,16,1920.000000,0.000000,0.000000,18.000000
112,1,point_plan,212,211.720354,199.046394,238.353686,18,2160.000000,0.000000,0.000000,4.000000
112,2,point_plan,226,226.964694,218.114934,252.540429,19,2280.000000,0.000000,0.000000,2.000000
112,3,point_plan,251,234.656359,221.988182,253.699203,20,2580.000000,0.000000,1.000000,1.000000
112,4,point_plan,242,249.435740,236.170118,272.976085,21,2520.000000,0.000000,0.000000,10.000000
112,5,point_plan,215,214.516817,200.355652,240.309817,18,2160.000000,0.000000,0.000000,1.000000
112,6,point_plan,158,187.541979,163.845298,208.279359,16,1920.000000,0.000000,0.000000,34.000000
112,0,stochastic_plan,174,187.254263,171.491308,206.267110,16,1920.000000,0.000000,0.000000,18.000000
112,1,stochastic_plan,212,211.720354,199.046394,238.353686,18,2160.000000,0.000000,0.000000,4.000000
112,2,stochastic_plan,226,226.964694,218.114934,252.540429,19,2280.000000,0.000000,0.000000,2.000000
112,3,stochastic_plan,251,234.656359,221.988182,253.699203,20,2580.000000,0.000000,1.000000,1.000000
112,4,stochastic_plan,242,249.435740,236.170118,272.976085,21,2520.000000,0.000000,0.000000,10.000000
112,5,stochastic_plan,215,214.516817,200.355652,240.309817,18,2160.000000,0.000000,0.000000,1.000000
112,6,stochastic_plan,158,187.541979,163.845298,208.279359,15,1800.000000,0.000000,0.000000,22.000000
112,0,perfect_information,174,187.254263,171.491308,206.267110,15,1800.000000,0.000000,0.000000,6.000000
112,1,perfect_information,212,211.720354,199.046394,238.353686,18,2160.000000,0.000000,0.000000,4.000000
112,2,perfect_information,226,226.964694,218.114934,252.540429,19,2280.000000,0.000000,0.000000,2.000000
112,3,perfect_information,251,234.656359,221.988182,253.699203,21,2520.000000,0.000000,0.000000,1.000000
112,4,perfect_information,242,249.435740,236.170118,272.976085,20,2448.000000,2.000000,0.000000,0.000000
112,5,perfect_information,215,214.516817,200.355652,240.309817,17,2220.000000,0.000000,1.000000,1.000000
112,6,perfect_information,158,187.541979,163.845298,208.279359,13,1608.000000,2.000000,0.000000,0.000000
113,0,buffer_rule,181,182.460237,166.540958,200.881916,16,1920.000000,0.000000,0.000000,11.000000
113,1,buffer_rule,198,210.676592,198.002631,237.309924,20,2400.000000,0.000000,0.000000,42.000000
113,2,buffer_rule,235,224.759474,215.909714,250.335209,21,2520.000000,0.000000,0.000000,17.000000
113,3,buffer_rule,243,238.662551,225.994374,257.705395,24,2880.000000,0.000000,0.000000,45.000000
113,4,buffer_rule,234,243.897408,230.631786,266.926363,22,2640.000000,0.000000,0.000000,30.000000
113,5,buffer_rule,218,213.783316,199.622151,239.395803,18,2208.000000,2.000000,0.000000,0.000000
113,6,buffer_rule,192,178.300631,153.922499,199.038010,14,2040.000000,0.000000,2.000000,0.000000
113,0,point_plan,181,182.460237,166.540958,200.881916,15,1824.000000,1.000000,0.000000,0.000000
113,1,point_plan,198,210.676592,198.002631,237.309924,18,2160.000000,0.000000,0.000000,18.000000
113,2,point_plan,235,224.759474,215.909714,250.335209,19,2448.000000,7.000000,0.000000,0.000000
113,3,point_plan,243,238.662551,225.994374,257.705395,20,2472.000000,3.000000,0.000000,0.000000
113,4,point_plan,234,243.897408,230.631786,266.926363,20,2400.000000,0.000000,0.000000,6.000000
113,5,point_plan,218,213.783316,199.622151,239.395803,18,2208.000000,2.000000,0.000000,0.000000
113,6,point_plan,192,178.300631,153.922499,199.038010,15,1980.000000,0.000000,1.000000,0.000000
113,0,stochastic_plan,181,182.460237,166.540958,200.881916,15,1824.000000,1.000000,0.000000,0.000000
113,1,stochastic_plan,198,210.676592,198.002631,237.309924,18,2160.000000,0.000000,0.000000,18.000000
113,2,stochastic_plan,235,224.759474,215.909714,250.335209,19,2448.000000,7.000000,0.000000,0.000000
113,3,stochastic_plan,243,238.662551,225.994374,257.705395,20,2472.000000,3.000000,0.000000,0.000000
113,4,stochastic_plan,234,243.897408,230.631786,266.926363,20,2400.000000,0.000000,0.000000,6.000000
113,5,stochastic_plan,218,213.783316,199.622151,239.395803,18,2208.000000,2.000000,0.000000,0.000000
113,6,stochastic_plan,192,178.300631,153.922499,199.038010,14,2040.000000,0.000000,2.000000,0.000000
113,0,perfect_information,181,182.460237,166.540958,200.881916,15,1824.000000,1.000000,0.000000,0.000000
113,1,perfect_information,198,210.676592,198.002631,237.309924,17,2040.000000,0.000000,0.000000,6.000000
113,2,perfect_information,235,224.759474,215.909714,250.335209,20,2400.000000,0.000000,0.000000,5.000000
113,3,perfect_information,243,238.662551,225.994374,257.705395,20,2472.000000,3.000000,0.000000,0.000000
113,4,perfect_information,234,243.897408,230.631786,266.926363,20,2400.000000,0.000000,0.000000,6.000000
113,5,perfect_information,218,213.783316,199.622151,239.395803,18,2208.000000,2.000000,0.000000,0.000000
113,6,perfect_information,192,178.300631,153.922499,199.038010,16,1920.000000,0.000000,0.000000,0.000000
114,0,buffer_rule,197,185.239622,172.141684,203.661301,17,2040.000000,0.000000,0.000000,7.000000
114,1,buffer_rule,219,208.470547,195.696097,235.103879,18,2232.000000,3.000000,0.000000,0.000000
114,2,buffer_rule,233,228.380083,219.530323,253.955818,21,2520.000000,0.000000,0.000000,19.000000
114,3,buffer_rule,227,237.823174,225.154997,256.866017,22,2640.000000,0.000000,0.000000,37.000000
114,4,buffer_rule,255,243.323785,230.058163,266.352740,21,2592.000000,3.000000,0.000000,0.000000
114,5,buffer_rule,215,215.542867,201.381702,241.155354,19,2280.000000,0.000000,0.000000,13.000000
114,6,buffer_rule,190,187.077270,162.699138,207.814650,17,2040.000000,0.000000,0.000000,14.000000
114,0,point_plan,197,185.239622,172.141684,203.661301,16,2040.000000,5.000000,0.000000,0.000000
114,1,point_plan,219,208.470547,195.696097,235.103879,17,2292.000000,3.000000,1.000000,0.000000
114,2,point_plan,233,228.380083,219.530323,253.955818,19,2400.000000,5.000000,0.000000,0.000000
114,3,point_plan,227,237.823174,225.154997,256.866017,20,2400.000000,0.000000,0.000000,13.000000
114,4,point_plan,255,243.323785,230.058163,266.352740,20,2652.000000,3.000000,1.000000,0.000000
114,5,point_plan,215,215.542867,201.381702,241.155354,18,2160.000000,0.000000,0.000000,1.000000
114,6,point_plan,190,187.077270,162.699138,207.814650,16,1920.000000,0.000000,0.000000,2.000000
114,0,stochastic_plan,197,185.239622,172.141684,203.661301,15,2100.000000,5.000000,1.000000,0.000000
114,1,stochastic_plan,219,208.470547,195.696097,235.103879,17,2292.000000,3.000000,1.000000,0.000000
114,2,stochastic_plan,233,228.380083,219.530323,253.955818,19,2400.000000,5.000000,0.000000,0.000000
114,3,stochastic_plan,227,237.823174,225.154997,256.866017,20,2400.000000,0.000000,0.000000,13.000000
114,4,stochastic_plan,255,243.323785,230.058163,266.352740,20,2652.000000,3.000000,1.000000,0.000000
114,5,stochastic_plan,215,215.542867,201.381702,241.155354,18,2160.000000,0.000000,0.000000,1.000000
114,6,stochastic_plan,190,187.077270,162.699138,207.814650,15,1980.000000,0.000000,1.000000,2.000000
114,0,perfect_information,197,185.239622,172.141684,203.661301,16,2040.000000,5.000000,0.000000,0.000000
114,1,perfect_information,219,208.470547,195.696097,235.103879,18,2232.000000,3.000000,0.000000,0.000000
114,2,perfect_information,233,228.380083,219.530323,253.955818,19,2400.000000,5.000000,0.000000,0.000000
114,3,perfect_information,227,237.823174,225.154997,256.866017,19,2280.000000,0.000000,0.000000,1.000000
114,4,perfect_information,255,243.323785,230.058163,266.352740,21,2592.000000,3.000000,0.000000,0.000000
114,5,perfect_information,215,215.542867,201.381702,241.155354,18,2160.000000,0.000000,0.000000,1.000000
114,6,perfect_information,190,187.077270,162.699138,207.814650,16,1920.000000,0.000000,0.000000,2.000000
115,0,buffer_rule,200,190.336962,177.239024,208.101662,17,2040.000000,0.000000,0.000000,4.000000
115,1,buffer_rule,221,214.567447,201.792997,238.876949,19,2280.000000,0.000000,0.000000,7.000000
115,2,buffer_rule,224,229.259082,220.409322,254.364816,21,2520.000000,0.000000,0.000000,28.000000
115,3,buffer_rule,250,235.432281,222.764103,253.356624,20,2580.000000,0.000000,1.000000,2.000000
115,4,buffer_rule,248,249.443412,236.177790,271.494676,23,2760.000000,0.000000,0.000000,28.000000
115,5,buffer_rule,215,216.082249,201.921084,241.168543,19,2280.000000,0.000000,0.000000,13.000000
115,6,buffer_rule,206,187.928031,163.549900,205.051426,16,2148.000000,2.000000,1.000000,0.000000
115,0,point_plan,200,190.336962,177.239024,208.101662,16,2100.000000,0.000000,1.000000,4.000000
115,1,point_plan,221,214.567447,201.792997,238.876949,18,2280.000000,5.000000,0.000000,0.000000
115,2,point_plan,224,229.259082,220.409322,254.364816,19,2280.000000,0.000000,0.000000,4.000000
115,3,point_plan,250,235.432281,222.764103,253.356624,20,2580.000000,0.000000,1.000000,2.000000
115,4,point_plan,248,249.443412,236.177790,271.494676,21,2520.000000,0.000000,0.000000,4.000000
115,5,point_plan,215,216.082249,201.921084,241.168543,18,2160.000000,0.000000,0.000000,1.000000
115,6,point_plan,206,187.928031,163.549900,205.051426,16,2148.000000,2.000000,1.000000,0.000000
115,0,stochastic_plan,200,190.336962,177.239024,208.101662,16,2100.000000,0.000000,1.000000,4.000000
115,1,stochastic_plan,221,214.567447,201.792997,238.876949,18,2280.000000,5.000000,0.000000,0.000000
115,2,stochastic_plan,224,229.259082,220.409322,254.364816,19,2280.000000,0.000000,0.000000,4.000000
115,3,stochastic_plan,250,235.432281,222.764103,253.356624,20,2580.000000,0.000000,1.000000,2.000000
115,4,stochastic_plan,248,249.443412,236.177790,271.494676,21,2520.000000,0.000000,0.000000,4.000000
115,5,stochastic_plan,215,216.082249,201.921084,241.168543,18,2160.000000,0.000000,0.000000,1.000000
115,6,stochastic_plan,206,187.928031,163.549900,205.051426,15,2208.000000,2.000000,2.000000,0.000000
115,0,perfect_information,200,190.336962,177.239024,208.101662,17,2040.000000,0.000000,0.000000,4.000000
115,1,perfect_information,221,214.567447,201.792997,238.876949,18,2280.000000,5.000000,0.000000,0.000000
115,2,perfect_information,224,229.259082,220.409322,254.364816,19,2280.000000,0.000000,0.000000,4.000000
115,3,perfect_information,250,235.432281,222.764103,253.356624,21,2520.000000,0.000000,0.000000,2.000000
115,4,perfect_information,248,249.443412,236.177790,271.494676,21,2520.000000,0.000000,0.000000,4.000000
115,5,perfect_information,215,216.082249,201.921084,241.168543,18,2160.000000,0.000000,0.000000,1.000000
115,6,perfect_information,206,187.928031,163.549900,205.051426,17,2088.000000,2.000000,0.000000,0.000000
116,0,buffer_rule,201,192.289762,179.191824,208.497991,17,2040.000000,0.000000,0.000000,3.000000
116,1,buffer_rule,211,216.341096,203.566646,236.863363,20,2400.000000,0.000000,0.000000,29.000000
116,2,buffer_rule,247,228.284154,219.434393,251.284206,20,2568.000000,7.000000,0.000000,0.000000
116,3,buffer_rule,266,241.998916,229.330738,259.535012,22,2688.000000,2.000000,0.000000,0.000000
116,4,buffer_rule,277,248.861499,235.595877,269.421488,21,2904.000000,1.000000,2.000000,0.000000
116,5,buffer_rule,231,217.187651,203.026486,239.242137,18,2412.000000,3.000000,1.000000,0.000000
116,6,buffer_rule,208,192.715478,168.337346,209.838872,17,2136.000000,4.000000,0.000000,0.000000
116,0,point_plan,201,192.289762,179.191824,208.497991,16,2100.000000,0.000000,1.000000,3.000000
116,1,point_plan,211,216.341096,203.566646,236.863363,18,2160.000000,0.000000,0.000000,5.000000
116,2,point_plan,247,228.284154,219.434393,251.284206,19,2628.000000,7.000000,1.000000,0.000000
116,3,point_plan,266,241.998916,229.330738,259.535012,20,2808.000000,2.000000,2.000000,0.000000
116,4,point_plan,277,248.861499,235.595877,269.421488,21,2904.000000,1.000000,2.000000,0.000000
116,5,point_plan,231,217.187651,203.026486,239.242137,18,2412.000000,3.000000,1.000000,0.000000
116,6,point_plan,208,192.715478,168.337346,209.838872,16,2196.000000,4.000000,1.000000,0.000000
116,0,stochastic_plan,201,192.289762,179.191824,208.497991,16,2100.000000,0.000000,1.000000,3.000000
116,1,stochastic_plan,211,216.341096,203.566646,236.863363,18,2160.000000,0.000000,0.000000,5.000000
116,2,stochastic_plan,247,228.284154,219.434393,251.284206,19,2628.000000,7.000000,1.000000,0.000000
116,3,stochastic_plan,266,241.998916,229.330738,259.535012,20,2808.000000,2.000000,2.000000,0.000000
116,4,stochastic_plan,277,248.861499,235.595877,269.421488,21,2904.000000,1.000000,2.000000,0.000000
116,5,stochastic_plan,231,217.187651,203.026486,239.242137,18,2412.000000,3.000000,1.000000,0.000000
116,6,stochastic_plan,208,192.715478,168.337346,209.838872,15,2256.000000,4.000000,2.000000,0.000000
116,0,perfect_information,201,192.289762,179.191824,208.497991,17,2040.000000,0.000000,0.000000,3.000000
116,1,perfect_information,211,216.341096,203.566646,236.863363,17,2208.000000,7.000000,0.000000,0.000000
116,2,perfect_information,247,228.284154,219.434393,251.284206,20,2568.000000,7.000000,0.000000,0.000000
116,3,perfect_information,266,241.998916,229.330738,259.535012,22,2688.000000,2.000000,0.000000,0.000000
116,4,perfect_information,277,248.861499,235.595877,269.421488,23,2784.000000,1.000000,0.000000,0.000000
116,5,perfect_information,231,217.187651,203.026486,239.242137,19,2352.000000,3.000000,0.000000,0.000000
116,6,perfect_information,208,192.715478,168.337346,209.838872,17,2136.000000,4.000000,0.000000,0.000000
117,0,buffer_rule,198,196.400773,184.874695,212.609002,17,2040.000000,0.000000,0.000000,6.000000
117,1,buffer_rule,219,217.368722,204.594272,237.890989,18,2232.000000,3.000000,0.000000,0.000000
117,2,buffer_rule,232,236.945498,228.095738,259.945550,20,2400.000000,0.000000,0.000000,8.000000
117,3,buffer_rule,252,249.000015,236.331838,266.924359,22,2640.000000,0.000000,0.000000,12.000000
117,4,buffer_rule,249,259.269276,248.745853,281.320540,23,2760.000000,0.000000,0.000000,27.000000
117,5,buffer_rule,223,224.072044,210.114130,246.126530,19,2280.000000,0.000000,0.000000,5.000000
117,6,buffer_rule,190,197.337313,172.959182,214.460708,16,1920.000000,0.000000,0.000000,2.000000
117,0,point_plan,198,196.400773,184.874695,212.609002,16,2064.000000,6.000000,0.000000,0.000000
117,1,point_plan,219,217.368722,204.594272,237.890989,18,2232.000000,3.000000,0.000000,0.000000
117,2,point_plan,232,236.945498,228.095738,259.945550,20,2400.000000,0.000000,0.000000,8.000000
117,3,point_plan,252,249.000015,236.331838,266.924359,21,2520.000000,0.000000,0.000000,0.000000
117,4,point_plan,249,259.269276,248.745853,281.320540,22,2640.000000,0.000000,0.000000,15.000000
117,5,point_plan,223,224.072044,210.114130,246.126530,19,2280.000000,0.000000,0.000000,5.000000
117,6,point_plan,190,197.337313,172.959182,214.460708,17,2040.000000,0.000000,0.000000,14.000000
117,0,stochastic_plan,198,196.400773,184.874695,212.609002,16,2064.000000,6.000000,0.000000,0.000000
117,1,stochastic_plan,219,217.368722,204.594272,237.890989,18,2232.000000,3.000000,0.000000,0.000000
117,2,stochastic_plan,232,236.945498,228.095738,259.945550,20,2400.000000,0.000000,0.000000,8.000000
117,3,stochastic_plan,252,249.000015,236.331838,266.924359,21,2520.000000,0.000000,0.000000,0.000000
117,4,stochastic_plan,249,259.269276,248.745853,281.320540,22,2640.000000,0.000000,0.000000,15.000000
117,5,stochastic_plan,223,224.072044,210.114130,246.126530,19,2280.000000,0.000000,0.000000,5.000000
117,6,stochastic_plan,190,197.337313,172.959182,214.460708,16,1920.000000,0.000000,0.000000,2.000000
117,0,perfect_information,198,196.400773,184.874695,212.609002,17,2040.000000,0.000000,0.000000,6.000000
117,1,perfect_information,219,217.368722,204.594272,237.890989,18,2232.000000,3.000000,0.000000,0.000000
117,2,perfect_information,232,236.945498,228.095738,259.945550,19,2376.000000,4.000000,0.000000,0.000000
117,3,perfect_information,252,249.000015,236.331838,266.924359,21,2520.000000,0.000000,0.000000,0.000000
117,4,perfect_information,249,259.269276,248.745853,281.320540,21,2520.000000,0.000000,0.000000,3.000000
117,5,perfect_information,223,224.072044,210.114130,246.126530,19,2280.000000,0.000000,0.000000,5.000000
117,6,perfect_information,190,197.337313,172.959182,214.460708,16,1920.000000,0.000000,0.000000,2.000000
118,0,buffer_rule,200,192.874159,181.348081,209.082388,17,2040.000000,0.000000,0.000000,4.000000
118,1,buffer_rule,250,216.304338,203.529888,236.826605,19,2640.000000,0.000000,2.000000,2.000000
118,2,buffer_rule,261,230.526681,221.676921,253.526733,21,2700.000000,0.000000,1.000000,3.000000
118,3,buffer_rule,262,242.932481,231.718408,260.856825,23,2760.000000,0.000000,0.000000,14.000000
118,4,buffer_rule,303,250.197694,239.674271,272.248958,21,3312.000000,3.000000,4.000000,0.000000
118,5,buffer_rule,262,219.266033,205.308118,241.320519,19,2820.000000,0.000000,3.000000,2.000000
118,6,buffer_rule,225,190.078079,165.699948,207.201474,15,2520.000000,0.000000,4.000000,3.000000
118,0,point_plan,200,192.874159,181.348081,209.082388,16,2100.000000,0.000000,1.000000,4.000000
118,1,point_plan,250,216.304338,203.529888,236.826605,18,2700.000000,0.000000,3.000000,2.000000
118,2,point_plan,261,230.526681,221.676921,253.526733,19,2820.000000,0.000000,3.000000,3.000000
118,3,point_plan,262,242.932481,231.718408,260.856825,20,2760.000000,0.000000,2.000000,2.000000
118,4,point_plan,303,250.197694,239.674271,272.248958,21,3312.000000,3.000000,4.000000,0.000000
118,5,point_plan,262,219.266033,205.308118,241.320519,18,2880.000000,0.000000,4.000000,2.000000
118,6,point_plan,225,190.078079,165.699948,207.201474,16,2460.000000,0.000000,3.000000,3.000000
118,0,stochastic_plan,200,192.874159,181.348081,209.082388,16,2100.000000,0.000000,1.000000,4.000000
118,1,stochastic_plan,250,216.304338,203.529888,236.826605,18,2700.000000,0.000000,3.000000,2.000000
118,2,stochastic_plan,261,230.526681,221.676921,253.526733,19,2820.000000,0.000000,3.000000,3.000000
118,3,stochastic_plan,262,242.932481,231.718408,260.856825,20,2760.000000,0.000000,2.000000,2.000000
118,4,stochastic_plan,303,250.197694,239.674271,272.248958,21,3312.000000,3.000000,4.000000,0.000000
118,5,stochastic_plan,262,219.266033,205.308118,241.320519,18,2880.000000,0.000000,4.000000,2.000000
118,6,stochastic_plan,225,190.078079,165.699948,207.201474,15,2520.000000,0.000000,4.000000,3.000000
118,0,perfect_information,200,192.874159,181.348081,209.082388,17,2040.000000,0.000000,0.000000,4.000000
118,1,perfect_information,250,216.304338,203.529888,236.826605,21,2520.000000,0.000000,0.000000,2.000000
118,2,perfect_information,261,230.526681,221.676921,253.526733,22,2640.000000,0.000000,0.000000,3.000000
118,3,perfect_information,262,242.932481,231.718408,260.856825,22,2640.000000,0.000000,0.000000,2.000000
118,4,perfect_information,303,250.197694,239.674271,272.248958,21,3312.000000,3.000000,4.000000,0.000000
118,5,perfect_information,262,219.266033,205.308118,241.320519,18,2880.000000,0.000000,4.000000,2.000000
118,6,perfect_information,225,190.078079,165.699948,207.201474,14,2580.000000,0.000000,5.000000,3.000000
119,0,buffer_rule,212,202.105097,190.579018,218.313325,14,2400.000000,0.000000,4.000000,4.000000
119,1,buffer_rule,230,232.047706,219.471604,256.357209,18,2388.000000,2.000000,1.000000,0.000000
119,2,buffer_rule,244,245.865387,237.015627,270.971121,21,2520.000000,0.000000,0.000000,8.000000
119,3,buffer_rule,249,254.564901,243.350828,273.522217,21,2520.000000,0.000000,0.000000,3.000000
119,4,buffer_rule,260,271.402826,260.879402,294.851310,24,2880.000000,0.000000,0.000000,28.000000
119,5,buffer_rule,229,237.097548,225.506579,262.183842,20,2400.000000,0.000000,0.000000,11.000000
119,6,buffer_rule,205,207.044918,182.666786,225.028702,17,2064.000000,1.000000,0.000000,0.000000
119,0,point_plan,212,202.105097,190.579018,218.313325,17,2220.000000,0.000000,1.000000,4.000000
119,1,point_plan,230,232.047706,219.471604,256.357209,19,2328.000000,2.000000,0.000000,0.000000
119,2,point_plan,244,245.865387,237.015627,270.971121,20,2496.000000,4.000000,0.000000,0.000000
119,3,point_plan,249,254.564901,243.350828,273.522217,21,2520.000000,0.000000,0.000000,3.000000
119,4,point_plan,260,271.402826,260.879402,294.851310,22,2640.000000,0.000000,0.000000,4.000000
119,5,point_plan,229,237.097548,225.506579,262.183842,20,2400.000000,0.000000,0.000000,11.000000
119,6,point_plan,205,207.044918,182.666786,225.028702,16,2124.000000,1.000000,1.000000,0.000000
119,0,stochastic_plan,212,202.105097,190.579018,218.313325,17,2220.000000,0.000000,1.000000,4.000000
119,1,stochastic_plan,230,232.047706,219.471604,256.357209,19,2328.000000,2.000000,0.000000,0.000000
119,2,stochastic_plan,244,245.865387,237.015627,270.971121,20,2496.000000,4.000000,0.000000,0.000000
119,3,stochastic_plan,249,254.564901,243.350828,273.522217,21,2520.000000,0.000000,0.000000,3.000000
119,4,stochastic_plan,260,271.402826,260.879402,294.851310,22,2640.000000,0.000000,0.000000,4.000000
119,5,stochastic_plan,229,237.097548,225.506579,262.183842,19,2304.000000,1.000000,0.000000,0.000000
119,6,stochastic_plan,205,207.044918,182.666786,225.028702,17,2064.000000,1.000000,0.000000,0.000000
119,0,perfect_information,212,202.105097,190.579018,218.313325,18,2160.000000,0.000000,0.000000,4.000000
119,1,perfect_information,230,232.047706,219.471604,256.357209,19,2328.000000,2.000000,0.000000,0.000000
119,2,perfect_information,244,245.865387,237.015627,270.971121,20,2496.000000,4.000000,0.000000,0.000000
119,3,perfect_information,249,254.564901,243.350828,273.522217,21,2520.000000,0.000000,0.000000,3.000000
119,4,perfect_information,260,271.402826,260.879402,294.851310,22,2640.000000,0.000000,0.000000,4.000000
119,5,perfect_information,229,237.097548,225.506579,262.183842,19,2304.000000,1.000000,0.000000,0.000000
119,6,perfect_information,205,207.044918,182.666786,225.028702,16,2124.000000,1.000000,1.000000,0.000000
120,0,buffer_rule,226,199.374083,187.848004,215.582311,18,2340.000000,0.000000,1.000000,2.000000
120,1,buffer_rule,239,222.601573,210.025470,246.911075,19,2460.000000,0.000000,1.000000,1.000000
120,2,buffer_rule,260,237.293531,228.443771,262.399265,21,2700.000000,0.000000,1.000000,4.000000
120,3,buffer_rule,259,246.507380,235.293307,265.464696,21,2688.000000,7.000000,0.000000,0.000000
120,4,buffer_rule,272,257.182680,245.873185,280.631165,22,2820.000000,0.000000,1.000000,4.000000
120,5,buffer_rule,235,225.142119,213.551150,250.228414,18,2508.000000,7.000000,1.000000,0.000000
120,6,buffer_rule,223,197.366870,172.988739,214.490265,16,2448.000000,7.000000,2.000000,0.000000
120,0,point_plan,226,199.374083,187.848004,215.582311,17,2400.000000,0.000000,2.000000,2.000000
120,1,point_plan,239,222.601573,210.025470,246.911075,19,2460.000000,0.000000,1.000000,1.000000
120,2,point_plan,260,237.293531,228.443771,262.399265,20,2760.000000,0.000000,2.000000,4.000000
120,3,point_plan,259,246.507380,235.293307,265.464696,21,2688.000000,7.000000,0.000000,0.000000
120,4,point_plan,272,257.182680,245.873185,280.631165,22,2820.000000,0.000000,1.000000,4.000000
120,5,point_plan,235,225.142119,213.551150,250.228414,19,2448.000000,7.000000,0.000000,0.000000
120,6,point_plan,223,197.366870,172.988739,214.490265,17,2388.000000,7.000000,1.000000,0.000000
120,0,stochastic_plan,226,199.374083,187.848004,215.582311,17,2400.000000,0.000000,2.000000,2.000000
120,1,stochastic_plan,239,222.601573,210.025470,246.911075,19,2460.000000,0.000000,1.000000,1.000000
120,2,stochastic_plan,260,237.293531,228.443771,262.399265,20,2760.000000,0.000000,2.000000,4.000000
120,3,stochastic_plan,259,246.507380,235.293307,265.464696,21,2688.000000,7.000000,0.000000,0.000000
120,4,stochastic_plan,272,257.182680,245.873185,280.631165,21,2880.000000,0.000000,2.000000,4.000000
120,5,stochastic_plan,235,225.142119,213.551150,250.228414,19,2448.000000,7.000000,0.000000,0.000000
120,6,stochastic_plan,223,197.366870,172.988739,214.490265,16,2448.000000,7.000000,2.000000,0.000000
120,0,perfect_information,226,199.374083,187.848004,215.582311,19,2280.000000,0.000000,0.000000,2.000000
120,1,perfect_information,239,222.601573,210.025470,246.911075,20,2400.000000,0.000000,0.000000,1.000000
120,2,perfect_information,260,237.293531,228.443771,262.399265,22,2640.000000,0.000000,0.000000,4.000000
120,3,perfect_information,259,246.507380,235.293307,265.464696,21,2688.000000,7.000000,0.000000,0.000000
120,4,perfect_information,272,257.182680,245.873185,280.631165,21,2880.000000,0.000000,2.000000,4.000000
120,5,perfect_information,235,225.142119,213.551150,250.228414,18,2508.000000,7.000000,1.000000,0.000000
120,6,perfect_information,223,197.366870,172.988739,214.490265,14,2568.000000,7.000000,4.000000,0.000000
121,0,buffer_rule,186,206.891641,195.365562,224.656341,18,2160.000000,0.000000,0.000000,30.000000
121,1,buffer_rule,242,229.040059,217.575840,253.349562,19,2508.000000,2.000000,1.000000,0.000000
121,2,buffer_rule,234,244.800882,235.951122,269.906616,21,2520.000000,0.000000,0.000000,18.000000
121,3,buffer_rule,248,252.065858,240.851786,271.023175,20,2580.000000,0.000000,1.000000,4.000000
121,4,buffer_rule,255,263.498486,252.188991,286.946971,22,2640.000000,0.000000,0.000000,9.000000
121,5,buffer_rule,239,230.209427,218.618458,255.295721,18,2520.000000,0.000000,2.000000,1.000000
121,6,buffer_rule,202,205.440829,181.062697,223.424613,17,2040.000000,0.000000,0.000000,2.000000
121,0,point_plan,186,206.891641,195.365562,224.656341,17,2040.000000,0.000000,0.000000,18.000000
121,1,point_plan,242,229.040059,217.575840,253.349562,19,2508.000000,2.000000,1.000000,0.000000
121,2,point_plan,234,244.800882,235.951122,269.906616,20,2400.000000,0.000000,0.000000,6.000000
121,3,point_plan,248,252.065858,240.851786,271.023175,21,2520.000000,0.000000,0.000000,4.000000
121,4,point_plan,255,263.498486,252.188991,286.946971,22,2640.000000,0.000000,0.000000,9.000000
121,5,point_plan,239,230.209427,218.618458,255.295721,19,2460.000000,0.000000,1.000000,1.000000
121,6,point_plan,202,205.440829,181.062697,223.424613,17,2040.000000,0.000000,0.000000,2.000000
121,0,stochastic_plan,186,206.891641,195.365562,224.656341,17,2040.000000,0.000000,0.000000,18.000000
121,1,stochastic_plan,242,229.040059,217.575840,253.349562,19,2508.000000,2.000000,1.000000,0.000000
121,2,stochastic_plan,234,244.800882,235.951122,269.906616,20,2400.000000,0.000000,0.000000,6.000000
121,3,stochastic_plan,248,252.065858,240.851786,271.023175,21,2520.000000,0.000000,0.000000,4.000000
121,4,stochastic_plan,255,263.498486,252.188991,286.946971,22,2640.000000,0.000000,0.000000,9.000000
121,5,stochastic_plan,239,230.209427,218.618458,255.295721,19,2460.000000,0.000000,1.000000,1.000000
121,6,stochastic_plan,202,205.440829,181.062697,223.424613,17,2040.000000,0.000000,0.000000,2.000000
121,0,perfect_information,186,206.891641,195.365562,224.656341,16,1920.000000,0.000000,0.000000,6.000000
121,1,perfect_information,242,229.040059,217.575840,253.349562,20,2448.000000,2.000000,0.000000,0.000000
121,2,perfect_information,234,244.800882,235.951122,269.906616,20,2400.000000,0.000000,0.000000,6.000000
121,3,perfect_information,248,252.065858,240.851786,271.023175,21,2520.000000,0.000000,0.000000,4.000000
121,4,perfect_information,255,263.498486,252.188991,286.946971,21,2592.000000,3.000000,0.000000,0.000000
121,5,perfect_information,239,230.209427,218.618458,255.295721,20,2400.000000,0.000000,0.000000,1.000000
121,6,perfect_information,202,205.440829,181.062697,223.424613,17,2040.000000,0.000000,0.000000,2.000000
122,0,buffer_rule,193,193.699276,180.601338,211.463976,16,1944.000000,1.000000,0.000000,0.000000
122,1,buffer_rule,229,225.495216,214.030996,249.804718,20,2400.000000,0.000000,0.000000,11.000000
122,2,buffer_rule,239,234.871828,225.050728,259.977562,20,2400.000000,0.000000,0.000000,1.000000
122,3,buffer_rule,236,244.903553,233.689480,263.860869,21,2520.000000,0.000000,0.000000,16.000000
122,4,buffer_rule,237,255.273611,243.983833,278.722096,22,2640.000000,0.000000,0.000000,27.000000
122,5,buffer_rule,208,226.749542,215.203293,251.835837,20,2400.000000,0.000000,0.000000,32.000000
122,6,buffer_rule,182,196.820293,173.123611,214.804077,16,1920.000000,0.000000,0.000000,10.000000
122,0,point_plan,193,193.699276,180.601338,211.463976,16,1944.000000,1.000000,0.000000,0.000000
122,1,point_plan,229,225.495216,214.030996,249.804718,19,2304.000000,1.000000,0.000000,0.000000
122,2,point_plan,239,234.871828,225.050728,259.977562,20,2400.000000,0.000000,0.000000,1.000000
122,3,point_plan,236,244.903553,233.689480,263.860869,20,2400.000000,0.000000,0.000000,4.000000
122,4,point_plan,237,255.273611,243.983833,278.722096,21,2520.000000,0.000000,0.000000,15.000000
122,5,point_plan,208,226.749542,215.203293,251.835837,19,2280.000000,0.000000,0.000000,20.000000
122,6,point_plan,182,196.820293,173.123611,214.804077,16,1920.000000,0.000000,0.000000,10.000000
122,0,stochastic_plan,193,193.699276,180.601338,211.463976,16,1944.000000,1.000000,0.000000,0.000000
122,1,stochastic_plan,229,225.495216,214.030996,249.804718,19,2304.000000,1.000000,0.000000,0.000000
122,2,stochastic_plan,239,234.871828,225.050728,259.977562,20,2400.000000,0.000000,0.000000,1.000000
122,3,stochastic_plan,236,244.903553,233.689480,263.860869,21,2520.000000,0.000000,0.000000,16.000000
122,4,stochastic_plan,237,255.273611,243.983833,278.722096,21,2520.000000,0.000000,0.000000,15.000000
122,5,stochastic_plan,208,226.749542,215.203293,251.835837,19,2280.000000,0.000000,0.000000,20.000000
122,6,stochastic_plan,182,196.820293,173.123611,214.804077,16,1920.000000,0.000000,0.000000,10.000000
122,0,perfect_information,193,193.699276,180.601338,211.463976,16,1944.000000,1.000000,0.000000,0.000000
122,1,perfect_information,229,225.495216,214.030996,249.804718,19,2304.000000,1.000000,0.000000,0.000000
122,2,perfect_information,239,234.871828,225.050728,259.977562,20,2400.000000,0.000000,0.000000,1.000000
122,3,perfect_information,236,244.903553,233.689480,263.860869,20,2400.000000,0.000000,0.000000,4.000000
122,4,perfect_information,237,255.273611,243.983833,278.722096,20,2400.000000,0.000000,0.000000,3.000000
122,5,perfect_information,208,226.749542,215.203293,251.835837,17,2136.000000,4.000000,0.000000,0.000000
122,6,perfect_information,182,196.820293,173.123611,214.804077,15,1848.000000,2.000000,0.000000,0.000000
123,0,buffer_rule,170,190.652173,177.554235,208.416873,18,2160.000000,0.000000,0.000000,46.000000
123,1,buffer_rule,190,218.293335,206.829116,242.602837,20,2400.000000,0.000000,0.000000,50.000000
123,2,buffer_rule,220,231.155679,221.334579,256.261413,21,2520.000000,0.000000,0.000000,32.000000
123,3,buffer_rule,231,237.718000,226.503927,256.675316,21,2520.000000,0.000000,0.000000,21.000000
123,4,buffer_rule,216,245.572204,232.219240,269.020688,21,2520.000000,0.000000,0.000000,36.000000
123,5,buffer_rule,207,214.880636,196.833081,239.966930,18,2160.000000,0.000000,0.000000,9.000000
123,6,buffer_rule,171,187.441796,163.745114,205.425580,16,1920.000000,0.000000,0.000000,21.000000
123,0,point_plan,170,190.652173,177.554235,208.416873,16,1920.000000,0.000000,0.000000,22.000000
123,1,point_plan,190,218.293335,206.829116,242.602837,18,2160.000000,0.000000,0.000000,26.000000
123,2,point_plan,220,231.155679,221.334579,256.261413,19,2280.000000,0.000000,0.000000,8.000000
123,3,point_plan,231,237.718000,226.503927,256.675316,20,2400.000000,0.000000,0.000000,9.000000
123,4,point_plan,216,245.572204,232.219240,269.020688,21,2520.000000,0.000000,0.000000,36.000000
123,5,point_plan,207,214.880636,196.833081,239.966930,18,2160.000000,0.000000,0.000000,9.000000
123,6,point_plan,171,187.441796,163.745114,205.425580,16,1920.000000,0.000000,0.000000,21.000000
123,0,stochastic_plan,170,190.652173,177.554235,208.416873,16,1920.000000,0.000000,0.000000,22.000000
123,1,stochastic_plan,190,218.293335,206.829116,242.602837,18,2160.000000,0.000000,0.000000,26.000000
123,2,stochastic_plan,220,231.155679,221.334579,256.261413,19,2280.000000,0.000000,0.000000,8.000000
123,3,stochastic_plan,231,237.718000,226.503927,256.675316,20,2400.000000,0.000000,0.000000,9.000000
123,4,stochastic_plan,216,245.572204,232.219240,269.020688,20,2400.000000,0.000000,0.000000,24.000000
123,5,stochastic_plan,207,214.880636,196.833081,239.966930,18,2160.000000,0.000000,0.000000,9.000000
123,6,stochastic_plan,171,187.441796,163.745114,205.425580,15,1800.000000,0.000000,0.000000,9.000000
123,0,perfect_information,170,190.652173,177.554235,208.416873,14,1728.000000,2.000000,0.000000,0.000000
123,1,perfect_information,190,218.293335,206.829116,242.602837,16,1920.000000,0.000000,0.000000,2.000000
123,2,perfect_information,220,231.155679,221.334579,256.261413,18,2256.000000,4.000000,0.000000,0.000000
123,3,perfect_information,231,237.718000,226.503927,256.675316,19,2352.000000,3.000000,0.000000,0.000000
123,4,perfect_information,216,245.572204,232.219240,269.020688,18,2160.000000,0.000000,0.000000,0.000000
123,5,perfect_information,207,214.880636,196.833081,239.966930,17,2112.000000,3.000000,0.000000,0.000000
123,6,perfect_information,171,187.441796,163.745114,205.425580,14,1752.000000,3.000000,0.000000,0.000000
124,0,buffer_rule,168,178.896043,162.976764,196.660743,16,1920.000000,0.000000,0.000000,24.000000
124,1,buffer_rule,177,203.016930,190.440828,227.326433,18,2160.000000,0.000000,0.000000,39.000000
124,2,buffer_rule,216,220.473696,210.553259,245.579430,21,2520.000000,0.000000,0.000000,36.000000
124,3,buffer_rule,229,230.092272,218.878199,249.049588,23,2760.000000,0.000000,0.000000,47.000000
124,4,buffer_rule,233,233.938453,219.646741,257.386938,21,2520.000000,0.000000,0.000000,19.000000
124,5,buffer_rule,212,207.984970,189.937415,233.071264,20,2400.000000,0.000000,0.000000,28.000000
124,6,buffer_rule,158,178.059272,154.362590,196.043056,16,1920.000000,0.000000,0.000000,34.000000
124,0,point_plan,168,178.896043,162.976764,196.660743,15,1800.000000,0.000000,0.000000,12.000000
124,1,point_plan,177,203.016930,190.440828,227.326433,17,2040.000000,0.000000,0.000000,27.000000
124,2,point_plan,216,220.473696,210.553259,245.579430,18,2160.000000,0.000000,0.000000,0.000000
124,3,point_plan,229,230.092272,218.878199,249.049588,19,2304.000000,1.000000,0.000000,0.000000
124,4,point_plan,233,233.938453,219.646741,257.386938,20,2400.000000,0.000000,0.000000,7.000000
124,5,point_plan,212,207.984970,189.937415,233.071264,17,2220.000000,0.000000,1.000000,4.000000
124,6,point_plan,158,178.059272,154.362590,196.043056,15,1800.000000,0.000000,0.000000,22.000000
124,0,stochastic_plan,168,178.896043,162.976764,196.660743,15,1800.000000,0.000000,0.000000,12.000000
124,1,stochastic_plan,177,203.016930,190.440828,227.326433,17,2040.000000,0.000000,0.000000,27.000000
124,2,stochastic_plan,216,220.473696,210.553259,245.579430,18,2160.000000,0.000000,0.000000,0.000000
124,3,stochastic_plan,229,230.092272,218.878199,249.049588,19,2304.000000,1.000000,0.000000,0.000000
124,4,stochastic_plan,233,233.938453,219.646741,257.386938,19,2400.000000,5.000000,0.000000,0.000000
124,5,stochastic_plan,212,207.984970,189.937415,233.071264,17,2220.000000,0.000000,1.000000,4.000000
124,6,stochastic_plan,158,178.059272,154.362590,196.043056,14,1680.000000,0.000000,0.000000,10.000000
124,0,perfect_information,168,178.896043,162.976764,196.660743,14,1680.000000,0.000000,0.000000,0.000000
124,1,perfect_information,177,203.016930,190.440828,227.326433,15,1800.000000,0.000000,0.000000,3.000000
124,2,perfect_information,216,220.473696,210.553259,245.579430,18,2160.000000,0.000000,0.000000,0.000000
124,3,perfect_information,229,230.092272,218.878199,249.049588,19,2304.000000,1.000000,0.000000,0.000000
124,4,perfect_information,233,233.938453,219.646741,257.386938,19,2400.000000,5.000000,0.000000,0.000000
124,5,perfect_information,212,207.984970,189.937415,233.071264,17,2220.000000,0.000000,1.000000,4.000000
124,6,perfect_information,158,178.059272,154.362590,196.043056,13,1608.000000,2.000000,0.000000,0.000000
125,0,buffer_rule,144,175.448088,159.528808,193.212787,16,1920.000000,0.000000,0.000000,48.000000
125,1,buffer_rule,193,196.824799,184.050349,221.029072,17,2040.000000,0.000000,0.000000,11.000000
125,2,buffer_rule,201,216.817603,206.897166,241.923337,21,2520.000000,0.000000,0.000000,51.000000
125,3,buffer_rule,206,227.260927,216.046854,246.218243,22,2640.000000,0.000000,0.000000,58.000000
125,4,buffer_rule,206,234.861163,220.569450,258.309648,23,2760.000000,0.000000,0.000000,70.000000
125,5,buffer_rule,179,206.772037,188.724482,228.826523,20,2400.000000,0.000000,0.000000,61.000000
125,6,buffer_rule,144,172.167553,148.470872,190.151338,16,1920.000000,0.000000,0.000000,48.000000
125,0,point_plan,144,175.448088,159.528808,193.212787,15,1800.000000,0.000000,0.000000,36.000000
125,1,point_plan,193,196.824799,184.050349,221.029072,16,1944.000000,1.000000,0.000000,0.000000
125,2,point_plan,201,216.817603,206.897166,241.923337,18,2160.000000,0.000000,0.000000,15.000000
125,3,point_plan,206,227.260927,216.046854,246.218243,19,2280.000000,0.000000,0.000000,22.000000
125,4,point_plan,206,234.861163,220.569450,258.309648,20,2400.000000,0.000000,0.000000,34.000000
125,5,point_plan,179,206.772037,188.724482,228.826523,17,2040.000000,0.000000,0.000000,25.000000
125,6,point_plan,144,172.167553,148.470872,190.151338,14,1680.000000,0.000000,0.000000,24.000000
125,0,stochastic_plan,144,175.448088,159.528808,193.212787,15,1800.000000,0.000000,0.000000,36.000000
125,1,stochastic_plan,193,196.824799,184.050349,221.029072,16,1944.000000,1.000000,0.000000,0.000000
125,2,stochastic_plan,201,216.817603,206.897166,241.923337,18,2160.000000,0.000000,0.000000,15.000000
125,3,stochastic_plan,206,227.260927,216.046854,246.218243,19,2280.000000,0.000000,0.000000,22.000000
125,4,stochastic_plan,206,234.861163,220.569450,258.309648,19,2280.000000,0.000000,0.000000,22.000000
125,5,stochastic_plan,179,206.772037,188.724482,228.826523,17,2040.000000,0.000000,0.000000,25.000000
125,6,stochastic_plan,144,172.167553,148.470872,190.151338,14,1680.000000,0.000000,0.000000,24.000000
125,0,perfect_information,144,175.448088,159.528808,193.212787,12,1440.000000,0.000000,0.000000,0.000000
125,1,perfect_information,193,196.824799,184.050349,221.029072,16,1944.000000,1.000000,0.000000,0.000000
125,2,perfect_information,201,216.817603,206.897166,241.923337,17,2040.000000,0.000000,0.000000,3.000000
125,3,perfect_information,206,227.260927,216.046854,246.218243,17,2088.000000,2.000000,0.000000,0.000000
125,4,perfect_information,206,234.861163,220.569450,258.309648,17,2088.000000,2.000000,0.000000,0.000000
125,5,perfect_information,179,206.772037,188.724482,228.826523,15,1800.000000,0.000000,0.000000,1.000000
125,6,perfect_information,144,172.167553,148.470872,190.151338,12,1440.000000,0.000000,0.000000,0.000000
126,0,buffer_rule,168,162.928993,144.882043,180.693693,15,1800.000000,0.000000,0.000000,12.000000
126,1,buffer_rule,193,192.680083,179.905633,216.884357,19,2280.000000,0.000000,0.000000,35.000000
126,2,buffer_rule,202,206.609332,195.896459,231.715066,21,2520.000000,0.000000,0.000000,50.000000
126,3,buffer_rule,210,215.022963,200.997016,233.980279,21,2520.000000,0.000000,0.000000,42.000000
126,4,buffer_rule,224,221.513903,206.611970,244.962388,21,2520.000000,0.000000,0.000000,28.000000
126,5,buffer_rule,189,192.125284,174.077729,214.179770,18,2160.000000,0.000000,0.000000,27.000000
126,6,buffer_rule,166,161.543922,137.165791,179.527707,15,1800.000000,0.000000,0.000000,14.000000
126,0,point_plan,168,162.928993,144.882043,180.693693,14,1680.000000,0.000000,0.000000,0.000000
126,1,point_plan,193,192.680083,179.905633,216.884357,16,1944.000000,1.000000,0.000000,0.000000
126,2,point_plan,202,206.609332,195.896459,231.715066,17,2040.000000,0.000000,0.000000,2.000000
126,3,point_plan,210,215.022963,200.997016,233.980279,18,2160.000000,0.000000,0.000000,6.000000
126,4,point_plan,224,221.513903,206.611970,244.962388,19,2280.000000,0.000000,0.000000,4.000000
126,5,point_plan,189,192.125284,174.077729,214.179770,16,1920.000000,0.000000,0.000000,3.000000
126,6,point_plan,166,161.543922,137.165791,179.527707,14,1680.000000,0.000000,0.000000,2.000000
126,0,stochastic_plan,168,162.928993,144.882043,180.693693,14,1680.000000,0.000000,0.000000,0.000000
126,1,stochastic_plan,193,192.680083,179.905633,216.884357,16,1944.000000,1.000000,0.000000,0.000000
126,2,stochastic_plan,202,206.609332,195.896459,231.715066,17,2040.000000,0.000000,0.000000,2.000000
126,3,stochastic_plan,210,215.022963,200.997016,233.980279,18,2160.000000,0.000000,0.000000,6.000000
126,4,stochastic_plan,224,221.513903,206.611970,244.962388,18,2340.000000,0.000000,1.000000,4.000000
126,5,stochastic_plan,189,192.125284,174.077729,214.179770,16,1920.000000,0.000000,0.000000,3.000000
126,6,stochastic_plan,166,161.543922,137.165791,179.527707,13,1740.000000,0.000000,1.000000,2.000000
126,0,perfect_information,168,162.928993,144.882043,180.693693,14,1680.000000,0.000000,0.000000,0.000000
126,1,perfect_information,193,192.680083,179.905633,216.884357,16,1944.000000,1.000000,0.000000,0.000000
126,2,perfect_information,202,206.609332,195.896459,231.715066,17,2040.000000,0.000000,0.000000,2.000000
126,3,perfect_information,210,215.022963,200.997016,233.980279,18,2160.000000,0.000000,0.000000,6.000000
126,4,perfect_information,224,221.513903,206.611970,244.962388,19,2280.000000,0.000000,0.000000,4.000000
126,5,perfect_information,189,192.125284,174.077729,214.179770,16,1920.000000,0.000000,0.000000,3.000000
126,6,perfect_information,166,161.543922,137.165791,179.527707,14,1680.000000,0.000000,0.000000,2.000000
127,0,buffer_rule,152,169.640240,151.593290,187.404940,17,2040.000000,0.000000,0.000000,52.000000
127,1,buffer_rule,173,194.299137,181.524687,218.503411,20,2400.000000,0.000000,0.000000,67.000000
127,2,buffer_rule,189,208.344698,197.631825,233.450432,21,2520.000000,0.000000,0.000000,63.000000
127,3,buffer_rule,215,217.386770,203.360823,236.344086,21,2520.000000,0.000000,0.000000,37.000000
127,4,buffer_rule,211,227.214280,212.312346,250.662764,22,2640.000000,0.000000,0.000000,53.000000
127,5,buffer_rule,182,195.968040,184.421791,218.022526,18,2160.000000,0.000000,0.000000,34.000000
127,6,buffer_rule,138,167.999566,143.621435,185.983351,16,1920.000000,0.000000,0.000000,54.000000
127,0,point_plan,152,169.640240,151.593290,187.404940,14,1680.000000,0.000000,0.000000,16.000000
127,1,point_plan,173,194.299137,181.524687,218.503411,16,1920.000000,0.000000,0.000000,19.000000
127,2,point_plan,189,208.344698,197.631825,233.450432,17,2040.000000,0.000000,0.000000,15.000000
127,3,point_plan,215,217.386770,203.360823,236.344086,18,2160.000000,0.000000,0.000000,1.000000
127,4,point_plan,211,227.214280,212.312346,250.662764,19,2280.000000,0.000000,0.000000,17.000000
127,5,point_plan,182,195.968040,184.421791,218.022526,16,1920.000000,0.000000,0.000000,10.000000
127,6,point_plan,138,167.999566,143.621435,185.983351,14,1680.000000,0.000000,0.000000,30.000000
127,0,stochastic_plan,152,169.640240,151.593290,187.404940,14,1680.000000,0.000000,0.000000,16.000000
127,1,stochastic_plan,173,194.299137,181.524687,218.503411,16,1920.000000,0.000000,0.000000,19.000000
127,2,stochastic_plan,189,208.344698,197.631825,233.450432,17,2040.000000,0.000000,0.000000,15.000000
127,3,stochastic_plan,215,217.386770,203.360823,236.344086,18,2160.000000,0.000000,0.000000,1.000000
127,4,stochastic_plan,211,227.214280,212.312346,250.662764,19,2280.000000,0.000000,0.000000,17.000000
127,5,stochastic_plan,182,195.968040,184.421791,218.022526,16,1920.000000,0.000000,0.000000,10.000000
127,6,stochastic_plan,138,167.999566,143.621435,185.983351,13,1560.000000,0.000000,0.000000,18.000000
127,0,perfect_information,152,169.640240,151.593290,187.404940,13,1560.000000,0.000000,0.000000,4.000000
127,1,perfect_information,173,194.299137,181.524687,218.503411,14,1800.000000,5.000000,0.000000,0.000000
127,2,perfect_information,189,208.344698,197.631825,233.450432,16,1920.000000,0.000000,0.000000,3.000000
127,3,perfect_information,215,217.386770,203.360823,236.344086,18,2160.000000,0.000000,0.000000,1.000000
127,4,perfect_information,211,227.214280,212.312346,250.662764,18,2160.000000,0.000000,0.000000,5.000000
127,5,perfect_information,182,195.968040,184.421791,218.022526,15,1848.000000,2.000000,0.000000,0.000000
127,6,perfect_information,138,167.999566,143.621435,185.983351,12,1440.000000,0.000000,0.000000,6.000000
128,0,buffer_rule,154,159.563106,141.373671,177.327806,16,1920.000000,0.000000,0.000000,38.000000
128,1,buffer_rule,188,183.614217,167.778972,207.818490,18,2160.000000,0.000000,0.000000,28.000000
128,2,buffer_rule,184,198.778399,187.764868,223.884133,19,2280.000000,0.000000,0.000000,44.000000
128,3,buffer_rule,212,211.913563,197.887617,230.870879,22,2640.000000,0.000000,0.000000,52.000000
128,4,buffer_rule,232,218.020131,201.931197,241.468615,22,2640.000000,0.000000,0.000000,32.000000
128,5,buffer_rule,187,187.917787,174.173584,209.972273,18,2160.000000,0.000000,0.000000,29.000000
128,6,buffer_rule,146,155.134463,127.340964,173.118247,14,1680.000000,0.000000,0.000000,22.000000
128,0,point_plan,154,159.563106,141.373671,177.327806,13,1560.000000,0.000000,0.000000,2.000000
128,1,point_plan,188,183.614217,167.778972,207.818490,15,1980.000000,0.000000,1.000000,4.000000
128,2,point_plan,184,198.778399,187.764868,223.884133,17,2040.000000,0.000000,0.000000,20.000000
128,3,point_plan,212,211.913563,197.887617,230.870879,18,2160.000000,0.000000,0.000000,4.000000
128,4,point_plan,232,218.020131,201.931197,241.468615,18,2436.000000,4.000000,1.000000,0.000000
128,5,point_plan,187,187.917787,174.173584,209.972273,16,1920.000000,0.000000,0.000000,5.000000
128,6,point_plan,146,155.134463,127.340964,173.118247,13,1560.000000,0.000000,0.000000,10.000000
128,0,stochastic_plan,154,159.563106,141.373671,177.327806,13,1560.000000,0.000000,0.000000,2.000000
128,1,stochastic_plan,188,183.614217,167.778972,207.818490,15,1980.000000,0.000000,1.000000,4.000000
128,2,stochastic_plan,184,198.778399,187.764868,223.884133,16,1920.000000,0.000000,0.000000,8.000000
128,3,stochastic_plan,212,211.913563,197.887617,230.870879,18,2160.000000,0.000000,0.000000,4.000000
128,4,stochastic_plan,232,218.020131,201.931197,241.468615,18,2436.000000,4.000000,1.000000,0.000000
128,5,stochastic_plan,187,187.917787,174.173584,209.972273,16,1920.000000,0.000000,0.000000,5.000000
128,6,stochastic_plan,146,155.134463,127.340964,173.118247,12,1488.000000,2.000000,0.000000,0.000000
128,0,perfect_information,154,159.563106,141.373671,177.327806,13,1560.000000,0.000000,0.000000,2.000000
128,1,perfect_information,188,183.614217,167.778972,207.818490,16,1920.000000,0.000000,0.000000,4.000000
128,2,perfect_information,184,198.778399,187.764868,223.884133,15,1896.000000,4.000000,0.000000,0.000000
128,3,perfect_information,212,211.913563,197.887617,230.870879,18,2160.000000,0.000000,0.000000,4.000000
128,4,perfect_information,232,218.020131,201.931197,241.468615,19,2376.000000,4.000000,0.000000,0.000000
128,5,perfect_information,187,187.917787,174.173584,209.972273,16,1920.000000,0.000000,0.000000,5.000000
128,6,perfect_information,146,155.134463,127.340964,173.118247,12,1488.000000,2.000000,0.000000,0.000000
129,0,buffer_rule,193,160.976128,142.786693,178.740828,16,1944.000000,1.000000,0.000000,0.000000
129,1,buffer_rule,188,187.902568,172.067323,212.106841,19,2280.000000,0.000000,0.000000,40.000000
129,2,buffer_rule,222,197.951640,186.807813,223.057374,19,2280.000000,0.000000,0.000000,6.000000
129,3,buffer_rule,239,212.120565,198.094619,231.077882,22,2640.000000,0.000000,0.000000,25.000000
129,4,buffer_rule,242,223.794615,207.705681,247.243099,23,2760.000000,0.000000,0.000000,34.000000
129,5,buffer_rule,213,189.729521,175.985318,211.784007,19,2280.000000,0.000000,0.000000,15.000000
129,6,buffer_rule,163,157.698025,129.904526,175.681809,15,1800.000000,0.000000,0.000000,17.000000
129,0,point_plan,193,160.976128,142.786693,178.740828,13,2124.000000,1.000000,3.000000,0.000000
129,1,point_plan,188,187.902568,172.067323,212.106841,16,1920.000000,0.000000,0.000000,4.000000
129,2,point_plan,222,197.951640,186.807813,223.057374,17,2364.000000,6.000000,1.000000,0.000000
129,3,point_plan,239,212.120565,198.094619,231.077882,18,2520.000000,0.000000,2.000000,1.000000
129,4,point_plan,242,223.794615,207.705681,247.243099,19,2508.000000,2.000000,1.000000,0.000000
129,5,point_plan,213,189.729521,175.985318,211.784007,16,2280.000000,0.000000,2.000000,3.000000
129,6,point_plan,163,157.698025,129.904526,175.681809,13,1728.000000,7.000000,0.000000,0.000000
129,0,stochastic_plan,193,160.976128,142.786693,178.740828,13,2124.000000,1.000000,3.000000,0.000000
129,1,stochastic_plan,188,187.902568,172.067323,212.106841,16,1920.000000,0.000000,0.000000,4.000000
129,2,stochastic_plan,222,197.951640,186.807813,223.057374,16,2424.000000,6.000000,2.000000,0.000000
129,3,stochastic_plan,239,212.120565,198.094619,231.077882,18,2520.000000,0.000000,2.000000,1.000000
129,4,stochastic_plan,242,223.794615,207.705681,247.243099,18,2568.000000,2.000000,2.000000,0.000000
129,5,stochastic_plan,213,189.729521,175.985318,211.784007,16,2280.000000,0.000000,2.000000,3.000000
129,6,stochastic_plan,163,157.698025,129.904526,175.681809,13,1728.000000,7.000000,0.000000,0.000000
129,0,perfect_information,193,160.976128,142.786693,178.740828,16,1944.000000,1.000000,0.000000,0.000000
129,1,perfect_information,188,187.902568,172.067323,212.106841,16,1920.000000,0.000000,0.000000,4.000000
129,2,perfect_information,222,197.951640,186.807813,223.057374,19,2280.000000,0.000000,0.000000,6.000000
129,3,perfect_information,239,212.120565,198.094619,231.077882,20,2400.000000,0.000000,0.000000,1.000000
129,4,perfect_information,242,223.794615,207.705681,247.243099,20,2448.000000,2.000000,0.000000,0.000000
129,5,perfect_information,213,189.729521,175.985318,211.784007,18,2160.000000,0.000000,0.000000,3.000000
129,6,perfect_information,163,157.698025,129.904526,175.681809,14,1680.000000,0.000000,0.000000,5.000000
130,0,buffer_rule,172,177.328347,159.138913,195.603597,18,2160.000000,0.000000,0.000000,44.000000
130,1,buffer_rule,199,194.577342,178.742097,218.781616,17,2040.000000,0.000000,0.000000,5.000000
130,2,buffer_rule,215,213.699051,202.555224,237.653635,21,2520.000000,0.000000,0.000000,37.000000
130,3,buffer_rule,234,225.740602,211.714655,244.893648,22,2640.000000,0.000000,0.000000,30.000000
130,4,buffer_rule,250,233.614161,217.525227,257.062645,23,2760.000000,0.000000,0.000000,26.000000
130,5,buffer_rule,207,202.725967,188.981764,225.896600,19,2280.000000,0.000000,0.000000,21.000000
130,6,buffer_rule,182,168.635344,140.841845,186.552399,15,1848.000000,2.000000,0.000000,0.000000
130,0,point_plan,172,177.328347,159.138913,195.603597,15,1800.000000,0.000000,0.000000,8.000000
130,1,point_plan,199,194.577342,178.742097,218.781616,16,2088.000000,7.000000,0.000000,0.000000
130,2,point_plan,215,213.699051,202.555224,237.653635,18,2160.000000,0.000000,0.000000,1.000000
130,3,point_plan,234,225.740602,211.714655,244.893648,19,2424.000000,6.000000,0.000000,0.000000
130,4,point_plan,250,233.614161,217.525227,257.062645,20,2580.000000,0.000000,1.000000,2.000000
130,5,point_plan,207,202.725967,188.981764,225.896600,17,2112.000000,3.000000,0.000000,0.000000
130,6,point_plan,182,168.635344,140.841845,186.552399,14,1908.000000,2.000000,1.000000,0.000000
130,0,stochastic_plan,172,177.328347,159.138913,195.603597,15,1800.000000,0.000000,0.000000,8.000000
130,1,stochastic_plan,199,194.577342,178.742097,218.781616,16,2088.000000,7.000000,0.000000,0.000000
130,2,stochastic_plan,215,213.699051,202.555224,237.653635,18,2160.000000,0.000000,0.000000,1.000000
130,3,stochastic_plan,234,225.740602,211.714655,244.893648,19,2424.000000,6.000000,0.000000,0.000000
130,4,stochastic_plan,250,233.614161,217.525227,257.062645,19,2640.000000,0.000000,2.000000,2.000000
130,5,stochastic_plan,207,202.725967,188.981764,225.896600,17,2112.000000,3.000000,0.000000,0.000000
130,6,stochastic_plan,182,168.635344,140.841845,186.552399,13,1968.000000,2.000000,2.000000,0.000000
130,0,perfect_information,172,177.328347,159.138913,195.603597,14,1776.000000,4.000000,0.000000,0.000000
130,1,perfect_information,199,194.577342,178.742097,218.781616,17,2040.000000,0.000000,0.000000,5.000000
130,2,perfect_information,215,213.699051,202.555224,237.653635,18,2160.000000,0.000000,0.000000,1.000000
130,3,perfect_information,234,225.740602,211.714655,244.893648,20,2400.000000,0.000000,0.000000,6.000000
130,4,perfect_information,250,233.614161,217.525227,257.062645,21,2520.000000,0.000000,0.000000,2.000000
130,5,perfect_information,207,202.725967,188.981764,225.896600,17,2112.000000,3.000000,0.000000,0.000000
130,6,perfect_information,182,168.635344,140.841845,186.552399,15,1848.000000,2.000000,0.000000,0.000000
131,0,buffer_rule,170,172.413006,154.223571,190.688255,16,1920.000000,0.000000,0.000000,22.000000
131,1,buffer_rule,191,196.912364,181.077119,216.169891,18,2160.000000,0.000000,0.000000,25.000000
131,2,buffer_rule,217,212.168579,201.024752,236.123163,20,2400.000000,0.000000,0.000000,23.000000
131,3,buffer_rule,228,224.706726,210.680780,243.664042,22,2640.000000,0.000000,0.000000,36.000000
131,4,buffer_rule,223,235.652478,219.563544,257.703742,23,2760.000000,0.000000,0.000000,53.000000
131,5,buffer_rule,194,201.512380,187.768177,224.683014,19,2280.000000,0.000000,0.000000,34.000000
131,6,buffer_rule,164,172.886369,145.092871,190.803425,17,2040.000000,0.000000,0.000000,40.000000
131,0,point_plan,170,172.413006,154.223571,190.688255,14,1728.000000,2.000000,0.000000,0.000000
131,1,point_plan,191,196.912364,181.077119,216.169891,16,1920.000000,0.000000,0.000000,1.000000
131,2,point_plan,217,212.168579,201.024752,236.123163,18,2184.000000,1.000000,0.000000,0.000000
131,3,point_plan,228,224.706726,210.680780,243.664042,19,2280.000000,0.000000,0.000000,0.000000
131,4,point_plan,223,235.652478,219.563544,257.703742,20,2400.000000,0.000000,0.000000,17.000000
131,5,point_plan,194,201.512380,187.768177,224.683014,17,2040.000000,0.000000,0.000000,10.000000
131,6,point_plan,164,172.886369,145.092871,190.803425,14,1680.000000,0.000000,0.000000,4.000000
131,0,stochastic_plan,170,172.413006,154.223571,190.688255,14,1728.000000,2.000000,0.000000,0.000000
131,1,stochastic_plan,191,196.912364,181.077119,216.169891,16,1920.000000,0.000000,0.000000,1.000000
131,2,stochastic_plan,217,212.168579,201.024752,236.123163,18,2184.000000,1.000000,0.000000,0.000000
131,3,stochastic_plan,228,224.706726,210.680780,243.664042,19,2280.000000,0.000000,0.000000,0.000000
131,4,stochastic_plan,223,235.652478,219.563544,257.703742,19,2280.000000,0.000000,0.000000,5.000000
131,5,stochastic_plan,194,201.512380,187.768177,224.683014,17,2040.000000,0.000000,0.000000,10.000000
131,6,stochastic_plan,164,172.886369,145.092871,190.803425,14,1680.000000,0.000000,0.000000,4.000000
131,0,perfect_information,170,172.413006,154.223571,190.688255,14,1728.000000,2.000000,0.000000,0.000000
131,1,perfect_information,191,196.912364,181.077119,216.169891,16,1920.000000,0.000000,0.000000,1.000000
131,2,perfect_information,217,212.168579,201.024752,236.123163,18,2184.000000,1.000000,0.000000,0.000000
131,3,perfect_information,228,224.706726,210.680780,243.664042,19,2280.000000,0.000000,0.000000,0.000000
131,4,perfect_information,223,235.652478,219.563544,257.703742,19,2280.000000,0.000000,0.000000,5.000000
131,5,perfect_information,194,201.512380,187.768177,224.683014,16,1968.000000,2.000000,0.000000,0.000000
131,6,perfect_information,164,172.886369,145.092871,190.803425,14,1680.000000,0.000000,0.000000,4.000000
132,0,buffer_rule,166,168.169432,149.979997,186.444682,16,1920.000000,0.000000,0.000000,26.000000
132,1,buffer_rule,163,191.456115,175.620870,210.713642,19,2280.000000,0.000000,0.000000,65.000000
132,2,buffer_rule,186,209.149104,198.005276,233.103687,21,2520.000000,0.000000,0.000000,66.000000
132,3,buffer_rule,228,219.832840,205.806894,238.790156,22,2640.000000,0.000000,0.000000,36.000000
132,4,buffer_rule,215,225.775613,209.686679,246.219621,22,2640.000000,0.000000,0.000000,49.000000
132,5,buffer_rule,184,194.932029,181.187826,218.102662,19,2280.000000,0.000000,0.000000,44.000000
132,6,buffer_rule,137,165.208232,137.414733,183.125287,16,1920.000000,0.000000,0.000000,55.000000
132,0,point_plan,166,168.169432,149.979997,186.444682,14,1680.000000,0.000000,0.000000,2.000000
132,1,point_plan,163,191.456115,175.620870,210.713642,16,1920.000000,0.000000,0.000000,29.000000
132,2,point_plan,186,209.149104,198.005276,233.103687,18,2160.000000,0.000000,0.000000,30.000000
132,3,point_plan,228,219.832840,205.806894,238.790156,18,2340.000000,0.000000,1.000000,0.000000
132,4,point_plan,215,225.775613,209.686679,246.219621,19,2280.000000,0.000000,0.000000,13.000000
132,5,point_plan,184,194.932029,181.187826,218.102662,16,1920.000000,0.000000,0.000000,8.000000
132,6,point_plan,137,165.208232,137.414733,183.125287,14,1680.000000,0.000000,0.000000,31.000000
132,0,stochastic_plan,166,168.169432,149.979997,186.444682,14,1680.000000,0.000000,0.000000,2.000000
132,1,stochastic_plan,163,191.456115,175.620870,210.713642,16,1920.000000,0.000000,0.000000,29.000000
132,2,stochastic_plan,186,209.149104,198.005276,233.103687,17,2040.000000,0.000000,0.000000,18.000000
132,3,stochastic_plan,228,219.832840,205.806894,238.790156,18,2340.000000,0.000000,1.000000,0.000000
132,4,stochastic_plan,215,225.775613,209.686679,246.219621,19,2280.000000,0.000000,0.000000,13.000000
132,5,stochastic_plan,184,194.932029,181.187826,218.102662,16,1920.000000,0.000000,0.000000,8.000000
132,6,stochastic_plan,137,165.208232,137.414733,183.125287,13,1560.000000,0.000000,0.000000,19.000000
132,0,perfect_information,166,168.169432,149.979997,186.444682,14,1680.000000,0.000000,0.000000,2.000000
132,1,perfect_information,163,191.456115,175.620870,210.713642,14,1680.000000,0.000000,0.000000,5.000000
132,2,perfect_information,186,209.149104,198.005276,233.103687,16,1920.000000,0.000000,0.000000,6.000000
132,3,perfect_information,228,219.832840,205.806894,238.790156,19,2280.000000,0.000000,0.000000,0.000000
132,4,perfect_information,215,225.775613,209.686679,246.219621,18,2160.000000,0.000000,0.000000,1.000000
132,5,perfect_information,184,194.932029,181.187826,218.102662,15,1896.000000,4.000000,0.000000,0.000000
132,6,perfect_information,137,165.208232,137.414733,183.125287,11,1440.000000,5.000000,0.000000,0.000000
133,0,buffer_rule,167,161.444518,143.255083,177.652746,17,2040.000000,0.000000,0.000000,37.000000
133,1,buffer_rule,175,178.806013,158.019377,195.122946,17,2040.000000,0.000000,0.000000,29.000000
133,2,buffer_rule,196,196.452393,184.909516,219.522578,19,2280.000000,0.000000,0.000000,32.000000
133,3,buffer_rule,208,214.351648,200.325701,232.275991,23,2760.000000,0.000000,0.000000,68.000000
133,4,buffer_rule,237,217.952298,201.863364,236.123201,22,2640.000000,0.000000,0.000000,27.000000
133,5,buffer_rule,178,186.898255,173.154052,208.952741,18,2160.000000,0.000000,0.000000,38.000000
133,6,buffer_rule,145,153.314098,125.129407,169.713099,14,1680.000000,0.000000,0.000000,23.000000
133,0,point_plan,167,161.444518,143.255083,177.652746,14,1680.000000,0.000000,0.000000,1.000000
133,1,point_plan,175,178.806013,158.019377,195.122946,15,1800.000000,0.000000,0.000000,5.000000
133,2,point_plan,196,196.452393,184.909516,219.522578,16,2016.000000,4.000000,0.000000,0.000000
133,3,point_plan,208,214.351648,200.325701,232.275991,18,2160.000000,0.000000,0.000000,8.000000
133,4,point_plan,237,217.952298,201.863364,236.123201,18,2520.000000,0.000000,2.000000,3.000000
133,5,point_plan,178,186.898255,173.154052,208.952741,16,1920.000000,0.000000,0.000000,14.000000
133,6,point_plan,145,153.314098,125.129407,169.713099,13,1560.000000,0.000000,0.000000,11.000000
133,0,stochastic_plan,167,161.444518,143.255083,177.652746,13,1740.000000,0.000000,1.000000,1.000000
133,1,stochastic_plan,175,178.806013,158.019377,195.122946,15,1800.000000,0.000000,0.000000,5.000000
133,2,stochastic_plan,196,196.452393,184.909516,219.522578,16,2016.000000,4.000000,0.000000,0.000000
133,3,stochastic_plan,208,214.351648,200.325701,232.275991,18,2160.000000,0.000000,0.000000,8.000000
133,4,stochastic_plan,237,217.952298,201.863364,236.123201,18,2520.000000,0.000000,2.000000,3.000000
133,5,stochastic_plan,178,186.898255,173.154052,208.952741,15,1800.000000,0.000000,0.000000,2.000000
133,6,stochastic_plan,145,153.314098,125.129407,169.713099,12,1464.000000,1.000000,0.000000,0.000000
133,0,perfect_information,167,161.444518,143.255083,177.652746,14,1680.000000,0.000000,0.000000,1.000000
133,1,perfect_information,175,178.806013,158.019377,195.122946,15,1800.000000,0.000000,0.000000,5.000000
133,2,perfect_information,196,196.452393,184.909516,219.522578,16,2016.000000,4.000000,0.000000,0.000000
133,3,perfect_information,208,214.351648,200.325701,232.275991,17,2136.000000,4.000000,0.000000,0.000000
133,4,perfect_information,237,217.952298,201.863364,236.123201,19,2460.000000,0.000000,1.000000,3.000000
133,5,perfect_information,178,186.898255,173.154052,208.952741,15,1800.000000,0.000000,0.000000,2.000000
133,6,perfect_information,145,153.314098,125.129407,169.713099,12,1464.000000,1.000000,0.000000,0.000000
134,0,buffer_rule,163,162.223652,144.034218,178.431881,17,2040.000000,0.000000,0.000000,41.000000
134,1,buffer_rule,176,181.748721,160.962085,198.065654,18,2160.000000,0.000000,0.000000,40.000000
134,2,buffer_rule,196,198.936066,187.393189,222.006252,20,2400.000000,0.000000,0.000000,44.000000
134,3,buffer_rule,218,210.253305,196.227359,228.177649,21,2520.000000,0.000000,0.000000,34.000000
134,4,buffer_rule,225,223.610096,207.521162,242.573566,23,2760.000000,0.000000,0.000000,51.000000
134,5,buffer_rule,182,185.596442,171.932003,207.650928,19,2280.000000,0.000000,0.000000,46.000000
134,6,buffer_rule,180,155.344027,127.550529,171.743028,15,1800.000000,0.000000,0.000000,0.000000
134,0,point_plan,163,162.223652,144.034218,178.431881,14,1680.000000,0.000000,0.000000,5.000000
134,1,point_plan,176,181.748721,160.962085,198.065654,15,1800.000000,0.000000,0.000000,4.000000
134,2,point_plan,196,198.936066,187.393189,222.006252,17,2040.000000,0.000000,0.000000,8.000000
134,3,point_plan,218,210.253305,196.227359,228.177649,18,2208.000000,2.000000,0.000000,0.000000
134,4,point_plan,225,223.610096,207.521162,242.573566,19,2280.000000,0.000000,0.000000,3.000000
134,5,point_plan,182,185.596442,171.932003,207.650928,16,1920.000000,0.000000,0.000000,10.000000
134,6,point_plan,180,155.344027,127.550529,171.743028,13,1920.000000,0.000000,2.000000,0.000000
134,0,stochastic_plan,163,162.223652,144.034218,178.431881,13,1728.000000,7.000000,0.000000,0.000000
134,1,stochastic_plan,176,181.748721,160.962085,198.065654,15,1800.000000,0.000000,0.000000,4.000000
134,2,stochastic_plan,196,198.936066,187.393189,222.006252,16,2016.000000,4.000000,0.000000,0.000000
134,3,stochastic_plan,218,210.253305,196.227359,228.177649,18,2208.000000,2.000000,0.000000,0.000000
134,4,stochastic_plan,225,223.610096,207.521162,242.573566,18,2340.000000,0.000000,1.000000,3.000000
134,5,stochastic_plan,182,185.596442,171.932003,207.650928,15,1848.000000,2.000000,0.000000,0.000000
134,6,stochastic_plan,180,155.344027,127.550529,171.743028,12,1980.000000,0.000000,3.000000,0.000000
134,0,perfect_information,163,162.223652,144.034218,178.431881,14,1680.000000,0.000000,0.000000,5.000000
134,1,perfect_information,176,181.748721,160.962085,198.065654,15,1800.000000,0.000000,0.000000,4.000000
134,2,perfect_information,196,198.936066,187.393189,222.006252,16,2016.000000,4.000000,0.000000,0.000000
134,3,perfect_information,218,210.253305,196.227359,228.177649,18,2208.000000,2.000000,0.000000,0.000000
134,4,perfect_information,225,223.610096,207.521162,242.573566,19,2280.000000,0.000000,0.000000,3.000000
134,5,perfect_information,182,185.596442,171.932003,207.650928,15,1848.000000,2.000000,0.000000,0.000000
134,6,perfect_information,180,155.344027,127.550529,171.743028,15,1800.000000,0.000000,0.000000,0.000000
135,0,buffer_rule,186,162.444058,144.254623,178.652286,17,2040.000000,0.000000,0.000000,18.000000
135,1,buffer_rule,209,182.915433,162.128798,199.232366,18,2160.000000,0.000000,0.000000,7.000000
135,2,buffer_rule,215,200.061022,188.518145,222.368429,20,2400.000000,0.000000,0.000000,25.000000
135,3,buffer_rule,220,213.686923,199.660977,231.611267,22,2640.000000,0.000000,0.000000,44.000000
135,4,buffer_rule,265,222.002744,205.913810,240.966214,22,2664.000000,1.000000,0.000000,0.000000
135,5,buffer_rule,205,187.458067,173.793628,209.512553,19,2280.000000,0.000000,0.000000,23.000000
135,6,buffer_rule,166,164.797475,137.003977,182.714530,17,2040.000000,0.000000,0.000000,38.000000
135,0,point_plan,186,162.444058,144.254623,178.652286,14,2004.000000,6.000000,1.000000,0.000000
135,1,point_plan,209,182.915433,162.128798,199.232366,15,2280.000000,5.000000,2.000000,0.000000
135,2,point_plan,215,200.061022,188.518145,222.368429,17,2220.000000,0.000000,1.000000,1.000000
135,3,point_plan,220,213.686923,199.660977,231.611267,18,2256.000000,4.000000,0.000000,0.000000
135,4,point_plan,265,222.002744,205.913810,240.966214,19,2844.000000,1.000000,3.000000,0.000000
135,5,point_plan,205,187.458067,173.793628,209.512553,16,2124.000000,1.000000,1.000000,0.000000
135,6,point_plan,166,164.797475,137.003977,182.714530,14,1680.000000,0.000000,0.000000,2.000000
135,0,stochastic_plan,186,162.444058,144.254623,178.652286,13,2064.000000,6.000000,2.000000,0.000000
135,1,stochastic_plan,209,182.915433,162.128798,199.232366,15,2280.000000,5.000000,2.000000,0.000000
135,2,stochastic_plan,215,200.061022,188.518145,222.368429,17,2220.000000,0.000000,1.000000,1.000000
135,3,stochastic_plan,220,213.686923,199.660977,231.611267,18,2256.000000,4.000000,0.000000,0.000000
135,4,stochastic_plan,265,222.002744,205.913810,240.966214,18,2904.000000,1.000000,4.000000,0.000000
135,5,stochastic_plan,205,187.458067,173.793628,209.512553,15,2184.000000,1.000000,2.000000,0.000000
135,6,stochastic_plan,166,164.797475,137.003977,182.714530,13,1740.000000,0.000000,1.000000,2.000000
135,0,perfect_information,186,162.444058,144.254623,178.652286,16,1920.000000,0.000000,0.000000,6.000000
135,1,perfect_information,209,182.915433,162.128798,199.232366,17,2160.000000,5.000000,0.000000,0.000000
135,2,perfect_information,215,200.061022,188.518145,222.368429,18,2160.000000,0.000000,0.000000,1.000000
135,3,perfect_information,220,213.686923,199.660977,231.611267,18,2256.000000,4.000000,0.000000,0.000000
135,4,perfect_information,265,222.002744,205.913810,240.966214,21,2724.000000,1.000000,1.000000,0.000000
135,5,perfect_information,205,187.458067,173.793628,209.512553,17,2064.000000,1.000000,0.000000,0.000000
135,6,perfect_information,166,164.797475,137.003977,182.714530,14,1680.000000,0.000000,0.000000,2.000000
136,0,buffer_rule,167,173.978383,155.788949,192.253633,17,2040.000000,0.000000,0.000000,37.000000
136,1,buffer_rule,205,196.766210,175.979574,216.023738,19,2280.000000,0.000000,0.000000,23.000000
136,2,buffer_rule,215,210.422493,198.879616,232.729900,19,2280.000000,0.000000,0.000000,13.000000
136,3,buffer_rule,243,219.850455,205.824509,237.774799,20,2472.000000,3.000000,0.000000,0.000000
136,4,buffer_rule,237,237.756398,221.667464,258.284637,24,2880.000000,0.000000,0.000000,51.000000
136,5,buffer_rule,208,198.893654,185.229215,220.948140,20,2400.000000,0.000000,0.000000,32.000000
136,6,buffer_rule,157,167.729544,139.936045,185.646599,16,1920.000000,0.000000,0.000000,35.000000
136,0,point_plan,167,173.978383,155.788949,192.253633,15,1800.000000,0.000000,0.000000,13.000000
136,1,point_plan,205,196.766210,175.979574,216.023738,16,2124.000000,1.000000,1.000000,0.000000
136,2,point_plan,215,210.422493,198.879616,232.729900,18,2160.000000,0.000000,0.000000,1.000000
136,3,point_plan,243,219.850455,205.824509,237.774799,18,2592.000000,3.000000,2.000000,0.000000
136,4,point_plan,237,237.756398,221.667464,258.284637,20,2400.000000,0.000000,0.000000,3.000000
136,5,point_plan,208,198.893654,185.229215,220.948140,17,2136.000000,4.000000,0.000000,0.000000
136,6,point_plan,157,167.729544,139.936045,185.646599,14,1680.000000,0.000000,0.000000,11.000000
136,0,stochastic_plan,167,173.978383,155.788949,192.253633,14,1680.000000,0.000000,0.000000,1.000000
136,1,stochastic_plan,205,196.766210,175.979574,216.023738,16,2124.000000,1.000000,1.000000,0.000000
136,2,stochastic_plan,215,210.422493,198.879616,232.729900,17,2220.000000,0.000000,1.000000,1.000000
136,3,stochastic_plan,243,219.850455,205.824509,237.774799,18,2592.000000,3.000000,2.000000,0.000000
136,4,stochastic_plan,237,237.756398,221.667464,258.284637,19,2460.000000,0.000000,1.000000,3.000000
136,5,stochastic_plan,208,198.893654,185.229215,220.948140,16,2196.000000,4.000000,1.000000,0.000000
136,6,stochastic_plan,157,167.729544,139.936045,185.646599,13,1584.000000,1.000000,0.000000,0.000000
136,0,perfect_information,167,173.978383,155.788949,192.253633,14,1680.000000,0.000000,0.000000,1.000000
136,1,perfect_information,205,196.766210,175.979574,216.023738,17,2064.000000,1.000000,0.000000,0.000000
136,2,perfect_information,215,210.422493,198.879616,232.729900,18,2160.000000,0.000000,0.000000,1.000000
136,3,perfect_information,243,219.850455,205.824509,237.774799,20,2472.000000,3.000000,0.000000,0.000000
136,4,perfect_information,237,237.756398,221.667464,258.284637,20,2400.000000,0.000000,0.000000,3.000000
136,5,perfect_information,208,198.893654,185.229215,220.948140,17,2136.000000,4.000000,0.000000,0.000000
136,6,perfect_information,157,167.729544,139.936045,185.646599,13,1584.000000,1.000000,0.000000,0.000000
137,0,buffer_rule,151,168.316175,150.126741,186.591425,16,1920.000000,0.000000,0.000000,41.000000
137,1,buffer_rule,181,195.328569,174.541934,214.586097,20,2400.000000,0.000000,0.000000,59.000000
137,2,buffer_rule,202,209.674215,198.131338,231.981622,20,2400.000000,0.000000,0.000000,38.000000
137,3,buffer_rule,203,224.289766,210.263820,242.214109,23,2760.000000,0.000000,0.000000,73.000000
137,4,buffer_rule,206,230.528514,214.439580,251.056753,22,2640.000000,0.000000,0.000000,58.000000
137,5,buffer_rule,173,198.817819,185.153380,220.872305,19,2280.000000,0.000000,0.000000,55.000000
137,6,buffer_rule,142,164.900779,137.107281,182.817834,15,1800.000000,0.000000,0.000000,38.000000
137,0,point_plan,151,168.316175,150.126741,186.591425,14,1680.000000,0.000000,0.000000,17.000000
137,1,point_plan,181,195.328569,174.541934,214.586097,16,1920.000000,0.000000,0.000000,11.000000
137,2,point_plan,202,209.674215,198.131338,231.981622,18,2160.000000,0.000000,0.000000,14.000000
137,3,point_plan,203,224.289766,210.263820,242.214109,19,2280.000000,0.000000,0.000000,25.000000
137,4,point_plan,206,230.528514,214.439580,251.056753,19,2280.000000,0.000000,0.000000,22.000000
137,5,point_plan,173,198.817819,185.153380,220.872305,17,2040.000000,0.000000,0.000000,31.000000
137,6,point_plan,142,164.900779,137.107281,182.817834,14,1680.000000,0.000000,0.000000,26.000000
137,0,stochastic_plan,151,168.316175,150.126741,186.591425,14,1680.000000,0.000000,0.000000,17.000000
137,1,stochastic_plan,181,195.328569,174.541934,214.586097,16,1920.000000,0.000000,0.000000,11.000000
137,2,stochastic_plan,202,209.674215,198.131338,231.981622,17,2040.000000,0.000000,0.000000,2.000000
137,3,stochastic_plan,203,224.289766,210.263820,242.214109,19,2280.000000,0.000000,0.000000,25.000000
137,4,stochastic_plan,206,230.528514,214.439580,251.056753,19,2280.000000,0.000000,0.000000,22.000000
137,5,stochastic_plan,173,198.817819,185.153380,220.872305,16,1920.000000,0.000000,0.000000,19.000000
137,6,stochastic_plan,142,164.900779,137.107281,182.817834,13,1560.000000,0.000000,0.000000,14.000000
137,0,perfect_information,151,168.316175,150.126741,186.591425,13,1560.000000,0.000000,0.000000,5.000000
137,1,perfect_information,181,195.328569,174.541934,214.586097,15,1824.000000,1.000000,0.000000,0.000000
137,2,perfect_information,202,209.674215,198.131338,231.981622,17,2040.000000,0.000000,0.000000,2.000000
137,3,perfect_information,203,224.289766,210.263820,242.214109,17,2040.000000,0.000000,0.000000,1.000000
137,4,perfect_information,206,230.528514,214.439580,251.056753,17,2088.000000,2.000000,0.000000,0.000000
137,5,perfect_information,173,198.817819,185.153380,220.872305,14,1800.000000,5.000000,0.000000,0.000000
137,6,perfect_information,142,164.900779,137.107281,182.817834,12,1440.000000,0.000000,0.000000,2.000000
138,0,buffer_rule,161,156.471322,138.281887,174.746571,16,1920.000000,0.000000,0.000000,31.000000
138,1,buffer_rule,160,181.968354,161.181718,201.225881,19,2280.000000,0.000000,0.000000,68.000000
138,2,buffer_rule,184,198.883838,187.340961,221.191244,21,2520.000000,0.000000,0.000000,68.000000
138,3,buffer_rule,209,207.290360,188.236113,225.214704,21,2520.000000,0.000000,0.000000,43.000000
138,4,buffer_rule,200,215.279601,197.211923,235.807840,21,2520.000000,0.000000,0.000000,52.000000
138,5,buffer_rule,191,182.906747,164.635355,204.961233,18,2160.000000,0.000000,0.000000,25.000000
138,6,buffer_rule,130,153.718893,125.925395,171.512118,15,1800.000000,0.000000,0.000000,50.000000
138,0,point_plan,161,156.471322,138.281887,174.746571,13,1680.000000,5.000000,0.000000,0.000000
138,1,point_plan,160,181.968354,161.181718,201.225881,15,1800.000000,0.000000,0.000000,20.000000
138,2,point_plan,184,198.883838,187.340961,221.191244,17,2040.000000,0.000000,0.000000,20.000000
138,3,point_plan,209,207.290360,188.236113,225.214704,17,2160.000000,5.000000,0.000000,0.000000
138,4,point_plan,200,215.279601,197.211923,235.807840,18,2160.000000,0.000000,0.000000,16.000000
138,5,point_plan,191,182.906747,164.635355,204.961233,15,1980.000000,0.000000,1.000000,1.000000
138,6,point_plan,130,153.718893,125.925395,171.512118,13,1560.000000,0.000000,0.000000,26.000000
138,0,stochastic_plan,161,156.471322,138.281887,174.746571,13,1680.000000,5.000000,0.000000,0.000000
138,1,stochastic_plan,160,181.968354,161.181718,201.225881,15,1800.000000,0.000000,0.000000,20.000000
138,2,stochastic_plan,184,198.883838,187.340961,221.191244,16,1920.000000,0.000000,0.000000,8.000000
138,3,stochastic_plan,209,207.290360,188.236113,225.214704,17,2160.000000,5.000000,0.000000,0.000000
138,4,stochastic_plan,200,215.279601,197.211923,235.807840,18,2160.000000,0.000000,0.000000,16.000000
138,5,stochastic_plan,191,182.906747,164.635355,204.961233,15,1980.000000,0.000000,1.000000,1.000000
138,6,stochastic_plan,130,153.718893,125.925395,171.512118,12,1440.000000,0.000000,0.000000,14.000000
138,0,perfect_information,161,156.471322,138.281887,174.746571,13,1680.000000,5.000000,0.000000,0.000000
138,1,perfect_information,160,181.968354,161.181718,201.225881,13,1656.000000,4.000000,0.000000,0.000000
138,2,perfect_information,184,198.883838,187.340961,221.191244,15,1896.000000,4.000000,0.000000,0.000000
138,3,perfect_information,209,207.290360,188.236113,225.214704,17,2160.000000,5.000000,0.000000,0.000000
138,4,perfect_information,200,215.279601,197.211923,235.807840,17,2040.000000,0.000000,0.000000,4.000000
138,5,perfect_information,191,182.906747,164.635355,204.961233,15,1980.000000,0.000000,1.000000,1.000000
138,6,perfect_information,130,153.718893,125.925395,171.512118,11,1320.000000,0.000000,0.000000,2.000000
139,0,buffer_rule,169,157.308399,139.118964,175.583649,17,2040.000000,0.000000,0.000000,35.000000
139,1,buffer_rule,161,175.487173,153.585741,194.744700,16,1920.000000,0.000000,0.000000,31.000000
139,2,buffer_rule,202,193.226121,178.766973,215.533528,19,2280.000000,0.000000,0.000000,26.000000
139,3,buffer_rule,207,207.248276,188.194029,225.172620,21,2520.000000,0.000000,0.000000,45.000000
139,4,buffer_rule,213,211.928197,193.860519,232.456436,20,2400.000000,0.000000,0.000000,27.000000
139,5,buffer_rule,183,186.012206,167.740813,208.066692,18,2160.000000,0.000000,0.000000,33.000000
139,6,buffer_rule,169,148.726264,120.932766,166.519489,14,1704.000000,1.000000,0.000000,0.000000
139,0,point_plan,169,157.308399,139.118964,175.583649,13,1764.000000,1.000000,1.000000,0.000000
139,1,point_plan,161,175.487173,153.585741,194.744700,15,1800.000000,0.000000,0.000000,19.000000
139,2,point_plan,202,193.226121,178.766973,215.533528,16,2100.000000,0.000000,1.000000,2.000000
139,3,point_plan,207,207.248276,188.194029,225.172620,17,2112.000000,3.000000,0.000000,0.000000
139,4,point_plan,213,211.928197,193.860519,232.456436,18,2160.000000,0.000000,0.000000,3.000000
139,5,point_plan,183,186.012206,167.740813,208.066692,16,1920.000000,0.000000,0.000000,9.000000
139,6,point_plan,169,148.726264,120.932766,166.519489,12,1824.000000,1.000000,2.000000,0.000000
139,0,stochastic_plan,169,157.308399,139.118964,175.583649,13,1764.000000,1.000000,1.000000,0.000000
139,1,stochastic_plan,161,175.487173,153.585741,194.744700,14,1680.000000,0.000000,0.000000,7.000000
139,2,stochastic_plan,202,193.226121,178.766973,215.533528,16,2100.000000,0.000000,1.000000,2.000000
139,3,stochastic_plan,207,207.248276,188.194029,225.172620,17,2112.000000,3.000000,0.000000,0.000000
139,4,stochastic_plan,213,211.928197,193.860519,232.456436,17,2220.000000,0.000000,1.000000,3.000000
139,5,stochastic_plan,183,186.012206,167.740813,208.066692,15,1872.000000,3.000000,0.000000,0.000000
139,6,stochastic_plan,169,148.726264,120.932766,166.519489,12,1824.000000,1.000000,2.000000,0.000000
139,0,perfect_information,169,157.308399,139.118964,175.583649,14,1704.000000,1.000000,0.000000,0.000000
139,1,perfect_information,161,175.487173,153.585741,194.744700,13,1680.000000,5.000000,0.000000,0.000000
139,2,perfect_information,202,193.226121,178.766973,215.533528,17,2040.000000,0.000000,0.000000,2.000000
139,3,perfect_information,207,207.248276,188.194029,225.172620,17,2112.000000,3.000000,0.000000,0.000000
139,4,perfect_information,213,211.928197,193.860519,232.456436,18,2160.000000,0.000000,0.000000,3.000000
139,5,perfect_information,183,186.012206,167.740813,208.066692,15,1872.000000,3.000000,0.000000,0.000000
139,6,perfect_information,169,148.726264,120.932766,166.519489,14,1704.000000,1.000000,0.000000,0.000000
140,0,buffer_rule,180,162.077239,143.887805,180.352489,17,2040.000000,0.000000,0.000000,24.000000
140,1,buffer_rule,211,178.242559,156.341126,194.559492,17,2208.000000,7.000000,0.000000,0.000000
140,2,buffer_rule,232,200.132806,185.673658,222.440213,21,2520.000000,0.000000,0.000000,20.000000
140,3,buffer_rule,233,209.784582,190.730334,227.708925,21,2520.000000,0.000000,0.000000,19.000000
140,4,buffer_rule,225,217.386364,199.318686,236.349835,22,2640.000000,0.000000,0.000000,39.000000
140,5,buffer_rule,197,187.168922,168.897529,209.223407,19,2280.000000,0.000000,0.000000,31.000000
140,6,buffer_rule,153,160.744752,132.951254,180.798311,17,2040.000000,0.000000,0.000000,51.000000
140,0,point_plan,180,162.077239,143.887805,180.352489,14,1860.000000,0.000000,1.000000,0.000000
140,1,point_plan,211,178.242559,156.341126,194.559492,15,2328.000000,7.000000,2.000000,0.000000
140,2,point_plan,232,200.132806,185.673658,222.440213,17,2496.000000,4.000000,2.000000,0.000000
140,3,point_plan,233,209.784582,190.730334,227.708925,18,2460.000000,5.000000,1.000000,0.000000
140,4,point_plan,225,217.386364,199.318686,236.349835,18,2340.000000,0.000000,1.000000,3.000000
140,5,point_plan,197,187.168922,168.897529,209.223407,16,2040.000000,5.000000,0.000000,0.000000
140,6,point_plan,153,160.744752,132.951254,180.798311,13,1560.000000,0.000000,0.000000,3.000000
140,0,stochastic_plan,180,162.077239,143.887805,180.352489,13,1920.000000,0.000000,2.000000,0.000000
140,1,stochastic_plan,211,178.242559,156.341126,194.559492,15,2328.000000,7.000000,2.000000,0.000000
140,2,stochastic_plan,232,200.132806,185.673658,222.440213,16,2556.000000,4.000000,3.000000,0.000000
140,3,stochastic_plan,233,209.784582,190.730334,227.708925,17,2520.000000,5.000000,2.000000,0.000000
140,4,stochastic_plan,225,217.386364,199.318686,236.349835,18,2340.000000,0.000000,1.000000,3.000000
140,5,stochastic_plan,197,187.168922,168.897529,209.223407,15,2100.000000,5.000000,1.000000,0.000000
140,6,stochastic_plan,153,160.744752,132.951254,180.798311,13,1560.000000,0.000000,0.000000,3.000000
140,0,perfect_information,180,162.077239,143.887805,180.352489,15,1800.000000,0.000000,0.000000,0.000000
140,1,perfect_information,211,178.242559,156.341126,194.559492,18,2160.000000,0.000000,0.000000,5.000000
140,2,perfect_information,232,200.132806,185.673658,222.440213,19,2376.000000,4.000000,0.000000,0.000000
140,3,perfect_information,233,209.784582,190.730334,227.708925,19,2400.000000,5.000000,0.000000,0.000000
140,4,perfect_information,225,217.386364,199.318686,236.349835,19,2280.000000,0.000000,0.000000,3.000000
140,5,perfect_information,197,187.168922,168.897529,209.223407,16,2040.000000,5.000000,0.000000,0.000000
140,6,perfect_information,153,160.744752,132.951254,180.798311,13,1560.000000,0.000000,0.000000,3.000000
141,0,buffer_rule,170,171.283050,153.093615,189.705892,17,2040.000000,0.000000,0.000000,34.000000
141,1,buffer_rule,196,195.953004,174.051572,215.210531,21,2520.000000,0.000000,0.000000,56.000000
141,2,buffer_rule,219,213.555451,199.096302,237.469621,22,2640.000000,0.000000,0.000000,45.000000
141,3,buffer_rule,216,221.852696,202.798448,240.810012,22,2640.000000,0.000000,0.000000,48.000000
141,4,buffer_rule,214,226.284969,208.217291,245.248439,21,2520.000000,0.000000,0.000000,38.000000
141,5,buffer_rule,190,196.454360,178.182968,218.480738,18,2160.000000,0.000000,0.000000,26.000000
141,6,buffer_rule,168,163.412392,135.618894,183.465951,14,1680.000000,0.000000,0.000000,0.000000
141,0,point_plan,170,171.283050,153.093615,189.705892,14,1728.000000,2.000000,0.000000,0.000000
141,1,point_plan,196,195.953004,174.051572,215.210531,16,2016.000000,4.000000,0.000000,0.000000
141,2,point_plan,219,213.555451,199.096302,237.469621,18,2232.000000,3.000000,0.000000,0.000000
141,3,point_plan,216,221.852696,202.798448,240.810012,19,2280.000000,0.000000,0.000000,12.000000
141,4,point_plan,214,226.284969,208.217291,245.248439,19,2280.000000,0.000000,0.000000,14.000000
141,5,point_plan,190,196.454360,178.182968,218.480738,16,1920.000000,0.000000,0.000000,2.000000
141,6,point_plan,168,163.412392,135.618894,183.465951,14,1680.000000,0.000000,0.000000,0.000000
141,0,stochastic_plan,170,171.283050,153.093615,189.705892,14,1728.000000,2.000000,0.000000,0.000000
141,1,stochastic_plan,196,195.953004,174.051572,215.210531,16,2016.000000,4.000000,0.000000,0.000000
141,2,stochastic_plan,219,213.555451,199.096302,237.469621,18,2232.000000,3.000000,0.000000,0.000000
141,3,stochastic_plan,216,221.852696,202.798448,240.810012,18,2160.000000,0.000000,0.000000,0.000000
141,4,stochastic_plan,214,226.284969,208.217291,245.248439,18,2160.000000,0.000000,0.000000,2.000000
141,5,stochastic_plan,190,196.454360,178.182968,218.480738,16,1920.000000,0.000000,0.000000,2.000000
141,6,stochastic_plan,168,163.412392,135.618894,183.465951,13,1740.000000,0.000000,1.000000,0.000000
141,0,perfect_information,170,171.283050,153.093615,189.705892,14,1728.000000,2.000000,0.000000,0.000000
141,1,perfect_information,196,195.953004,174.051572,215.210531,16,2016.000000,4.000000,0.000000,0.000000
141,2,perfect_information,219,213.555451,199.096302,237.469621,18,2232.000000,3.000000,0.000000,0.000000
141,3,perfect_information,216,221.852696,202.798448,240.810012,18,2160.000000,0.000000,0.000000,0.000000
141,4,perfect_information,214,226.284969,208.217291,245.248439,18,2160.000000,0.000000,0.000000,2.000000
141,5,perfect_information,190,196.454360,178.182968,218.480738,16,1920.000000,0.000000,0.000000,2.000000
141,6,perfect_information,168,163.412392,135.618894,183.465951,14,1680.000000,0.000000,0.000000,0.000000
142,0,buffer_rule,171,167.261116,149.653282,185.683958,17,2040.000000,0.000000,0.000000,33.000000
142,1,buffer_rule,183,190.821922,170.035286,210.079449,20,2400.000000,0.000000,0.000000,57.000000
142,2,buffer_rule,182,209.192770,197.649893,233.106940,22,2640.000000,0.000000,0.000000,82.000000
142,3,buffer_rule,226,216.181707,202.155761,235.139023,21,2520.000000,0.000000,0.000000,26.000000
142,4,buffer_rule,231,221.838491,203.770813,240.801961,21,2520.000000,0.000000,0.000000,21.000000
142,5,buffer_rule,224,193.188456,179.524017,215.214834,18,2340.000000,0.000000,1.000000,4.000000
142,6,buffer_rule,158,165.342742,137.549244,185.396301,16,1920.000000,0.000000,0.000000,34.000000
142,0,point_plan,171,167.261116,149.653282,185.683958,14,1752.000000,3.000000,0.000000,0.000000
142,1,point_plan,183,190.821922,170.035286,210.079449,16,1920.000000,0.000000,0.000000,9.000000
142,2,point_plan,182,209.192770,197.649893,233.106940,18,2160.000000,0.000000,0.000000,34.000000
142,3,point_plan,226,216.181707,202.155761,235.139023,18,2340.000000,0.000000,1.000000,2.000000
142,4,point_plan,231,221.838491,203.770813,240.801961,19,2352.000000,3.000000,0.000000,0.000000
142,5,point_plan,224,193.188456,179.524017,215.214834,16,2460.000000,0.000000,3.000000,4.000000
142,6,point_plan,158,165.342742,137.549244,185.396301,14,1680.000000,0.000000,0.000000,10.000000
142,0,stochastic_plan,171,167.261116,149.653282,185.683958,14,1752.000000,3.000000,0.000000,0.000000
142,1,stochastic_plan,183,190.821922,170.035286,210.079449,16,1920.000000,0.000000,0.000000,9.000000
142,2,stochastic_plan,182,209.192770,197.649893,233.106940,17,2040.000000,0.000000,0.000000,22.000000
142,3,stochastic_plan,226,216.181707,202.155761,235.139023,18,2340.000000,0.000000,1.000000,2.000000
142,4,stochastic_plan,231,221.838491,203.770813,240.801961,18,2412.000000,3.000000,1.000000,0.000000
142,5,stochastic_plan,224,193.188456,179.524017,215.214834,16,2460.000000,0.000000,3.000000,4.000000
142,6,stochastic_plan,158,165.342742,137.549244,185.396301,13,1608.000000,2.000000,0.000000,0.000000
142,0,perfect_information,171,167.261116,149.653282,185.683958,14,1752.000000,3.000000,0.000000,0.000000
142,1,perfect_information,183,190.821922,170.035286,210.079449,15,1872.000000,3.000000,0.000000,0.000000
142,2,perfect_information,182,209.192770,197.649893,233.106940,15,1848.000000,2.000000,0.000000,0.000000
142,3,perfect_information,226,216.181707,202.155761,235.139023,19,2280.000000,0.000000,0.000000,2.000000
142,4,perfect_information,231,221.838491,203.770813,240.801961,19,2352.000000,3.000000,0.000000,0.000000
142,5,perfect_information,224,193.188456,179.524017,215.214834,17,2400.000000,0.000000,2.000000,4.000000
142,6,perfect_information,158,165.342742,137.549244,185.396301,13,1608.000000,2.000000,0.000000,0.000000
143,0,buffer_rule,135,168.395532,150.787698,186.818374,18,2160.000000,0.000000,0.000000,81.000000
143,1,buffer_rule,171,188.860215,168.073579,208.117743,18,2160.000000,0.000000,0.000000,45.000000
143,2,buffer_rule,183,201.276867,186.817718,225.191038,18,2160.000000,0.000000,0.000000,33.000000
143,3,buffer_rule,196,219.631126,205.605179,238.588442,22,2640.000000,0.000000,0.000000,68.000000
143,4,buffer_rule,215,226.914874,208.847196,245.878344,23,2760.000000,0.000000,0.000000,61.000000
143,5,buffer_rule,186,202.247314,188.582875,225.417947,20,2400.000000,0.000000,0.000000,54.000000
143,6,buffer_rule,148,164.064180,136.270682,184.117739,16,1920.000000,0.000000,0.000000,44.000000
143,0,point_plan,135,168.395532,150.787698,186.818374,14,1680.000000,0.000000,0.000000,33.000000
143,1,point_plan,171,188.860215,168.073579,208.117743,16,1920.000000,0.000000,0.000000,21.000000
143,2,point_plan,183,201.276867,186.817718,225.191038,17,2040.000000,0.000000,0.000000,21.000000
143,3,point_plan,196,219.631126,205.605179,238.588442,18,2160.000000,0.000000,0.000000,20.000000
143,4,point_plan,215,226.914874,208.847196,245.878344,19,2280.000000,0.000000,0.000000,13.000000
143,5,point_plan,186,202.247314,188.582875,225.417947,17,2040.000000,0.000000,0.000000,18.000000
143,6,point_plan,148,164.064180,136.270682,184.117739,14,1680.000000,0.000000,0.000000,20.000000
143,0,stochastic_plan,135,168.395532,150.787698,186.818374,14,1680.000000,0.000000,0.000000,33.000000
143,1,stochastic_plan,171,188.860215,168.073579,208.117743,16,1920.000000,0.000000,0.000000,21.000000
143,2,stochastic_plan,183,201.276867,186.817718,225.191038,17,2040.000000,0.000000,0.000000,21.000000
143,3,stochastic_plan,196,219.631126,205.605179,238.588442,18,2160.000000,0.000000,0.000000,20.000000
143,4,stochastic_plan,215,226.914874,208.847196,245.878344,18,2160.000000,0.000000,0.000000,1.000000
143,5,stochastic_plan,186,202.247314,188.582875,225.417947,17,2040.000000,0.000000,0.000000,18.000000
143,6,stochastic_plan,148,164.064180,136.270682,184.117739,13,1560.000000,0.000000,0.000000,8.000000
143,0,perfect_information,135,168.395532,150.787698,186.818374,11,1392.000000,3.000000,0.000000,0.000000
143,1,perfect_information,171,188.860215,168.073579,208.117743,14,1752.000000,3.000000,0.000000,0.000000
143,2,perfect_information,183,201.276867,186.817718,225.191038,15,1872.000000,3.000000,0.000000,0.000000
143,3,perfect_information,196,219.631126,205.605179,238.588442,16,2016.000000,4.000000,0.000000,0.000000
143,4,perfect_information,215,226.914874,208.847196,245.878344,18,2160.000000,0.000000,0.000000,1.000000
143,5,perfect_information,186,202.247314,188.582875,225.417947,16,1920.000000,0.000000,0.000000,6.000000
143,6,perfect_information,148,164.064180,136.270682,184.117739,12,1536.000000,4.000000,0.000000,0.000000
144,0,buffer_rule,164,153.511514,135.322079,171.934356,14,1680.000000,0.000000,0.000000,4.000000
144,1,buffer_rule,175,180.271770,159.316525,199.529297,18,2160.000000,0.000000,0.000000,41.000000
144,2,buffer_rule,192,195.028255,180.154961,218.942425,19,2280.000000,0.000000,0.000000,36.000000
144,3,buffer_rule,209,206.701614,187.647367,225.658931,20,2400.000000,0.000000,0.000000,31.000000
144,4,buffer_rule,211,217.401619,199.333941,236.365090,22,2640.000000,0.000000,0.000000,53.000000
144,5,buffer_rule,185,187.791446,171.772060,210.962080,19,2280.000000,0.000000,0.000000,43.000000
144,6,buffer_rule,146,155.496905,127.703407,175.550464,15,1800.000000,0.000000,0.000000,34.000000
144,0,point_plan,164,153.511514,135.322079,171.934356,13,1740.000000,0.000000,1.000000,4.000000
144,1,point_plan,175,180.271770,159.316525,199.529297,15,1800.000000,0.000000,0.000000,5.000000
144,2,point_plan,192,195.028255,180.154961,218.942425,16,1920.000000,0.000000,0.000000,0.000000
144,3,point_plan,209,206.701614,187.647367,225.658931,17,2160.000000,5.000000,0.000000,0.000000
144,4,point_plan,211,217.401619,199.333941,236.365090,18,2160.000000,0.000000,0.000000,5.000000
144,5,point_plan,185,187.791446,171.772060,210.962080,16,1920.000000,0.000000,0.000000,7.000000
144,6,point_plan,146,155.496905,127.703407,175.550464,13,1560.000000,0.000000,0.000000,10.000000
144,0,stochastic_plan,164,153.511514,135.322079,171.934356,13,1740.000000,0.000000,1.000000,4.000000
144,1,stochastic_plan,175,180.271770,159.316525,199.529297,15,1800.000000,0.000000,0.000000,5.000000
144,2,stochastic_plan,192,195.028255,180.154961,218.942425,16,1920.000000,0.000000,0.000000,0.000000
144,3,stochastic_plan,209,206.701614,187.647367,225.658931,17,2160.000000,5.000000,0.000000,0.000000
144,4,stochastic_plan,211,217.401619,199.333941,236.365090,18,2160.000000,0.000000,0.000000,5.000000
144,5,stochastic_plan,185,187.791446,171.772060,210.962080,15,1920.000000,5.000000,0.000000,0.000000
144,6,stochastic_plan,146,155.496905,127.703407,175.550464,12,1488.000000,2.000000,0.000000,0.000000
144,0,perfect_information,164,153.511514,135.322079,171.934356,14,1680.000000,0.000000,0.000000,4.000000
144,1,perfect_information,175,180.271770,159.316525,199.529297,15,1800.000000,0.000000,0.000000,5.000000
144,2,perfect_information,192,195.028255,180.154961,218.942425,16,1920.000000,0.000000,0.000000,0.000000
144,3,perfect_information,209,206.701614,187.647367,225.658931,17,2160.000000,5.000000,0.000000,0.000000
144,4,perfect_information,211,217.401619,199.333941,236.365090,18,2160.000000,0.000000,0.000000,5.000000
144,5,perfect_information,185,187.791446,171.772060,210.962080,15,1920.000000,5.000000,0.000000,0.000000
144,6,perfect_information,146,155.496905,127.703407,175.550464,12,1488.000000,2.000000,0.000000,0.000000
145,0,buffer_rule,141,162.422216,144.232781,180.845058,17,2040.000000,0.000000,0.000000,63.000000
145,1,buffer_rule,186,183.058698,162.103453,202.316225,18,2160.000000,0.000000,0.000000,30.000000
145,2,buffer_rule,203,199.039197,184.165903,222.953368,20,2400.000000,0.000000,0.000000,37.000000
145,3,buffer_rule,235,211.813582,192.759335,230.770899,21,2520.000000,0.000000,0.000000,17.000000
145,4,buffer_rule,227,218.925167,200.857489,237.888637,22,2640.000000,0.000000,0.000000,37.000000
145,5,buffer_rule,211,189.939105,173.919719,213.109738,19,2280.000000,0.000000,0.000000,17.000000
145,6,buffer_rule,170,157.520217,129.726718,177.573776,15,1800.000000,0.000000,0.000000,10.000000
145,0,point_plan,141,162.422216,144.232781,180.845058,14,1680.000000,0.000000,0.000000,27.000000
145,1,point_plan,186,183.058698,162.103453,202.316225,15,1944.000000,6.000000,0.000000,0.000000
145,2,point_plan,203,199.039197,184.165903,222.953368,17,2040.000000,0.000000,0.000000,1.000000
145,3,point_plan,235,211.813582,192.759335,230.770899,18,2508.000000,7.000000,1.000000,0.000000
145,4,point_plan,227,218.925167,200.857489,237.888637,18,2340.000000,0.000000,1.000000,1.000000
145,5,point_plan,211,189.939105,173.919719,213.109738,16,2268.000000,7.000000,1.000000,0.000000
145,6,point_plan,170,157.520217,129.726718,177.573776,13,1788.000000,2.000000,1.000000,0.000000
145,0,stochastic_plan,141,162.422216,144.232781,180.845058,14,1680.000000,0.000000,0.000000,27.000000
145,1,stochastic_plan,186,183.058698,162.103453,202.316225,15,1944.000000,6.000000,0.000000,0.000000
145,2,stochastic_plan,203,199.039197,184.165903,222.953368,16,2100.000000,0.000000,1.000000,1.000000
145,3,stochastic_plan,235,211.813582,192.759335,230.770899,18,2508.000000,7.000000,1.000000,0.000000
145,4,stochastic_plan,227,218.925167,200.857489,237.888637,18,2340.000000,0.000000,1.000000,1.000000
145,5,stochastic_plan,211,189.939105,173.919719,213.109738,16,2268.000000,7.000000,1.000000,0.000000
145,6,stochastic_plan,170,157.520217,129.726718,177.573776,12,1848.000000,2.000000,2.000000,0.000000
145,0,perfect_information,141,162.422216,144.232781,180.845058,12,1440.000000,0.000000,0.000000,3.000000
145,1,perfect_information,186,183.058698,162.103453,202.316225,16,1920.000000,0.000000,0.000000,6.000000
145,2,perfect_information,203,199.039197,184.165903,222.953368,17,2040.000000,0.000000,0.000000,1.000000
145,3,perfect_information,235,211.813582,192.759335,230.770899,20,2400.000000,0.000000,0.000000,5.000000
145,4,perfect_information,227,218.925167,200.857489,237.888637,19,2280.000000,0.000000,0.000000,1.000000
145,5,perfect_information,211,189.939105,173.919719,213.109738,18,2160.000000,0.000000,0.000000,5.000000
145,6,perfect_information,170,157.520217,129.726718,177.573776,14,1728.000000,2.000000,0.000000,0.000000
146,0,buffer_rule,162,161.426706,141.014705,179.849548,14,1680.000000,0.000000,0.000000,6.000000
146,1,buffer_rule,215,190.335440,169.380195,209.592967,18,2160.000000,0.000000,0.000000,1.000000
146,2,buffer_rule,236,206.274509,191.401215,230.188680,20,2400.000000,0.000000,0.000000,4.000000
146,3,buffer_rule,240,223.096706,204.042458,242.249752,23,2760.000000,0.000000,0.000000,36.000000
146,4,buffer_rule,231,227.684711,209.617033,246.648181,22,2640.000000,0.000000,0.000000,33.000000
146,5,buffer_rule,213,201.283496,185.264110,224.454130,21,2520.000000,0.000000,0.000000,39.000000
146,6,buffer_rule,192,168.062962,140.340274,188.116521,17,2040.000000,0.000000,0.000000,12.000000
146,0,point_plan,162,161.426706,141.014705,179.849548,14,1680.000000,0.000000,0.000000,6.000000
146,1,point_plan,215,190.335440,169.380195,209.592967,16,2280.000000,0.000000,2.000000,1.000000
146,2,point_plan,236,206.274509,191.401215,230.188680,17,2580.000000,0.000000,3.000000,4.000000
146,3,point_plan,240,223.096706,204.042458,242.249752,19,2460.000000,0.000000,1.000000,0.000000
146,4,point_plan,231,227.684711,209.617033,246.648181,19,2352.000000,3.000000,0.000000,0.000000
146,5,point_plan,213,201.283496,185.264110,224.454130,17,2220.000000,0.000000,1.000000,3.000000
146,6,point_plan,192,168.062962,140.340274,188.116521,14,2040.000000,0.000000,2.000000,0.000000
146,0,stochastic_plan,162,161.426706,141.014705,179.849548,13,1704.000000,6.000000,0.000000,0.000000
146,1,stochastic_plan,215,190.335440,169.380195,209.592967,16,2280.000000,0.000000,2.000000,1.000000
146,2,stochastic_plan,236,206.274509,191.401215,230.188680,17,2580.000000,0.000000,3.000000,4.000000
146,3,stochastic_plan,240,223.096706,204.042458,242.249752,19,2460.000000,0.000000,1.000000,0.000000
146,4,stochastic_plan,231,227.684711,209.617033,246.648181,19,2352.000000,3.000000,0.000000,0.000000
146,5,stochastic_plan,213,201.283496,185.264110,224.454130,17,2220.000000,0.000000,1.000000,3.000000
146,6,stochastic_plan,192,168.062962,140.340274,188.116521,13,2100.000000,0.000000,3.000000,0.000000
146,0,perfect_information,162,161.426706,141.014705,179.849548,14,1680.000000,0.000000,0.000000,6.000000
146,1,perfect_information,215,190.335440,169.380195,209.592967,18,2160.000000,0.000000,0.000000,1.000000
146,2,perfect_information,236,206.274509,191.401215,230.188680,20,2400.000000,0.000000,0.000000,4.000000
146,3,perfect_information,240,223.096706,204.042458,242.249752,20,2400.000000,0.000000,0.000000,0.000000
146,4,perfect_information,231,227.684711,209.617033,246.648181,19,2352.000000,3.000000,0.000000,0.000000
146,5,perfect_information,213,201.283496,185.264110,224.454130,18,2160.000000,0.000000,0.000000,3.000000
146,6,perfect_information,192,168.062962,140.340274,188.116521,16,1920.000000,0.000000,0.000000,0.000000
147,0,buffer_rule,199,172.467535,152.055534,190.890377,15,2148.000000,7.000000,1.000000,0.000000
147,1,buffer_rule,228,203.953962,182.998718,228.109587,19,2280.000000,0.000000,0.000000,0.000000
147,2,buffer_rule,232,221.329507,206.456213,245.243677,22,2640.000000,0.000000,0.000000,32.000000
147,3,buffer_rule,239,230.961521,211.907274,250.114567,22,2640.000000,0.000000,0.000000,25.000000
147,4,buffer_rule,261,235.185234,217.117557,254.148705,21,2700.000000,0.000000,1.000000,3.000000
147,5,buffer_rule,225,207.992486,191.973099,230.143397,19,2280.000000,0.000000,0.000000,3.000000
147,6,buffer_rule,190,180.333215,152.610528,203.903923,17,2040.000000,0.000000,0.000000,14.000000
147,0,point_plan,199,172.467535,152.055534,190.890377,14,2208.000000,7.000000,2.000000,0.000000
147,1,point_plan,228,203.953962,182.998718,228.109587,17,2400.000000,0.000000,2.000000,0.000000
147,2,point_plan,232,221.329507,206.456213,245.243677,19,2376.000000,4.000000,0.000000,0.000000
147,3,point_plan,239,230.961521,211.907274,250.114567,19,2460.000000,0.000000,1.000000,1.000000
147,4,point_plan,261,235.185234,217.117557,254.148705,20,2760.000000,0.000000,2.000000,3.000000
147,5,point_plan,225,207.992486,191.973099,230.143397,17,2400.000000,0.000000,2.000000,3.000000
147,6,point_plan,190,180.333215,152.610528,203.903923,15,1980.000000,0.000000,1.000000,2.000000
147,0,stochastic_plan,199,172.467535,152.055534,190.890377,14,2208.000000,7.000000,2.000000,0.000000
147,1,stochastic_plan,228,203.953962,182.998718,228.109587,17,2400.000000,0.000000,2.000000,0.000000
147,2,stochastic_plan,232,221.329507,206.456213,245.243677,18,2436.000000,4.000000,1.000000,0.000000
147,3,stochastic_plan,239,230.961521,211.907274,250.114567,19,2460.000000,0.000000,1.000000,1.000000
147,4,stochastic_plan,261,235.185234,217.117557,254.148705,19,2820.000000,0.000000,3.000000,3.000000
147,5,stochastic_plan,225,207.992486,191.973099,230.143397,17,2400.000000,0.000000,2.000000,3.000000
147,6,stochastic_plan,190,180.333215,152.610528,203.903923,14,2040.000000,0.000000,2.000000,2.000000
147,0,perfect_information,199,172.467535,152.055534,190.890377,17,2040.000000,0.000000,0.000000,5.000000
147,1,perfect_information,228,203.953962,182.998718,228.109587,19,2280.000000,0.000000,0.000000,0.000000
147,2,perfect_information,232,221.329507,206.456213,245.243677,19,2376.000000,4.000000,0.000000,0.000000
147,3,perfect_information,239,230.961521,211.907274,250.114567,20,2400.000000,0.000000,0.000000,1.000000
147,4,perfect_information,261,235.185234,217.117557,254.148705,22,2640.000000,0.000000,0.000000,3.000000
147,5,perfect_information,225,207.992486,191.973099,230.143397,19,2280.000000,0.000000,0.000000,3.000000
147,6,perfect_information,190,180.333215,152.610528,203.903923,16,1920.000000,0.000000,0.000000,2.000000
148,0,buffer_rule,175,187.731128,167.319127,206.743976,17,2040.000000,0.000000,0.000000,29.000000
148,1,buffer_rule,201,213.584581,192.629336,238.187289,20,2400.000000,0.000000,0.000000,39.000000
148,2,buffer_rule,222,226.670427,211.797133,250.584598,21,2520.000000,0.000000,0.000000,30.000000
148,3,buffer_rule,218,237.093800,218.039552,256.246845,20,2400.000000,0.000000,0.000000,22.000000
148,4,buffer_rule,223,248.524103,230.456425,270.410863,23,2760.000000,0.000000,0.000000,53.000000
148,5,buffer_rule,208,217.018811,200.999424,239.169722,19,2280.000000,0.000000,0.000000,20.000000
148,6,buffer_rule,164,186.309184,158.586497,209.879892,15,1800.000000,0.000000,0.000000,16.000000
148,0,point_plan,175,187.731128,167.319127,206.743976,16,1920.000000,0.000000,0.000000,17.000000
148,1,point_plan,201,213.584581,192.629336,238.187289,18,2160.000000,0.000000,0.000000,15.000000
148,2,point_plan,222,226.670427,211.797133,250.584598,19,2280.000000,0.000000,0.000000,6.000000
148,3,point_plan,218,237.093800,218.039552,256.246845,20,2400.000000,0.000000,0.000000,22.000000
148,4,point_plan,223,248.524103,230.456425,270.410863,21,2520.000000,0.000000,0.000000,29.000000
148,5,point_plan,208,217.018811,200.999424,239.169722,18,2160.000000,0.000000,0.000000,8.000000
148,6,point_plan,164,186.309184,158.586497,209.879892,16,1920.000000,0.000000,0.000000,28.000000
148,0,stochastic_plan,175,187.731128,167.319127,206.743976,16,1920.000000,0.000000,0.000000,17.000000
148,1,stochastic_plan,201,213.584581,192.629336,238.187289,18,2160.000000,0.000000,0.000000,15.000000
148,2,stochastic_plan,222,226.670427,211.797133,250.584598,19,2280.000000,0.000000,0.000000,6.000000
148,3,stochastic_plan,218,237.093800,218.039552,256.246845,20,2400.000000,0.000000,0.000000,22.000000
148,4,stochastic_plan,223,248.524103,230.456425,270.410863,20,2400.000000,0.000000,0.000000,17.000000
148,5,stochastic_plan,208,217.018811,200.999424,239.169722,18,2160.000000,0.000000,0.000000,8.000000
148,6,stochastic_plan,164,186.309184,158.586497,209.879892,15,1800.000000,0.000000,0.000000,16.000000
148,0,perfect_information,175,187.731128,167.319127,206.743976,15,1800.000000,0.000000,0.000000,5.000000
148,1,perfect_information,201,213.584581,192.629336,238.187289,17,2040.000000,0.000000,0.000000,3.000000
148,2,perfect_information,222,226.670427,211.797133,250.584598,19,2280.000000,0.000000,0.000000,6.000000
148,3,perfect_information,218,237.093800,218.039552,256.246845,18,2208.000000,2.000000,0.000000,0.000000
148,4,perfect_information,223,248.524103,230.456425,270.410863,19,2280.000000,0.000000,0.000000,5.000000
148,5,perfect_information,208,217.018811,200.999424,239.169722,17,2136.000000,4.000000,0.000000,0.000000
148,6,perfect_information,164,186.309184,158.586497,209.879892,14,1680.000000,0.000000,0.000000,4.000000
149,0,buffer_rule,164,175.641860,155.290880,194.654707,17,2040.000000,0.000000,0.000000,40.000000
149,1,buffer_rule,183,201.010004,183.487093,225.612712,20,2400.000000,0.000000,0.000000,57.000000
149,2,buffer_rule,199,218.239524,203.366230,242.153694,22,2640.000000,0.000000,0.000000,65.000000
149,3,buffer_rule,203,225.554534,206.936494,244.707580,21,2520.000000,0.000000,0.000000,49.000000
149,4,buffer_rule,237,233.201494,215.133816,255.088254,21,2520.000000,0.000000,0.000000,15.000000
149,5,buffer_rule,217,206.877674,193.213235,229.028585,19,2280.000000,0.000000,0.000000,11.000000
149,6,buffer_rule,155,173.795551,146.072864,197.366260,15,1800.000000,0.000000,0.000000,25.000000
149,0,point_plan,164,175.641860,155.290880,194.654707,15,1800.000000,0.000000,0.000000,16.000000
149,1,point_plan,183,201.010004,183.487093,225.612712,17,2040.000000,0.000000,0.000000,21.000000
149,2,point_plan,199,218.239524,203.366230,242.153694,18,2160.000000,0.000000,0.000000,17.000000
149,3,point_plan,203,225.554534,206.936494,244.707580,19,2280.000000,0.000000,0.000000,25.000000
149,4,point_plan,237,233.201494,215.133816,255.088254,20,2400.000000,0.000000,0.000000,3.000000
149,5,point_plan,217,206.877674,193.213235,229.028585,17,2244.000000,1.000000,1.000000,0.000000
149,6,point_plan,155,173.795551,146.072864,197.366260,15,1800.000000,0.000000,0.000000,25.000000
149,0,stochastic_plan,164,175.641860,155.290880,194.654707,15,1800.000000,0.000000,0.000000,16.000000
149,1,stochastic_plan,183,201.010004,183.487093,225.612712,17,2040.000000,0.000000,0.000000,21.000000
149,2,stochastic_plan,199,218.239524,203.366230,242.153694,18,2160.000000,0.000000,0.000000,17.000000
149,3,stochastic_plan,203,225.554534,206.936494,244.707580,19,2280.000000,0.000000,0.000000,25.000000
149,4,stochastic_plan,237,233.201494,215.133816,255.088254,19,2460.000000,0.000000,1.000000,3.000000
149,5,stochastic_plan,217,206.877674,193.213235,229.028585,17,2244.000000,1.000000,1.000000,0.000000
149,6,stochastic_plan,155,173.795551,146.072864,197.366260,14,1680.000000,0.000000,0.000000,13.000000
149,0,perfect_information,164,175.641860,155.290880,194.654707,14,1680.000000,0.000000,0.000000,4.000000
149,1,perfect_information,183,201.010004,183.487093,225.612712,15,1872.000000,3.000000,0.000000,0.000000
149,2,perfect_information,199,218.239524,203.366230,242.153694,17,2040.000000,0.000000,0.000000,5.000000
149,3,perfect_information,203,225.554534,206.936494,244.707580,17,2040.000000,0.000000,0.000000,1.000000
149,4,perfect_information,237,233.201494,215.133816,255.088254,20,2400.000000,0.000000,0.000000,3.000000
149,5,perfect_information,217,206.877674,193.213235,229.028585,17,2244.000000,1.000000,1.000000,0.000000
149,6,perfect_information,155,173.795551,146.072864,197.366260,13,1560.000000,0.000000,0.000000,1.000000
150,0,buffer_rule,165,171.616237,151.265257,190.573520,17,2040.000000,0.000000,0.000000,39.000000
150,1,buffer_rule,196,194.837664,176.842639,219.440372,19,2280.000000,0.000000,0.000000,32.000000
150,2,buffer_rule,203,210.923025,195.198799,233.230432,20,2400.000000,0.000000,0.000000,37.000000
150,3,buffer_rule,223,219.731018,200.201010,238.884064,20,2400.000000,0.000000,0.000000,17.000000
150,4,buffer_rule,235,234.906570,216.838892,253.870041,23,2760.000000,0.000000,0.000000,41.000000
150,5,buffer_rule,189,207.573877,193.909438,229.724788,20,2400.000000,0.000000,0.000000,51.000000
150,6,buffer_rule,172,169.625759,141.903072,193.196467,16,1920.000000,0.000000,0.000000,20.000000
150,0,point_plan,165,171.616237,151.265257,190.573520,14,1680.000000,0.000000,0.000000,3.000000
150,1,point_plan,196,194.837664,176.842639,219.440372,16,2016.000000,4.000000,0.000000,0.000000
150,2,point_plan,203,210.923025,195.198799,233.230432,18,2160.000000,0.000000,0.000000,13.000000
150,3,point_plan,223,219.731018,200.201010,238.884064,18,2328.000000,7.000000,0.000000,0.000000
150,4,point_plan,235,234.906570,216.838892,253.870041,20,2400.000000,0.000000,0.000000,5.000000
150,5,point_plan,189,207.573877,193.909438,229.724788,17,2040.000000,0.000000,0.000000,15.000000
150,6,point_plan,172,169.625759,141.903072,193.196467,14,1776.000000,4.000000,0.000000,0.000000
150,0,stochastic_plan,165,171.616237,151.265257,190.573520,14,1680.000000,0.000000,0.000000,3.000000
150,1,stochastic_plan,196,194.837664,176.842639,219.440372,16,2016.000000,4.000000,0.000000,0.000000
150,2,stochastic_plan,203,210.923025,195.198799,233.230432,17,2040.000000,0.000000,0.000000,1.000000
150,3,stochastic_plan,223,219.731018,200.201010,238.884064,18,2328.000000,7.000000,0.000000,0.000000
150,4,stochastic_plan,235,234.906570,216.838892,253.870041,19,2448.000000,7.000000,0.000000,0.000000
150,5,stochastic_plan,189,207.573877,193.909438,229.724788,17,2040.000000,0.000000,0.000000,15.000000
150,6,stochastic_plan,172,169.625759,141.903072,193.196467,13,1836.000000,4.000000,1.000000,0.000000
150,0,perfect_information,165,171.616237,151.265257,190.573520,14,1680.000000,0.000000,0.000000,3.000000
150,1,perfect_information,196,194.837664,176.842639,219.440372,16,2016.000000,4.000000,0.000000,0.000000
150,2,perfect_information,203,210.923025,195.198799,233.230432,17,2040.000000,0.000000,0.000000,1.000000
150,3,perfect_information,223,219.731018,200.201010,238.884064,19,2280.000000,0.000000,0.000000,5.000000
150,4,perfect_information,235,234.906570,216.838892,253.870041,20,2400.000000,0.000000,0.000000,5.000000
150,5,perfect_information,189,207.573877,193.909438,229.724788,16,1920.000000,0.000000,0.000000,3.000000
150,6,perfect_information,172,169.625759,141.903072,193.196467,14,1776.000000,4.000000,0.000000,0.000000
151,0,buffer_rule,180,173.776976,153.425997,192.734260,16,1920.000000,0.000000,0.000000,12.000000
151,1,buffer_rule,197,199.716572,181.721548,224.319281,19,2280.000000,0.000000,0.000000,31.000000
151,2,buffer_rule,243,213.245739,197.521512,235.553145,20,2472.000000,3.000000,0.000000,0.000000
151,3,buffer_rule,234,226.213240,206.683233,245.366286,22,2640.000000,0.000000,0.000000,30.000000
151,4,buffer_rule,248,236.397843,218.330166,255.361314,23,2760.000000,0.000000,0.000000,28.000000
151,5,buffer_rule,211,202.299987,186.280600,223.236348,19,2280.000000,0.000000,0.000000,17.000000
151,6,buffer_rule,189,175.177651,147.454964,198.748359,16,1920.000000,0.000000,0.000000,3.000000
151,0,point_plan,180,173.776976,153.425997,192.734260,15,1800.000000,0.000000,0.000000,0.000000
151,1,point_plan,197,199.716572,181.721548,224.319281,17,2040.000000,0.000000,0.000000,7.000000
151,2,point_plan,243,213.245739,197.521512,235.553145,18,2592.000000,3.000000,2.000000,0.000000
151,3,point_plan,234,226.213240,206.683233,245.366286,19,2424.000000,6.000000,0.000000,0.000000
151,4,point_plan,248,236.397843,218.330166,255.361314,20,2580.000000,0.000000,1.000000,4.000000
151,5,point_plan,211,202.299987,186.280600,223.236348,17,2208.000000,7.000000,0.000000,0.000000
151,6,point_plan,189,175.177651,147.454964,198.748359,15,1980.000000,0.000000,1.000000,3.000000
151,0,stochastic_plan,180,173.776976,153.425997,192.734260,14,1860.000000,0.000000,1.000000,0.000000
151,1,stochastic_plan,197,199.716572,181.721548,224.319281,16,2040.000000,5.000000,0.000000,0.000000
151,2,stochastic_plan,243,213.245739,197.521512,235.553145,18,2592.000000,3.000000,2.000000,0.000000
151,3,stochastic_plan,234,226.213240,206.683233,245.366286,19,2424.000000,6.000000,0.000000,0.000000
151,4,stochastic_plan,248,236.397843,218.330166,255.361314,19,2640.000000,0.000000,2.000000,4.000000
151,5,stochastic_plan,211,202.299987,186.280600,223.236348,17,2208.000000,7.000000,0.000000,0.000000
151,6,stochastic_plan,189,175.177651,147.454964,198.748359,14,2040.000000,0.000000,2.000000,3.000000
151,0,perfect_information,180,173.776976,153.425997,192.734260,15,1800.000000,0.000000,0.000000,0.000000
151,1,perfect_information,197,199.716572,181.721548,224.319281,16,2040.000000,5.000000,0.000000,0.000000
151,2,perfect_information,243,213.245739,197.521512,235.553145,20,2472.000000,3.000000,0.000000,0.000000
151,3,perfect_information,234,226.213240,206.683233,245.366286,20,2400.000000,0.000000,0.000000,6.000000
151,4,perfect_information,248,236.397843,218.330166,255.361314,21,2520.000000,0.000000,0.000000,4.000000
151,5,perfect_information,211,202.299987,186.280600,223.236348,18,2160.000000,0.000000,0.000000,5.000000
151,6,perfect_information,189,175.177651,147.454964,198.748359,16,1920.000000,0.000000,0.000000,3.000000
152,0,buffer_rule,180,183.588009,163.237030,202.545292,16,1920.000000,0.000000,0.000000,12.000000
152,1,buffer_rule,184,205.974993,187.979968,230.577701,18,2160.000000,0.000000,0.000000,32.000000
152,2,buffer_rule,204,229.552559,213.828333,253.466730,22,2640.000000,0.000000,0.000000,60.000000
152,3,buffer_rule,211,235.307273,215.777265,254.460319,22,2640.000000,0.000000,0.000000,53.000000
152,4,buffer_rule,237,246.008754,229.887942,264.972224,22,2640.000000,0.000000,0.000000,27.000000
152,5,buffer_rule,205,213.932143,197.912757,234.868505,19,2280.000000,0.000000,0.000000,23.000000
152,6,buffer_rule,175,185.938630,158.215943,205.992189,16,1920.000000,0.000000,0.000000,17.000000
152,0,point_plan,180,183.588009,163.237030,202.545292,15,1800.000000,0.000000,0.000000,0.000000
152,1,point_plan,184,205.974993,187.979968,230.577701,17,2040.000000,0.000000,0.000000,20.000000
152,2,point_plan,204,229.552559,213.828333,253.466730,19,2280.000000,0.000000,0.000000,24.000000
152,3,point_plan,211,235.307273,215.777265,254.460319,20,2400.000000,0.000000,0.000000,29.000000
152,4,point_plan,237,246.008754,229.887942,264.972224,21,2520.000000,0.000000,0.000000,15.000000
152,5,point_plan,205,213.932143,197.912757,234.868505,18,2160.000000,0.000000,0.000000,11.000000
152,6,point_plan,175,185.938630,158.215943,205.992189,16,1920.000000,0.000000,0.000000,17.000000
152,0,stochastic_plan,180,183.588009,163.237030,202.545292,15,1800.000000,0.000000,0.000000,0.000000
152,1,stochastic_plan,184,205.974993,187.979968,230.577701,17,2040.000000,0.000000,0.000000,20.000000
152,2,stochastic_plan,204,229.552559,213.828333,253.466730,19,2280.000000,0.000000,0.000000,24.000000
152,3,stochastic_plan,211,235.307273,215.777265,254.460319,20,2400.000000,0.000000,0.000000,29.000000
152,4,stochastic_plan,237,246.008754,229.887942,264.972224,20,2400.000000,0.000000,0.000000,3.000000
152,5,stochastic_plan,205,213.932143,197.912757,234.868505,18,2160.000000,0.000000,0.000000,11.000000
152,6,stochastic_plan,175,185.938630,158.215943,205.992189,15,1800.000000,0.000000,0.000000,5.000000
152,0,perfect_information,180,183.588009,163.237030,202.545292,15,1800.000000,0.000000,0.000000,0.000000
152,1,perfect_information,184,205.974993,187.979968,230.577701,15,1896.000000,4.000000,0.000000,0.000000
152,2,perfect_information,204,229.552559,213.828333,253.466730,17,2040.000000,0.000000,0.000000,0.000000
152,3,perfect_information,211,235.307273,215.777265,254.460319,18,2160.000000,0.000000,0.000000,5.000000
152,4,perfect_information,237,246.008754,229.887942,264.972224,20,2400.000000,0.000000,0.000000,3.000000
152,5,perfect_information,205,213.932143,197.912757,234.868505,17,2064.000000,1.000000,0.000000,0.000000
152,6,perfect_information,175,185.938630,158.215943,205.992189,15,1800.000000,0.000000,0.000000,5.000000
153,0,buffer_rule,180,179.891064,162.283230,198.848347,17,2040.000000,0.000000,0.000000,24.000000
153,1,buffer_rule,206,198.713214,177.742990,223.315922,18,2160.000000,0.000000,0.000000,10.000000
153,2,buffer_rule,220,216.087307,198.056367,240.001478,20,2400.000000,0.000000,0.000000,20.000000
153,3,buffer_rule,222,225.853200,206.323193,245.006246,21,2520.000000,0.000000,0.000000,30.000000
153,4,buffer_rule,229,239.724381,223.603569,258.687851,23,2760.000000,0.000000,0.000000,47.000000
153,5,buffer_rule,203,208.748235,192.728849,229.684597,20,2400.000000,0.000000,0.000000,37.000000
153,6,buffer_rule,168,178.766426,155.129344,198.819985,16,1920.000000,0.000000,0.000000,24.000000
153,0,point_plan,180,179.891064,162.283230,198.848347,15,1800.000000,0.000000,0.000000,0.000000
153,1,point_plan,206,198.713214,177.742990,223.315922,17,2088.000000,2.000000,0.000000,0.000000
153,2,point_plan,220,216.087307,198.056367,240.001478,18,2256.000000,4.000000,0.000000,0.000000
153,3,point_plan,222,225.853200,206.323193,245.006246,19,2280.000000,0.000000,0.000000,6.000000
153,4,point_plan,229,239.724381,223.603569,258.687851,20,2400.000000,0.000000,0.000000,11.000000
153,5,point_plan,203,208.748235,192.728849,229.684597,17,2040.000000,0.000000,0.000000,1.000000
153,6,point_plan,168,178.766426,155.129344,198.819985,15,1800.000000,0.000000,0.000000,12.000000
153,0,stochastic_plan,180,179.891064,162.283230,198.848347,15,1800.000000,0.000000,0.000000,0.000000
153,1,stochastic_plan,206,198.713214,177.742990,223.315922,16,2148.000000,2.000000,1.000000,0.000000
153,2,stochastic_plan,220,216.087307,198.056367,240.001478,18,2256.000000,4.000000,0.000000,0.000000
153,3,stochastic_plan,222,225.853200,206.323193,245.006246,19,2280.000000,0.000000,0.000000,6.000000
153,4,stochastic_plan,229,239.724381,223.603569,258.687851,20,2400.000000,0.000000,0.000000,11.000000
153,5,stochastic_plan,203,208.748235,192.728849,229.684597,17,2040.000000,0.000000,0.000000,1.000000
153,6,stochastic_plan,168,178.766426,155.129344,198.819985,14,1680.000000,0.000000,0.000000,0.000000
153,0,perfect_information,180,179.891064,162.283230,198.848347,15,1800.000000,0.000000,0.000000,0.000000
153,1,perfect_information,206,198.713214,177.742990,223.315922,17,2088.000000,2.000000,0.000000,0.000000
153,2,perfect_information,220,216.087307,198.056367,240.001478,18,2256.000000,4.000000,0.000000,0.000000
153,3,perfect_information,222,225.853200,206.323193,245.006246,19,2280.000000,0.000000,0.000000,6.000000
153,4,perfect_information,229,239.724381,223.603569,258.687851,19,2304.000000,1.000000,0.000000,0.000000
153,5,perfect_information,203,208.748235,192.728849,229.684597,17,2040.000000,0.000000,0.000000,1.000000
153,6,perfect_information,168,178.766426,155.129344,198.819985,14,1680.000000,0.000000,0.000000,0.000000
154,0,buffer_rule,188,182.268792,164.660959,201.226076,17,2040.000000,0.000000,0.000000,16.000000
154,1,buffer_rule,191,206.486154,185.515930,231.088862,20,2400.000000,0.000000,0.000000,49.000000
154,2,buffer_rule,216,222.308435,204.277494,246.222605,21,2520.000000,0.000000,0.000000,36.000000
154,3,buffer_rule,226,230.701714,211.171707,249.854760,22,2640.000000,0.000000,0.000000,38.000000
154,4,buffer_rule,245,239.885553,223.764742,258.849024,21,2520.000000,0.000000,0.000000,7.000000
154,5,buffer_rule,206,210.217798,196.553359,231.154160,19,2280.000000,0.000000,0.000000,22.000000
154,6,buffer_rule,180,179.465739,155.828657,199.519298,15,1800.000000,0.000000,0.000000,0.000000
154,0,point_plan,188,182.268792,164.660959,201.226076,15,1980.000000,0.000000,1.000000,4.000000
154,1,point_plan,191,206.486154,185.515930,231.088862,17,2040.000000,0.000000,0.000000,13.000000
154,2,point_plan,216,222.308435,204.277494,246.222605,19,2280.000000,0.000000,0.000000,12.000000
154,3,point_plan,226,230.701714,211.171707,249.854760,19,2280.000000,0.000000,0.000000,2.000000
154,4,point_plan,245,239.885553,223.764742,258.849024,20,2520.000000,5.000000,0.000000,0.000000
154,5,point_plan,206,210.217798,196.553359,231.154160,18,2160.000000,0.000000,0.000000,10.000000
154,6,point_plan,180,179.465739,155.828657,199.519298,15,1800.000000,0.000000,0.000000,0.000000
154,0,stochastic_plan,188,182.268792,164.660959,201.226076,15,1980.000000,0.000000,1.000000,4.000000
154,1,stochastic_plan,191,206.486154,185.515930,231.088862,17,2040.000000,0.000000,0.000000,13.000000
154,2,stochastic_plan,216,222.308435,204.277494,246.222605,18,2160.000000,0.000000,0.000000,0.000000
154,3,stochastic_plan,226,230.701714,211.171707,249.854760,19,2280.000000,0.000000,0.000000,2.000000
154,4,stochastic_plan,245,239.885553,223.764742,258.849024,20,2520.000000,5.000000,0.000000,0.000000
154,5,stochastic_plan,206,210.217798,196.553359,231.154160,17,2088.000000,2.000000,0.000000,0.000000
154,6,stochastic_plan,180,179.465739,155.828657,199.519298,14,1860.000000,0.000000,1.000000,0.000000
154,0,perfect_information,188,182.268792,164.660959,201.226076,16,1920.000000,0.000000,0.000000,4.000000
154,1,perfect_information,191,206.486154,185.515930,231.088862,16,1920.000000,0.000000,0.000000,1.000000
154,2,perfect_information,216,222.308435,204.277494,246.222605,18,2160.000000,0.000000,0.000000,0.000000
154,3,perfect_information,226,230.701714,211.171707,249.854760,19,2280.000000,0.000000,0.000000,2.000000
154,4,perfect_information,245,239.885553,223.764742,258.849024,20,2520.000000,5.000000,0.000000,0.000000
154,5,perfect_information,206,210.217798,196.553359,231.154160,17,2088.000000,2.000000,0.000000,0.000000
154,6,perfect_information,180,179.465739,155.828657,199.519298,15,1800.000000,0.000000,0.000000,0.000000
155,0,buffer_rule,156,186.410835,168.803001,205.368118,18,2160.000000,0.000000,0.000000,60.000000
155,1,buffer_rule,180,204.609701,183.639478,229.212409,18,2160.000000,0.000000,0.000000,36.000000
155,2,buffer_rule,203,223.285685,205.254745,247.199856,20,2400.000000,0.000000,0.000000,37.000000
155,3,buffer_rule,207,233.517162,214.899122,252.670208,21,2520.000000,0.000000,0.000000,45.000000
155,4,buffer_rule,207,245.581133,229.460321,264.544603,23,2760.000000,0.000000,0.000000,69.000000
155,5,buffer_rule,181,213.018467,199.354028,233.954829,19,2280.000000,0.000000,0.000000,47.000000
155,6,buffer_rule,142,184.149861,160.512779,204.203420,16,1920.000000,0.000000,0.000000,50.000000
155,0,point_plan,156,186.410835,168.803001,205.368118,16,1920.000000,0.000000,0.000000,36.000000
155,1,point_plan,180,204.609701,183.639478,229.212409,17,2040.000000,0.000000,0.000000,24.000000
155,2,point_plan,203,223.285685,205.254745,247.199856,19,2280.000000,0.000000,0.000000,25.000000
155,3,point_plan,207,233.517162,214.899122,252.670208,20,2400.000000,0.000000,0.000000,33.000000
155,4,point_plan,207,245.581133,229.460321,264.544603,21,2520.000000,0.000000,0.000000,45.000000
155,5,point_plan,181,213.018467,199.354028,233.954829,18,2160.000000,0.000000,0.000000,35.000000
155,6,point_plan,142,184.149861,160.512779,204.203420,15,1800.000000,0.000000,0.000000,38.000000
155,0,stochastic_plan,156,186.410835,168.803001,205.368118,15,1800.000000,0.000000,0.000000,24.000000
155,1,stochastic_plan,180,204.609701,183.639478,229.212409,17,2040.000000,0.000000,0.000000,24.000000
155,2,stochastic_plan,203,223.285685,205.254745,247.199856,18,2160.000000,0.000000,0.000000,13.000000
155,3,stochastic_plan,207,233.517162,214.899122,252.670208,19,2280.000000,0.000000,0.000000,21.000000
155,4,stochastic_plan,207,245.581133,229.460321,264.544603,20,2400.000000,0.000000,0.000000,33.000000
155,5,stochastic_plan,181,213.018467,199.354028,233.954829,18,2160.000000,0.000000,0.000000,35.000000
155,6,stochastic_plan,142,184.149861,160.512779,204.203420,15,1800.000000,0.000000,0.000000,38.000000
155,0,perfect_information,156,186.410835,168.803001,205.368118,13,1560.000000,0.000000,0.000000,0.000000
155,1,perfect_information,180,204.609701,183.639478,229.212409,15,1800.000000,0.000000,0.000000,0.000000
155,2,perfect_information,203,223.285685,205.254745,247.199856,17,2040.000000,0.000000,0.000000,1.000000
155,3,perfect_information,207,233.517162,214.899122,252.670208,17,2112.000000,3.000000,0.000000,0.000000
155,4,perfect_information,207,245.581133,229.460321,264.544603,17,2112.000000,3.000000,0.000000,0.000000
155,5,perfect_information,181,213.018467,199.354028,233.954829,15,1824.000000,1.000000,0.000000,0.000000
155,6,perfect_information,142,184.149861,160.512779,204.203420,12,1440.000000,0.000000,0.000000,2.000000
