week,weekday,method,demand,forecast,lower80,upper80,regular_workers,cost,shortage_units,overtime_workers,unused_capacity
104,0,buffer_rule,207,171.161685,152.514149,188.926384,17,2112.000000,3.000000,0.000000,0.000000
104,1,buffer_rule,270,194.326581,178.307350,215.250684,19,2964.000000,6.000000,3.000000,0.000000
104,2,buffer_rule,259,210.605505,199.679983,235.711239,21,2688.000000,7.000000,0.000000,0.000000
104,3,buffer_rule,275,220.182707,204.836370,242.283669,21,2880.000000,0.000000,2.000000,1.000000
104,4,buffer_rule,289,226.839676,211.937742,250.380021,21,3084.000000,1.000000,3.000000,0.000000
104,5,buffer_rule,277,202.002130,183.414703,227.757653,20,2964.000000,1.000000,3.000000,0.000000
104,6,buffer_rule,232,168.937445,144.559314,186.060840,16,2556.000000,4.000000,3.000000,0.000000
104,0,point_plan,207,171.161685,152.514149,188.926384,14,2292.000000,3.000000,3.000000,0.000000
104,1,point_plan,270,194.326581,178.307350,215.250684,16,3252.000000,18.000000,5.000000,0.000000
104,2,point_plan,259,210.605505,199.679983,235.711239,18,2868.000000,7.000000,3.000000,0.000000
104,3,point_plan,275,220.182707,204.836370,242.283669,18,3060.000000,0.000000,5.000000,1.000000
104,4,point_plan,289,226.839676,211.937742,250.380021,19,3204.000000,1.000000,5.000000,0.000000
104,5,point_plan,277,202.002130,183.414703,227.757653,17,3252.000000,13.000000,5.000000,0.000000
104,6,point_plan,232,168.937445,144.559314,186.060840,14,2676.000000,4.000000,5.000000,0.000000
104,0,stochastic_plan,207,171.161685,152.514149,188.926384,14,2292.000000,3.000000,3.000000,0.000000
104,1,stochastic_plan,270,194.326581,178.307350,215.250684,16,3252.000000,18.000000,5.000000,0.000000
104,2,stochastic_plan,259,210.605505,199.679983,235.711239,17,2928.000000,7.000000,4.000000,0.000000
104,3,stochastic_plan,275,220.182707,204.836370,242.283669,18,3060.000000,0.000000,5.000000,1.000000
104,4,stochastic_plan,289,226.839676,211.937742,250.380021,19,3204.000000,1.000000,5.000000,0.000000
104,5,stochastic_plan,277,202.002130,183.414703,227.757653,17,3252.000000,13.000000,5.000000,0.000000
104,6,stochastic_plan,232,168.937445,144.559314,186.060840,13,2844.000000,16.000000,5.000000,0.000000
104,0,perfect_information,207,171.161685,152.514149,188.926384,17,2112.000000,3.000000,0.000000,0.000000
104,1,perfect_information,270,194.326581,178.307350,215.250684,21,2844.000000,6.000000,1.000000,0.000000
104,2,perfect_information,259,210.605505,199.679983,235.711239,21,2688.000000,7.000000,0.000000,0.000000
104,3,perfect_information,275,220.182707,204.836370,242.283669,23,2760.000000,0.000000,0.000000,1.000000
104,4,perfect_information,289,226.839676,211.937742,250.380021,21,3084.000000,1.000000,3.000000,0.000000
104,5,perfect_information,277,202.002130,183.414703,227.757653,18,3084.000000,1.000000,5.000000,0.000000
104,6,perfect_information,232,168.937445,144.559314,186.060840,14,2676.000000,4.000000,5.000000,0.000000
105,0,buffer_rule,210,201.762387,183.114851,220.184066,15,2304.000000,6.000000,2.000000,0.000000
105,1,buffer_rule,247,237.331172,221.311941,261.640675,19,2628.000000,7.000000,1.000000,0.000000
105,2,buffer_rule,251,244.513831,233.588309,270.089565,20,2580.000000,0.000000,1.000000,1.000000
105,3,buffer_rule,286,257.329918,241.983581,280.602605,21,3060.000000,0.000000,3.000000,2.000000
105,4,buffer_rule,322,267.486684,252.584751,291.740784,22,3540.000000,0.000000,5.000000,2.000000
105,5,buffer_rule,248,242.523243,223.935816,268.329500,21,2520.000000,0.000000,0.000000,4.000000
105,6,buffer_rule,187,210.099367,185.721236,230.836747,17,2040.000000,0.000000,0.000000,17.000000
105,0,point_plan,210,201.762387,183.114851,220.184066,17,2184.000000,6.000000,0.000000,0.000000
105,1,point_plan,247,237.331172,221.311941,261.640675,20,2568.000000,7.000000,0.000000,0.000000
105,2,point_plan,251,244.513831,233.588309,270.089565,20,2580.000000,0.000000,1.000000,1.000000
105,3,point_plan,286,257.329918,241.983581,280.602605,21,3060.000000,0.000000,3.000000,2.000000
105,4,point_plan,322,267.486684,252.584751,291.740784,22,3540.000000,0.000000,5.000000,2.000000
105,5,point_plan,248,242.523243,223.935816,268.329500,19,2640.000000,0.000000,2.000000,4.000000
105,6,point_plan,187,210.099367,185.721236,230.836747,16,1920.000000,0.000000,0.000000,5.000000
105,0,stochastic_plan,210,201.762387,183.114851,220.184066,16,2244.000000,6.000000,1.000000,0.000000
105,1,stochastic_plan,247,237.331172,221.311941,261.640675,19,2628.000000,7.000000,1.000000,0.000000
105,2,stochastic_plan,251,244.513831,233.588309,270.089565,20,2580.000000,0.000000,1.000000,1.000000
105,3,stochastic_plan,286,257.329918,241.983581,280.602605,21,3060.000000,0.000000,3.000000,2.000000
105,4,stochastic_plan,322,267.486684,252.584751,291.740784,22,3540.000000,0.000000,5.000000,2.000000
105,5,stochastic_plan,248,242.523243,223.935816,268.329500,20,2580.000000,0.000000,1.000000,4.000000
105,6,stochastic_plan,187,210.099367,185.721236,230.836747,17,2040.000000,0.000000,0.000000,17.000000
105,0,perfect_information,210,201.762387,183.114851,220.184066,17,2184.000000,6.000000,0.000000,0.000000
105,1,perfect_information,247,237.331172,221.311941,261.640675,20,2568.000000,7.000000,0.000000,0.000000
105,2,perfect_information,251,244.513831,233.588309,270.089565,21,2520.000000,0.000000,0.000000,1.000000
105,3,perfect_information,286,257.329918,241.983581,280.602605,23,2940.000000,0.000000,1.000000,2.000000
105,4,perfect_information,322,267.486684,252.584751,291.740784,22,3540.000000,0.000000,5.000000,2.000000
105,5,perfect_information,248,242.523243,223.935816,268.329500,18,2700.000000,0.000000,3.000000,4.000000
105,6,perfect_information,187,210.099367,185.721236,230.836747,14,2028.000000,7.000000,1.000000,0.000000
106,0,buffer_rule,223,201.671574,183.024038,220.093253,16,2448.000000,7.000000,2.000000,0.000000
106,1,buffer_rule,283,229.390790,213.371559,253.700292,19,3168.000000,7.000000,4.000000,0.000000
106,2,buffer_rule,277,241.164022,230.238500,266.739757,20,2964.000000,1.000000,3.000000,0.000000
106,3,buffer_rule,286,259.286609,243.940272,287.424865,23,2940.000000,0.000000,1.000000,2.000000
106,4,buffer_rule,291,276.069169,261.167236,305.257776,23,3012.000000,3.000000,1.000000,0.000000
106,5,buffer_rule,270,232.690749,214.103322,258.483749,19,2964.000000,6.000000,3.000000,0.000000
106,6,buffer_rule,208,195.969156,171.591025,216.706536,15,2256.000000,4.000000,2.000000,0.000000
106,0,point_plan,223,201.671574,183.024038,220.093253,17,2388.000000,7.000000,1.000000,0.000000
106,1,point_plan,283,229.390790,213.371559,253.700292,19,3168.000000,7.000000,4.000000,0.000000
106,2,point_plan,277,241.164022,230.238500,266.739757,20,2964.000000,1.000000,3.000000,0.000000
106,3,point_plan,286,259.286609,243.940272,287.424865,21,3060.000000,0.000000,3.000000,2.000000
106,4,point_plan,291,276.069169,261.167236,305.257776,23,3012.000000,3.000000,1.000000,0.000000
106,5,point_plan,270,232.690749,214.103322,258.483749,19,2964.000000,6.000000,3.000000,0.000000
106,6,point_plan,208,195.969156,171.591025,216.706536,16,2196.000000,4.000000,1.000000,0.000000
106,0,stochastic_plan,223,201.671574,183.024038,220.093253,17,2388.000000,7.000000,1.000000,0.000000
106,1,stochastic_plan,283,229.390790,213.371559,253.700292,19,3168.000000,7.000000,4.000000,0.000000
106,2,stochastic_plan,277,241.164022,230.238500,266.739757,20,2964.000000,1.000000,3.000000,0.000000
106,3,stochastic_plan,286,259.286609,243.940272,287.424865,22,3000.000000,0.000000,2.000000,2.000000
106,4,stochastic_plan,291,276.069169,261.167236,305.257776,23,3012.000000,3.000000,1.000000,0.000000
106,5,stochastic_plan,270,232.690749,214.103322,258.483749,19,2964.000000,6.000000,3.000000,0.000000
106,6,stochastic_plan,208,195.969156,171.591025,216.706536,15,2256.000000,4.000000,2.000000,0.000000
106,0,perfect_information,223,201.671574,183.024038,220.093253,18,2328.000000,7.000000,0.000000,0.000000
106,1,perfect_information,283,229.390790,213.371559,253.700292,22,2988.000000,7.000000,1.000000,0.000000
106,2,perfect_information,277,241.164022,230.238500,266.739757,23,2784.000000,1.000000,0.000000,0.000000
106,3,perfect_information,286,259.286609,243.940272,287.424865,23,2940.000000,0.000000,1.000000,2.000000
106,4,perfect_information,291,276.069169,261.167236,305.257776,19,3252.000000,3.000000,5.000000,0.000000
106,5,perfect_information,270,232.690749,214.103322,258.483749,17,3084.000000,6.000000,5.000000,0.000000
106,6,perfect_information,208,195.969156,171.591025,216.706536,13,2376.000000,4.000000,4.000000,0.000000
107,0,buffer_rule,243,213.473393,194.825857,234.516817,17,2652.000000,3.000000,3.000000,0.000000
107,1,buffer_rule,261,247.597154,231.577923,274.230486,21,2700.000000,0.000000,1.000000,3.000000
107,2,buffer_rule,277,256.766070,245.840548,283.472218,21,2904.000000,1.000000,2.000000,0.000000
107,3,buffer_rule,287,266.460381,251.114044,294.934793,22,3000.000000,0.000000,2.000000,1.000000
107,4,buffer_rule,308,274.324664,260.032951,303.513271,22,3360.000000,0.000000,4.000000,4.000000
107,5,buffer_rule,272,246.744033,228.235772,272.882497,18,3060.000000,0.000000,5.000000,4.000000
107,6,buffer_rule,222,209.550857,185.172725,230.288237,14,2544.000000,6.000000,4.000000,0.000000
107,0,point_plan,243,213.473393,194.825857,234.516817,18,2592.000000,3.000000,2.000000,0.000000
107,1,point_plan,261,247.597154,231.577923,274.230486,21,2700.000000,0.000000,1.000000,3.000000
107,2,point_plan,277,256.766070,245.840548,283.472218,21,2904.000000,1.000000,2.000000,0.000000
107,3,point_plan,287,266.460381,251.114044,294.934793,22,3000.000000,0.000000,2.000000,1.000000
107,4,point_plan,308,274.324664,260.032951,303.513271,21,3420.000000,0.000000,5.000000,4.000000
107,5,point_plan,272,246.744033,228.235772,272.882497,18,3060.000000,0.000000,5.000000,4.000000
107,6,point_plan,222,209.550857,185.172725,230.288237,14,2544.000000,6.000000,4.000000,0.000000
107,0,stochastic_plan,243,213.473393,194.825857,234.516817,16,2712.000000,3.000000,4.000000,0.000000
107,1,stochastic_plan,261,247.597154,231.577923,274.230486,20,2760.000000,0.000000,2.000000,3.000000
107,2,stochastic_plan,277,256.766070,245.840548,283.472218,21,2904.000000,1.000000,2.000000,0.000000
107,3,stochastic_plan,287,266.460381,251.114044,294.934793,21,3060.000000,0.000000,3.000000,1.000000
107,4,stochastic_plan,308,274.324664,260.032951,303.513271,22,3360.000000,0.000000,4.000000,4.000000
107,5,stochastic_plan,272,246.744033,228.235772,272.882497,19,3000.000000,0.000000,4.000000,4.000000
107,6,stochastic_plan,222,209.550857,185.172725,230.288237,16,2424.000000,6.000000,2.000000,0.000000
107,0,perfect_information,243,213.473393,194.825857,234.516817,20,2472.000000,3.000000,0.000000,0.000000
107,1,perfect_information,261,247.597154,231.577923,274.230486,22,2640.000000,0.000000,0.000000,3.000000
107,2,perfect_information,277,256.766070,245.840548,283.472218,21,2904.000000,1.000000,2.000000,0.000000
107,3,perfect_information,287,266.460381,251.114044,294.934793,19,3180.000000,0.000000,5.000000,1.000000
107,4,perfect_information,308,274.324664,260.032951,303.513271,21,3420.000000,0.000000,5.000000,4.000000
107,5,perfect_information,272,246.744033,228.235772,272.882497,18,3060.000000,0.000000,5.000000,4.000000
107,6,perfect_information,222,209.550857,185.172725,230.288237,14,2544.000000,6.000000,4.000000,0.000000
108,0,buffer_rule,274,224.441157,206.394208,247.788249,18,3060.000000,0.000000,5.000000,2.000000
108,1,buffer_rule,251,246.792189,230.956944,273.425521,19,2640.000000,0.000000,2.000000,1.000000
108,2,buffer_rule,275,262.089835,251.164313,288.795983,20,2940.000000,0.000000,3.000000,1.000000
108,3,buffer_rule,298,272.204426,256.858088,300.678838,21,3240.000000,0.000000,4.000000,2.000000
108,4,buffer_rule,310,284.733286,270.441573,317.286681,23,3300.000000,0.000000,3.000000,2.000000
108,5,buffer_rule,268,252.969980,238.808814,279.108443,19,2916.000000,4.000000,3.000000,0.000000
108,6,buffer_rule,235,218.574713,194.196582,239.312093,15,2688.000000,7.000000,4.000000,0.000000
108,0,point_plan,274,224.441157,206.394208,247.788249,19,3000.000000,0.000000,4.000000,2.000000
108,1,point_plan,251,246.792189,230.956944,273.425521,20,2580.000000,0.000000,1.000000,1.000000
108,2,point_plan,275,262.089835,251.164313,288.795983,22,2820.000000,0.000000,1.000000,1.000000
108,3,point_plan,298,272.204426,256.858088,300.678838,23,3120.000000,0.000000,2.000000,2.000000
108,4,point_plan,310,284.733286,270.441573,317.286681,21,3420.000000,0.000000,5.000000,2.000000
108,5,point_plan,268,252.969980,238.808814,279.108443,17,3036.000000,4.000000,5.000000,0.000000
108,6,point_plan,235,218.574713,194.196582,239.312093,13,2916.000000,19.000000,5.000000,0.000000
108,0,stochastic_plan,274,224.441157,206.394208,247.788249,17,3180.000000,10.000000,5.000000,0.000000
108,1,stochastic_plan,251,246.792189,230.956944,273.425521,19,2640.000000,0.000000,2.000000,1.000000
108,2,stochastic_plan,275,262.089835,251.164313,288.795983,21,2880.000000,0.000000,2.000000,1.000000
108,3,stochastic_plan,298,272.204426,256.858088,300.678838,21,3240.000000,0.000000,4.000000,2.000000
108,4,stochastic_plan,310,284.733286,270.441573,317.286681,22,3360.000000,0.000000,4.000000,2.000000
108,5,stochastic_plan,268,252.969980,238.808814,279.108443,19,2916.000000,4.000000,3.000000,0.000000
108,6,stochastic_plan,235,218.574713,194.196582,239.312093,16,2628.000000,7.000000,3.000000,0.000000
108,0,perfect_information,274,224.441157,206.394208,247.788249,23,2760.000000,0.000000,0.000000,2.000000
108,1,perfect_information,251,246.792189,230.956944,273.425521,21,2520.000000,0.000000,0.000000,1.000000
108,2,perfect_information,275,262.089835,251.164313,288.795983,19,3000.000000,0.000000,4.000000,1.000000
108,3,perfect_information,298,272.204426,256.858088,300.678838,20,3300.000000,0.000000,5.000000,2.000000
108,4,perfect_information,310,284.733286,270.441573,317.286681,21,3420.000000,0.000000,5.000000,2.000000
108,5,perfect_information,268,252.969980,238.808814,279.108443,17,3036.000000,4.000000,5.000000,0.000000
108,6,perfect_information,235,218.574713,194.196582,239.312093,14,2748.000000,7.000000,5.000000,0.000000
109,0,buffer_rule,249,239.688586,223.925632,268.619672,20,2580.000000,0.000000,1.000000,3.000000
109,1,buffer_rule,278,251.535287,235.700042,278.168619,18,3108.000000,2.000000,5.000000,0.000000
109,2,buffer_rule,271,268.258546,258.338109,294.964693,20,2928.000000,7.000000,2.000000,0.000000
109,3,buffer_rule,276,282.447142,267.100804,310.921554,22,2820.000000,0.000000,1.000000,0.000000
109,4,buffer_rule,298,292.898535,278.606823,325.451931,22,3180.000000,0.000000,3.000000,2.000000
109,5,buffer_rule,256,259.010739,244.849574,285.149203,18,2796.000000,4.000000,3.000000,0.000000
109,6,buffer_rule,228,228.267808,203.889676,249.005187,15,2520.000000,0.000000,4.000000,0.000000
109,0,point_plan,249,239.688586,223.925632,268.619672,20,2580.000000,0.000000,1.000000,3.000000
109,1,point_plan,278,251.535287,235.700042,278.168619,21,2928.000000,2.000000,2.000000,0.000000
109,2,point_plan,271,268.258546,258.338109,294.964693,22,2808.000000,7.000000,0.000000,0.000000
109,3,point_plan,276,282.447142,267.100804,310.921554,23,2760.000000,0.000000,0.000000,0.000000
109,4,point_plan,298,292.898535,278.606823,325.451931,19,3420.000000,10.000000,5.000000,0.000000
109,5,point_plan,256,259.010739,244.849574,285.149203,16,2916.000000,4.000000,5.000000,0.000000
109,6,point_plan,228,228.267808,203.889676,249.005187,14,2580.000000,0.000000,5.000000,0.000000
109,0,stochastic_plan,249,239.688586,223.925632,268.619672,18,2700.000000,0.000000,3.000000,3.000000
109,1,stochastic_plan,278,251.535287,235.700042,278.168619,19,3048.000000,2.000000,4.000000,0.000000
109,2,stochastic_plan,271,268.258546,258.338109,294.964693,20,2928.000000,7.000000,2.000000,0.000000
109,3,stochastic_plan,276,282.447142,267.100804,310.921554,21,2880.000000,0.000000,2.000000,0.000000
109,4,stochastic_plan,298,292.898535,278.606823,325.451931,22,3180.000000,0.000000,3.000000,2.000000
109,5,stochastic_plan,256,259.010739,244.849574,285.149203,19,2736.000000,4.000000,2.000000,0.000000
109,6,stochastic_plan,228,228.267808,203.889676,249.005187,16,2460.000000,0.000000,3.000000,0.000000
109,0,perfect_information,249,239.688586,223.925632,268.619672,21,2520.000000,0.000000,0.000000,3.000000
109,1,perfect_information,278,251.535287,235.700042,278.168619,23,2808.000000,2.000000,0.000000,0.000000
109,2,perfect_information,271,268.258546,258.338109,294.964693,22,2808.000000,7.000000,0.000000,0.000000
109,3,perfect_information,276,282.447142,267.100804,310.921554,19,3000.000000,0.000000,4.000000,0.000000
109,4,perfect_information,298,292.898535,278.606823,325.451931,20,3300.000000,0.000000,5.000000,2.000000
109,5,perfect_information,256,259.010739,244.849574,285.149203,16,2916.000000,4.000000,5.000000,0.000000
109,6,perfect_information,228,228.267808,203.889676,249.005187,14,2580.000000,0.000000,5.000000,0.000000
110,0,buffer_rule,225,231.154737,215.391783,260.085823,18,2340.000000,0.000000,1.000000,3.000000
110,1,buffer_rule,267,256.997370,241.162125,283.805312,21,2772.000000,3.000000,1.000000,0.000000
110,2,buffer_rule,304,265.136215,255.315115,291.842363,21,3336.000000,4.000000,4.000000,0.000000
110,3,buffer_rule,305,274.454566,261.805946,302.928978,20,3420.000000,5.000000,5.000000,0.000000
110,4,buffer_rule,314,287.767825,273.476112,320.321221,22,3408.000000,2.000000,4.000000,0.000000
110,5,buffer_rule,277,253.689814,239.528648,279.828277,18,3084.000000,1.000000,5.000000,0.000000
110,6,buffer_rule,215,224.045340,200.190960,244.782720,15,2340.000000,0.000000,3.000000,1.000000
110,0,point_plan,225,231.154737,215.391783,260.085823,19,2280.000000,0.000000,0.000000,3.000000
110,1,point_plan,267,256.997370,241.162125,283.805312,21,2772.000000,3.000000,1.000000,0.000000
110,2,point_plan,304,265.136215,255.315115,291.842363,22,3276.000000,4.000000,3.000000,0.000000
110,3,point_plan,305,274.454566,261.805946,302.928978,23,3240.000000,5.000000,2.000000,0.000000
110,4,point_plan,314,287.767825,273.476112,320.321221,20,3636.000000,14.000000,5.000000,0.000000
110,5,point_plan,277,253.689814,239.528648,279.828277,16,3420.000000,25.000000,5.000000,0.000000
110,6,point_plan,215,224.045340,200.190960,244.782720,14,2400.000000,0.000000,4.000000,1.000000
110,0,stochastic_plan,225,231.154737,215.391783,260.085823,17,2400.000000,0.000000,2.000000,3.000000
110,1,stochastic_plan,267,256.997370,241.162125,283.805312,19,2892.000000,3.000000,3.000000,0.000000
110,2,stochastic_plan,304,265.136215,255.315115,291.842363,21,3336.000000,4.000000,4.000000,0.000000
110,3,stochastic_plan,305,274.454566,261.805946,302.928978,21,3360.000000,5.000000,4.000000,0.000000
110,4,stochastic_plan,314,287.767825,273.476112,320.321221,22,3408.000000,2.000000,4.000000,0.000000
110,5,stochastic_plan,277,253.689814,239.528648,279.828277,19,3024.000000,1.000000,4.000000,0.000000
110,6,stochastic_plan,215,224.045340,200.190960,244.782720,16,2280.000000,0.000000,2.000000,1.000000
110,0,perfect_information,225,231.154737,215.391783,260.085823,19,2280.000000,0.000000,0.000000,3.000000
110,1,perfect_information,267,256.997370,241.162125,283.805312,22,2712.000000,3.000000,0.000000,0.000000
110,2,perfect_information,304,265.136215,255.315115,291.842363,21,3336.000000,4.000000,4.000000,0.000000
110,3,perfect_information,305,274.454566,261.805946,302.928978,20,3420.000000,5.000000,5.000000,0.000000
110,4,perfect_information,314,287.767825,273.476112,320.321221,21,3468.000000,2.000000,5.000000,0.000000
110,5,perfect_information,277,253.689814,239.528648,279.828277,18,3084.000000,1.000000,5.000000,0.000000
110,6,perfect_information,215,224.045340,200.190960,244.782720,14,2400.000000,0.000000,4.000000,1.000000
111,0,buffer_rule,224,230.962788,215.199834,259.893873,15,2520.000000,0.000000,4.000000,4.000000
111,1,buffer_rule,253,259.342359,243.507114,286.150301,19,2664.000000,1.000000,2.000000,0.000000
111,2,buffer_rule,274,279.287689,269.466589,310.371465,22,2820.000000,0.000000,1.000000,2.000000
111,3,buffer_rule,275,287.407503,274.758883,316.121829,22,2820.000000,0.000000,1.000000,1.000000
111,4,buffer_rule,311,297.696150,283.404437,330.249546,23,3300.000000,0.000000,3.000000,1.000000
111,5,buffer_rule,255,264.284945,250.123780,290.423409,19,2712.000000,3.000000,2.000000,0.000000
111,6,buffer_rule,228,226.052129,202.197749,246.789509,15,2520.000000,0.000000,4.000000,0.000000
111,0,point_plan,224,230.962788,215.199834,259.893873,19,2280.000000,0.000000,0.000000,4.000000
111,1,point_plan,253,259.342359,243.507114,286.150301,21,2544.000000,1.000000,0.000000,0.000000
111,2,point_plan,274,279.287689,269.466589,310.371465,23,2760.000000,0.000000,0.000000,2.000000
111,3,point_plan,275,287.407503,274.758883,316.121829,21,2880.000000,0.000000,2.000000,1.000000
111,4,point_plan,311,297.696150,283.404437,330.249546,20,3564.000000,11.000000,5.000000,0.000000
111,5,point_plan,255,264.284945,250.123780,290.423409,17,2832.000000,3.000000,4.000000,0.000000
111,6,point_plan,228,226.052129,202.197749,246.789509,14,2580.000000,0.000000,5.000000,0.000000
111,0,stochastic_plan,224,230.962788,215.199834,259.893873,17,2400.000000,0.000000,2.000000,4.000000
111,1,stochastic_plan,253,259.342359,243.507114,286.150301,19,2664.000000,1.000000,2.000000,0.000000
111,2,stochastic_plan,274,279.287689,269.466589,310.371465,21,2880.000000,0.000000,2.000000,2.000000
111,3,stochastic_plan,275,287.407503,274.758883,316.121829,21,2880.000000,0.000000,2.000000,1.000000
111,4,stochastic_plan,311,297.696150,283.404437,330.249546,23,3300.000000,0.000000,3.000000,1.000000
111,5,stochastic_plan,255,264.284945,250.123780,290.423409,19,2712.000000,3.000000,2.000000,0.000000
111,6,stochastic_plan,228,226.052129,202.197749,246.789509,15,2520.000000,0.000000,4.000000,0.000000
111,0,perfect_information,224,230.962788,215.199834,259.893873,19,2280.000000,0.000000,0.000000,4.000000
111,1,perfect_information,253,259.342359,243.507114,286.150301,21,2544.000000,1.000000,0.000000,0.000000
111,2,perfect_information,274,279.287689,269.466589,310.371465,23,2760.000000,0.000000,0.000000,2.000000
111,3,perfect_information,275,287.407503,274.758883,316.121829,20,2940.000000,0.000000,3.000000,1.000000
111,4,perfect_information,311,297.696150,283.404437,330.249546,21,3420.000000,0.000000,5.000000,1.000000
111,5,perfect_information,255,264.284945,250.123780,290.423409,17,2832.000000,3.000000,4.000000,0.000000
111,6,perfect_information,228,226.052129,202.197749,246.789509,14,2580.000000,0.000000,5.000000,0.000000
112,0,buffer_rule,208,224.939112,209.176157,253.870197,16,2196.000000,4.000000,1.000000,0.000000
112,1,buffer_rule,254,250.496795,237.822834,277.304736,19,2688.000000,2.000000,2.000000,0.000000
112,2,buffer_rule,271,266.876062,258.039172,297.959837,21,2868.000000,7.000000,1.000000,0.000000
112,3,buffer_rule,301,274.719959,262.449400,303.434285,21,3264.000000,1.000000,4.000000,0.000000
112,4,buffer_rule,291,291.786390,278.520768,324.339786,23,3012.000000,3.000000,1.000000,0.000000
112,5,buffer_rule,258,253.291130,239.129964,279.429593,19,2784.000000,6.000000,2.000000,0.000000
112,6,buffer_rule,190,224.074996,201.133327,244.812376,16,1920.000000,0.000000,0.000000,2.000000
112,0,point_plan,208,224.939112,209.176157,253.870197,19,2280.000000,0.000000,0.000000,20.000000
112,1,point_plan,254,250.496795,237.822834,277.304736,21,2568.000000,2.000000,0.000000,0.000000
112,2,point_plan,271,266.876062,258.039172,297.959837,22,2808.000000,7.000000,0.000000,0.000000
112,3,point_plan,301,274.719959,262.449400,303.434285,23,3144.000000,1.000000,2.000000,0.000000
112,4,point_plan,291,291.786390,278.520768,324.339786,20,3192.000000,3.000000,4.000000,0.000000
112,5,point_plan,258,253.291130,239.129964,279.429593,16,2964.000000,6.000000,5.000000,0.000000
112,6,point_plan,190,224.074996,201.133327,244.812376,14,2040.000000,0.000000,2.000000,2.000000
112,0,stochastic_plan,208,224.939112,209.176157,253.870197,17,2136.000000,4.000000,0.000000,0.000000
112,1,stochastic_plan,254,250.496795,237.822834,277.304736,19,2688.000000,2.000000,2.000000,0.000000
112,2,stochastic_plan,271,266.876062,258.039172,297.959837,21,2868.000000,7.000000,1.000000,0.000000
112,3,stochastic_plan,301,274.719959,262.449400,303.434285,21,3264.000000,1.000000,4.000000,0.000000
112,4,stochastic_plan,291,291.786390,278.520768,324.339786,22,3072.000000,3.000000,2.000000,0.000000
112,5,stochastic_plan,258,253.291130,239.129964,279.429593,19,2784.000000,6.000000,2.000000,0.000000
112,6,stochastic_plan,190,224.074996,201.133327,244.812376,16,1920.000000,0.000000,0.000000,2.000000
112,0,perfect_information,208,224.939112,209.176157,253.870197,17,2136.000000,4.000000,0.000000,0.000000
112,1,perfect_information,254,250.496795,237.822834,277.304736,21,2568.000000,2.000000,0.000000,0.000000
112,2,perfect_information,271,266.876062,258.039172,297.959837,22,2808.000000,7.000000,0.000000,0.000000
112,3,perfect_information,301,274.719959,262.449400,303.434285,24,3084.000000,1.000000,1.000000,0.000000
112,4,perfect_information,291,291.786390,278.520768,324.339786,21,3132.000000,3.000000,3.000000,0.000000
112,5,perfect_information,258,253.291130,239.129964,279.429593,17,2904.000000,6.000000,4.000000,0.000000
112,6,perfect_information,190,224.074996,201.133327,244.812376,13,2100.000000,0.000000,3.000000,2.000000
113,0,buffer_rule,217,216.818867,199.952127,245.525656,15,2364.000000,1.000000,3.000000,0.000000
113,1,buffer_rule,237,248.179325,235.505365,274.987267,19,2460.000000,0.000000,1.000000,3.000000
113,2,buffer_rule,281,263.291974,254.455084,294.375750,22,2940.000000,5.000000,1.000000,0.000000
113,3,buffer_rule,292,278.325139,266.054581,307.039465,25,3000.000000,0.000000,0.000000,8.000000
113,4,buffer_rule,281,283.918760,270.653138,316.114272,22,2940.000000,5.000000,1.000000,0.000000
113,5,buffer_rule,261,250.965315,236.804149,277.086357,18,2880.000000,0.000000,4.000000,3.000000
113,6,buffer_rule,231,211.066068,187.211689,231.803448,14,2652.000000,3.000000,5.000000,0.000000
113,0,point_plan,217,216.818867,199.952127,245.525656,18,2184.000000,1.000000,0.000000,0.000000
113,1,point_plan,237,248.179325,235.505365,274.987267,21,2520.000000,0.000000,0.000000,15.000000
113,2,point_plan,281,263.291974,254.455084,294.375750,22,2940.000000,5.000000,1.000000,0.000000
113,3,point_plan,292,278.325139,266.054581,307.039465,23,3036.000000,4.000000,1.000000,0.000000
113,4,point_plan,281,283.918760,270.653138,316.114272,21,3000.000000,5.000000,2.000000,0.000000
113,5,point_plan,261,250.965315,236.804149,277.086357,17,2940.000000,0.000000,5.000000,3.000000
113,6,point_plan,231,211.066068,187.211689,231.803448,13,2820.000000,15.000000,5.000000,0.000000
113,0,stochastic_plan,217,216.818867,199.952127,245.525656,17,2244.000000,1.000000,1.000000,0.000000
113,1,stochastic_plan,237,248.179325,235.505365,274.987267,19,2460.000000,0.000000,1.000000,3.000000
113,2,stochastic_plan,281,263.291974,254.455084,294.375750,21,3000.000000,5.000000,2.000000,0.000000
113,3,stochastic_plan,292,278.325139,266.054581,307.039465,22,3096.000000,4.000000,2.000000,0.000000
113,4,stochastic_plan,281,283.918760,270.653138,316.114272,22,2940.000000,5.000000,1.000000,0.000000
113,5,stochastic_plan,261,250.965315,236.804149,277.086357,19,2820.000000,0.000000,3.000000,3.000000
113,6,stochastic_plan,231,211.066068,187.211689,231.803448,15,2592.000000,3.000000,4.000000,0.000000
113,0,perfect_information,217,216.818867,199.952127,245.525656,18,2184.000000,1.000000,0.000000,0.000000
113,1,perfect_information,237,248.179325,235.505365,274.987267,20,2400.000000,0.000000,0.000000,3.000000
113,2,perfect_information,281,263.291974,254.455084,294.375750,23,2880.000000,5.000000,0.000000,0.000000
113,3,perfect_information,292,278.325139,266.054581,307.039465,23,3036.000000,4.000000,1.000000,0.000000
113,4,perfect_information,281,283.918760,270.653138,316.114272,20,3060.000000,5.000000,3.000000,0.000000
113,5,perfect_information,261,250.965315,236.804149,277.086357,17,2940.000000,0.000000,5.000000,3.000000
113,6,perfect_information,231,211.066068,187.211689,231.803448,14,2652.000000,3.000000,5.000000,0.000000
114,0,buffer_rule,236,220.875518,205.112563,249.582307,15,2700.000000,0.000000,5.000000,4.000000
114,1,buffer_rule,263,246.116089,233.442129,272.924031,17,2940.000000,0.000000,5.000000,1.000000
114,2,buffer_rule,279,269.207828,260.370939,300.291604,21,2952.000000,3.000000,2.000000,0.000000
114,3,buffer_rule,272,279.586720,267.316161,308.301046,23,2760.000000,0.000000,0.000000,4.000000
114,4,buffer_rule,306,284.487998,271.222376,316.683510,22,3324.000000,6.000000,3.000000,0.000000
114,5,buffer_rule,258,254.630446,240.469281,280.751488,20,2724.000000,6.000000,1.000000,0.000000
114,6,buffer_rule,228,223.006170,199.151790,244.017930,17,2400.000000,0.000000,2.000000,0.000000
114,0,point_plan,236,220.875518,205.112563,249.582307,18,2520.000000,0.000000,2.000000,4.000000
114,1,point_plan,263,246.116089,233.442129,272.924031,20,2760.000000,0.000000,2.000000,1.000000
114,2,point_plan,279,269.207828,260.370939,300.291604,22,2892.000000,3.000000,1.000000,0.000000
114,3,point_plan,272,279.586720,267.316161,308.301046,23,2760.000000,0.000000,0.000000,4.000000
114,4,point_plan,306,284.487998,271.222376,316.683510,21,3384.000000,6.000000,4.000000,0.000000
114,5,point_plan,258,254.630446,240.469281,280.751488,17,2904.000000,6.000000,4.000000,0.000000
114,6,point_plan,228,223.006170,199.151790,244.017930,14,2580.000000,0.000000,5.000000,0.000000
114,0,stochastic_plan,236,220.875518,205.112563,249.582307,17,2580.000000,0.000000,3.000000,4.000000
114,1,stochastic_plan,263,246.116089,233.442129,272.924031,18,2880.000000,0.000000,4.000000,1.000000
114,2,stochastic_plan,279,269.207828,260.370939,300.291604,21,2952.000000,3.000000,2.000000,0.000000
114,3,stochastic_plan,272,279.586720,267.316161,308.301046,22,2820.000000,0.000000,1.000000,4.000000
114,4,stochastic_plan,306,284.487998,271.222376,316.683510,22,3324.000000,6.000000,3.000000,0.000000
114,5,stochastic_plan,258,254.630446,240.469281,280.751488,19,2784.000000,6.000000,2.000000,0.000000
114,6,stochastic_plan,228,223.006170,199.151790,244.017930,16,2460.000000,0.000000,3.000000,0.000000
114,0,perfect_information,236,220.875518,205.112563,249.582307,20,2400.000000,0.000000,0.000000,4.000000
114,1,perfect_information,263,246.116089,233.442129,272.924031,22,2640.000000,0.000000,0.000000,1.000000
114,2,perfect_information,279,269.207828,260.370939,300.291604,23,2832.000000,3.000000,0.000000,0.000000
114,3,perfect_information,272,279.586720,267.316161,308.301046,20,2940.000000,0.000000,3.000000,4.000000
114,4,perfect_information,306,284.487998,271.222376,316.683510,20,3444.000000,6.000000,5.000000,0.000000
114,5,perfect_information,258,254.630446,240.469281,280.751488,16,2964.000000,6.000000,5.000000,0.000000
114,6,perfect_information,228,223.006170,199.151790,244.017930,14,2580.000000,0.000000,5.000000,0.000000
115,0,buffer_rule,240,228.255097,212.492143,249.298522,17,2580.000000,0.000000,3.000000,0.000000
115,1,buffer_rule,266,254.690552,242.016592,280.980656,20,2808.000000,2.000000,2.000000,0.000000
115,2,buffer_rule,269,271.067136,262.230246,297.773284,21,2820.000000,5.000000,1.000000,0.000000
115,3,buffer_rule,300,277.183232,264.912674,305.657645,20,3300.000000,0.000000,5.000000,0.000000
115,4,buffer_rule,297,292.922714,279.657092,325.118226,23,3120.000000,0.000000,2.000000,3.000000
115,5,buffer_rule,258,256.280489,242.119324,281.892976,19,2784.000000,6.000000,2.000000,0.000000
115,6,buffer_rule,247,225.354918,201.500538,245.014469,15,2868.000000,7.000000,5.000000,0.000000
115,0,point_plan,240,228.255097,212.492143,249.298522,19,2460.000000,0.000000,1.000000,0.000000
115,1,point_plan,266,254.690552,242.016592,280.980656,21,2748.000000,2.000000,1.000000,0.000000
115,2,point_plan,269,271.067136,262.230246,297.773284,22,2760.000000,5.000000,0.000000,0.000000
115,3,point_plan,300,277.183232,264.912674,305.657645,23,3120.000000,0.000000,2.000000,0.000000
115,4,point_plan,297,292.922714,279.657092,325.118226,20,3300.000000,0.000000,5.000000,3.000000
115,5,point_plan,258,256.280489,242.119324,281.892976,16,2964.000000,6.000000,5.000000,0.000000
115,6,point_plan,247,225.354918,201.500538,245.014469,14,3036.000000,19.000000,5.000000,0.000000
115,0,stochastic_plan,240,228.255097,212.492143,249.298522,17,2580.000000,0.000000,3.000000,0.000000
115,1,stochastic_plan,266,254.690552,242.016592,280.980656,19,2868.000000,2.000000,3.000000,0.000000
115,2,stochastic_plan,269,271.067136,262.230246,297.773284,21,2820.000000,5.000000,1.000000,0.000000
115,3,stochastic_plan,300,277.183232,264.912674,305.657645,21,3240.000000,0.000000,4.000000,0.000000
115,4,stochastic_plan,297,292.922714,279.657092,325.118226,22,3180.000000,0.000000,3.000000,3.000000
115,5,stochastic_plan,258,256.280489,242.119324,281.892976,19,2784.000000,6.000000,2.000000,0.000000
115,6,stochastic_plan,247,225.354918,201.500538,245.014469,16,2808.000000,7.000000,4.000000,0.000000
115,0,perfect_information,240,228.255097,212.492143,249.298522,20,2400.000000,0.000000,0.000000,0.000000
115,1,perfect_information,266,254.690552,242.016592,280.980656,22,2688.000000,2.000000,0.000000,0.000000
115,2,perfect_information,269,271.067136,262.230246,297.773284,22,2760.000000,5.000000,0.000000,0.000000
115,3,perfect_information,300,277.183232,264.912674,305.657645,20,3300.000000,0.000000,5.000000,0.000000
115,4,perfect_information,297,292.922714,279.657092,325.118226,20,3300.000000,0.000000,5.000000,3.000000
115,5,perfect_information,258,256.280489,242.119324,281.892976,16,2964.000000,6.000000,5.000000,0.000000
115,6,perfect_information,247,225.354918,201.500538,245.014469,15,2868.000000,7.000000,5.000000,0.000000
116,0,buffer_rule,241,232.021710,216.258756,250.443389,17,2604.000000,1.000000,3.000000,0.000000
116,1,buffer_rule,253,258.271099,245.597138,282.580601,20,2604.000000,1.000000,1.000000,0.000000
116,2,buffer_rule,297,271.085104,262.248214,296.660839,19,3396.000000,9.000000,5.000000,0.000000
116,3,buffer_rule,319,286.723159,274.452601,313.393215,22,3528.000000,7.000000,4.000000,0.000000
116,4,buffer_rule,332,292.909595,279.643973,319.045224,22,3732.000000,8.000000,5.000000,0.000000
116,5,buffer_rule,278,258.743914,244.582748,284.128602,18,3108.000000,2.000000,5.000000,0.000000
116,6,buffer_rule,250,232.452494,208.598115,252.112045,17,2760.000000,0.000000,4.000000,2.000000
116,0,point_plan,241,232.021710,216.258756,250.443389,19,2484.000000,1.000000,1.000000,0.000000
116,1,point_plan,253,258.271099,245.597138,282.580601,21,2544.000000,1.000000,0.000000,0.000000
116,2,point_plan,297,271.085104,262.248214,296.660839,22,3180.000000,0.000000,3.000000,3.000000
116,3,point_plan,319,286.723159,274.452601,313.393215,23,3468.000000,7.000000,3.000000,0.000000
116,4,point_plan,332,292.909595,279.643973,319.045224,20,4068.000000,32.000000,5.000000,0.000000
116,5,point_plan,278,258.743914,244.582748,284.128602,16,3444.000000,26.000000,5.000000,0.000000
116,6,point_plan,250,232.452494,208.598115,252.112045,14,3108.000000,22.000000,5.000000,0.000000
116,0,stochastic_plan,241,232.021710,216.258756,250.443389,17,2604.000000,1.000000,3.000000,0.000000
116,1,stochastic_plan,253,258.271099,245.597138,282.580601,19,2664.000000,1.000000,2.000000,0.000000
116,2,stochastic_plan,297,271.085104,262.248214,296.660839,21,3240.000000,0.000000,4.000000,3.000000
116,3,stochastic_plan,319,286.723159,274.452601,313.393215,21,3588.000000,7.000000,5.000000,0.000000
116,4,stochastic_plan,332,292.909595,279.643973,319.045224,22,3732.000000,8.000000,5.000000,0.000000
116,5,stochastic_plan,278,258.743914,244.582748,284.128602,19,3048.000000,2.000000,4.000000,0.000000
116,6,stochastic_plan,250,232.452494,208.598115,252.112045,16,2820.000000,0.000000,5.000000,2.000000
116,0,perfect_information,241,232.021710,216.258756,250.443389,20,2424.000000,1.000000,0.000000,0.000000
116,1,perfect_information,253,258.271099,245.597138,282.580601,16,2844.000000,1.000000,5.000000,0.000000
116,2,perfect_information,297,271.085104,262.248214,296.660839,20,3300.000000,0.000000,5.000000,3.000000
116,3,perfect_information,319,286.723159,274.452601,313.393215,21,3588.000000,7.000000,5.000000,0.000000
116,4,perfect_information,332,292.909595,279.643973,319.045224,23,3660.000000,0.000000,5.000000,4.000000
116,5,perfect_information,278,258.743914,244.582748,284.128602,19,3048.000000,2.000000,4.000000,0.000000
116,6,perfect_information,250,232.452494,208.598115,252.112045,16,2820.000000,0.000000,5.000000,2.000000
117,0,buffer_rule,238,240.096142,228.570064,258.517821,16,2640.000000,0.000000,4.000000,2.000000
117,1,buffer_rule,262,261.770938,249.096977,286.080440,17,2940.000000,0.000000,5.000000,2.000000
117,2,buffer_rule,279,284.663859,275.826970,310.547598,21,2952.000000,3.000000,2.000000,0.000000
117,3,buffer_rule,303,298.081330,285.810771,326.555742,23,3192.000000,3.000000,2.000000,0.000000
117,4,buffer_rule,299,308.831121,298.307697,341.026633,23,3120.000000,0.000000,2.000000,1.000000
117,5,buffer_rule,268,270.153869,256.195954,295.538557,19,2916.000000,4.000000,3.000000,0.000000
117,6,buffer_rule,228,242.032303,218.177923,261.727592,16,2460.000000,0.000000,3.000000,0.000000
117,0,point_plan,238,240.096142,228.570064,258.517821,20,2400.000000,0.000000,0.000000,2.000000
117,1,point_plan,262,261.770938,249.096977,286.080440,22,2640.000000,0.000000,0.000000,2.000000
117,2,point_plan,279,284.663859,275.826970,310.547598,20,3012.000000,3.000000,3.000000,0.000000
117,3,point_plan,303,298.081330,285.810771,326.555742,20,3372.000000,3.000000,5.000000,0.000000
117,4,point_plan,299,308.831121,298.307697,341.026633,21,3240.000000,0.000000,4.000000,1.000000
117,5,point_plan,268,270.153869,256.195954,295.538557,17,3036.000000,4.000000,5.000000,0.000000
117,6,point_plan,228,242.032303,218.177923,261.727592,15,2520.000000,0.000000,4.000000,0.000000
117,0,stochastic_plan,238,240.096142,228.570064,258.517821,16,2640.000000,0.000000,4.000000,2.000000
117,1,stochastic_plan,262,261.770938,249.096977,286.080440,18,2880.000000,0.000000,4.000000,2.000000
117,2,stochastic_plan,279,284.663859,275.826970,310.547598,21,2952.000000,3.000000,2.000000,0.000000
117,3,stochastic_plan,303,298.081330,285.810771,326.555742,22,3252.000000,3.000000,3.000000,0.000000
117,4,stochastic_plan,299,308.831121,298.307697,341.026633,23,3120.000000,0.000000,2.000000,1.000000
117,5,stochastic_plan,268,270.153869,256.195954,295.538557,19,2916.000000,4.000000,3.000000,0.000000
117,6,stochastic_plan,228,242.032303,218.177923,261.727592,16,2460.000000,0.000000,3.000000,0.000000
117,0,perfect_information,238,240.096142,228.570064,258.517821,20,2400.000000,0.000000,0.000000,2.000000
117,1,perfect_information,262,261.770938,249.096977,286.080440,22,2640.000000,0.000000,0.000000,2.000000
117,2,perfect_information,279,284.663859,275.826970,310.547598,22,2892.000000,3.000000,1.000000,0.000000
117,3,perfect_information,303,298.081330,285.810771,326.555742,20,3372.000000,3.000000,5.000000,0.000000
117,4,perfect_information,299,308.831121,298.307697,341.026633,20,3300.000000,0.000000,5.000000,1.000000
117,5,perfect_information,268,270.153869,256.195954,295.538557,17,3036.000000,4.000000,5.000000,0.000000
117,6,perfect_information,228,242.032303,218.177923,261.727592,14,2580.000000,0.000000,5.000000,0.000000
118,0,buffer_rule,240,234.246833,222.720755,252.668512,17,2580.000000,0.000000,3.000000,0.000000
118,1,buffer_rule,300,258.691414,246.017454,283.000917,19,3468.000000,12.000000,5.000000,0.000000
118,2,buffer_rule,313,274.770057,265.933167,300.653796,20,3612.000000,13.000000,5.000000,0.000000
118,3,buffer_rule,314,289.149327,278.456405,317.623740,23,3348.000000,2.000000,3.000000,0.000000
118,4,buffer_rule,363,296.462776,285.939352,328.658288,22,4476.000000,39.000000,5.000000,0.000000
118,5,buffer_rule,314,262.313749,248.355834,287.698437,19,3804.000000,26.000000,5.000000,0.000000
118,6,buffer_rule,270,230.982768,207.128389,250.678058,15,3420.000000,30.000000,5.000000,0.000000
118,0,point_plan,240,234.246833,222.720755,252.668512,19,2460.000000,0.000000,1.000000,0.000000
118,1,point_plan,300,258.691414,246.017454,283.000917,21,3240.000000,0.000000,4.000000,0.000000
118,2,point_plan,313,274.770057,265.933167,300.653796,23,3324.000000,1.000000,3.000000,0.000000
118,3,point_plan,314,289.149327,278.456405,317.623740,21,3468.000000,2.000000,5.000000,0.000000
118,4,point_plan,363,296.462776,285.939352,328.658288,20,4812.000000,63.000000,5.000000,0.000000
118,5,point_plan,314,262.313749,248.355834,287.698437,17,4140.000000,50.000000,5.000000,0.000000
118,6,point_plan,270,230.982768,207.128389,250.678058,14,3588.000000,42.000000,5.000000,0.000000
118,0,stochastic_plan,240,234.246833,222.720755,252.668512,17,2580.000000,0.000000,3.000000,0.000000
118,1,stochastic_plan,300,258.691414,246.017454,283.000917,19,3468.000000,12.000000,5.000000,0.000000
118,2,stochastic_plan,313,274.770057,265.933167,300.653796,20,3612.000000,13.000000,5.000000,0.000000
118,3,stochastic_plan,314,289.149327,278.456405,317.623740,21,3468.000000,2.000000,5.000000,0.000000
118,4,stochastic_plan,363,296.462776,285.939352,328.658288,23,4308.000000,27.000000,5.000000,0.000000
118,5,stochastic_plan,314,262.313749,248.355834,287.698437,19,3804.000000,26.000000,5.000000,0.000000
118,6,stochastic_plan,270,230.982768,207.128389,250.678058,16,3252.000000,18.000000,5.000000,0.000000
118,0,perfect_information,240,234.246833,222.720755,252.668512,15,2700.000000,0.000000,5.000000,0.000000
118,1,perfect_information,300,258.691414,246.017454,283.000917,19,3468.000000,12.000000,5.000000,0.000000
118,2,perfect_information,313,274.770057,265.933167,300.653796,21,3444.000000,1.000000,5.000000,0.000000
118,3,perfect_information,314,289.149327,278.456405,317.623740,21,3468.000000,2.000000,5.000000,0.000000
118,4,perfect_information,363,296.462776,285.939352,328.658288,23,4308.000000,27.000000,5.000000,0.000000
118,5,perfect_information,314,262.313749,248.355834,287.698437,20,3636.000000,14.000000,5.000000,0.000000
118,6,perfect_information,270,230.982768,207.128389,250.678058,16,3252.000000,18.000000,5.000000,0.000000
119,0,buffer_rule,254,250.916311,239.390232,269.337990,13,3372.000000,38.000000,5.000000,0.000000
119,1,buffer_rule,276,284.380628,272.758168,310.670731,17,3228.000000,12.000000,5.000000,0.000000
119,2,buffer_rule,293,299.683186,290.857451,326.420491,21,3180.000000,5.000000,3.000000,0.000000
119,3,buffer_rule,299,309.920918,299.227996,338.395331,21,3240.000000,0.000000,4.000000,1.000000
119,4,buffer_rule,312,329.125751,318.602327,362.719364,25,3180.000000,0.000000,1.000000,0.000000
119,5,buffer_rule,275,290.739559,279.148589,316.352046,21,2880.000000,0.000000,2.000000,1.000000
119,6,buffer_rule,246,258.063692,234.209312,279.075452,17,2724.000000,6.000000,3.000000,0.000000
119,0,point_plan,254,250.916311,239.390232,269.337990,18,2748.000000,2.000000,3.000000,0.000000
119,1,point_plan,276,284.380628,272.758168,310.670731,19,3000.000000,0.000000,4.000000,0.000000
119,2,point_plan,293,299.683186,290.857451,326.420491,20,3240.000000,5.000000,4.000000,0.000000
119,3,point_plan,299,309.920918,299.227996,338.395331,21,3240.000000,0.000000,4.000000,1.000000
119,4,point_plan,312,329.125751,318.602327,362.719364,22,3360.000000,0.000000,4.000000,0.000000
119,5,point_plan,275,290.739559,279.148589,316.352046,19,3000.000000,0.000000,4.000000,1.000000
119,6,point_plan,246,258.063692,234.209312,279.075452,16,2784.000000,6.000000,4.000000,0.000000
119,0,stochastic_plan,254,250.916311,239.390232,269.337990,16,2868.000000,2.000000,5.000000,0.000000
119,1,stochastic_plan,276,284.380628,272.758168,310.670731,19,3000.000000,0.000000,4.000000,0.000000
119,2,stochastic_plan,293,299.683186,290.857451,326.420491,20,3240.000000,5.000000,4.000000,0.000000
119,3,stochastic_plan,299,309.920918,299.227996,338.395331,21,3240.000000,0.000000,4.000000,1.000000
119,4,stochastic_plan,312,329.125751,318.602327,362.719364,23,3300.000000,0.000000,3.000000,0.000000
119,5,stochastic_plan,275,290.739559,279.148589,316.352046,20,2940.000000,0.000000,3.000000,1.000000
119,6,stochastic_plan,246,258.063692,234.209312,279.075452,16,2784.000000,6.000000,4.000000,0.000000
119,0,perfect_information,254,250.916311,239.390232,269.337990,21,2568.000000,2.000000,0.000000,0.000000
119,1,perfect_information,276,284.380628,272.758168,310.670731,21,2880.000000,0.000000,2.000000,0.000000
119,2,perfect_information,293,299.683186,290.857451,326.420491,19,3300.000000,5.000000,5.000000,0.000000
119,3,perfect_information,299,309.920918,299.227996,338.395331,20,3300.000000,0.000000,5.000000,1.000000
119,4,perfect_information,312,329.125751,318.602327,362.719364,21,3420.000000,0.000000,5.000000,0.000000
119,5,perfect_information,275,290.739559,279.148589,316.352046,18,3060.000000,0.000000,5.000000,1.000000
119,6,perfect_information,246,258.063692,234.209312,279.075452,15,2844.000000,6.000000,5.000000,0.000000
120,0,buffer_rule,272,243.923609,232.397530,262.345288,17,3132.000000,8.000000,5.000000,0.000000
120,1,buffer_rule,286,269.377702,257.755242,295.667805,19,3180.000000,0.000000,5.000000,2.000000
120,2,buffer_rule,312,286.212124,277.386389,312.949428,21,3420.000000,0.000000,5.000000,0.000000
120,3,buffer_rule,311,296.372206,285.345863,324.846618,21,3420.000000,0.000000,5.000000,1.000000
120,4,buffer_rule,326,308.743832,295.484199,342.337445,23,3528.000000,2.000000,4.000000,0.000000
120,5,buffer_rule,282,273.075912,257.737342,298.688398,19,3144.000000,6.000000,4.000000,0.000000
120,6,buffer_rule,267,242.491694,218.637314,262.186983,15,3348.000000,27.000000,5.000000,0.000000
120,0,point_plan,272,243.923609,232.397530,262.345288,20,2940.000000,0.000000,3.000000,4.000000
120,1,point_plan,286,269.377702,257.755242,295.667805,22,3000.000000,0.000000,2.000000,2.000000
120,2,point_plan,312,286.212124,277.386389,312.949428,19,3756.000000,24.000000,5.000000,0.000000
120,3,point_plan,311,296.372206,285.345863,324.846618,20,3564.000000,11.000000,5.000000,0.000000
120,4,point_plan,326,308.743832,295.484199,342.337445,21,3756.000000,14.000000,5.000000,0.000000
120,5,point_plan,282,273.075912,257.737342,298.688398,18,3204.000000,6.000000,5.000000,0.000000
120,6,point_plan,267,242.491694,218.637314,262.186983,15,3348.000000,27.000000,5.000000,0.000000
120,0,stochastic_plan,272,243.923609,232.397530,262.345288,16,3300.000000,20.000000,5.000000,0.000000
120,1,stochastic_plan,286,269.377702,257.755242,295.667805,19,3180.000000,0.000000,5.000000,2.000000
120,2,stochastic_plan,312,286.212124,277.386389,312.949428,21,3420.000000,0.000000,5.000000,0.000000
120,3,stochastic_plan,311,296.372206,285.345863,324.846618,21,3420.000000,0.000000,5.000000,1.000000
120,4,stochastic_plan,326,308.743832,295.484199,342.337445,23,3528.000000,2.000000,4.000000,0.000000
120,5,stochastic_plan,282,273.075912,257.737342,298.688398,19,3144.000000,6.000000,4.000000,0.000000
120,6,stochastic_plan,267,242.491694,218.637314,262.186983,16,3180.000000,15.000000,5.000000,0.000000
120,0,perfect_information,272,243.923609,232.397530,262.345288,17,3132.000000,8.000000,5.000000,0.000000
120,1,perfect_information,286,269.377702,257.755242,295.667805,19,3180.000000,0.000000,5.000000,2.000000
120,2,perfect_information,312,286.212124,277.386389,312.949428,21,3420.000000,0.000000,5.000000,0.000000
120,3,perfect_information,311,296.372206,285.345863,324.846618,21,3420.000000,0.000000,5.000000,1.000000
120,4,perfect_information,326,308.743832,295.484199,342.337445,22,3588.000000,2.000000,5.000000,0.000000
120,5,perfect_information,282,273.075912,257.737342,298.688398,18,3204.000000,6.000000,5.000000,0.000000
120,6,perfect_information,267,242.491694,218.637314,262.186983,17,3012.000000,3.000000,5.000000,0.000000
121,0,buffer_rule,223,256.081491,244.555413,277.124916,18,2328.000000,7.000000,0.000000,0.000000
121,1,buffer_rule,291,279.947362,268.926277,306.237465,19,3252.000000,3.000000,5.000000,0.000000
121,2,buffer_rule,281,297.771605,288.945870,324.508910,21,3000.000000,5.000000,2.000000,0.000000
121,3,buffer_rule,297,305.093652,294.067310,333.568065,21,3240.000000,0.000000,4.000000,3.000000
121,4,buffer_rule,306,318.321320,305.061687,351.914933,22,3324.000000,6.000000,3.000000,0.000000
121,5,buffer_rule,286,281.387934,266.049364,307.000421,18,3300.000000,10.000000,5.000000,0.000000
121,6,buffer_rule,242,254.545509,230.691130,276.019477,16,2688.000000,2.000000,4.000000,0.000000
121,0,point_plan,223,256.081491,244.555413,277.124916,21,2520.000000,0.000000,0.000000,29.000000
121,1,point_plan,291,279.947362,268.926277,306.237465,19,3252.000000,3.000000,5.000000,0.000000
121,2,point_plan,281,297.771605,288.945870,324.508910,20,3060.000000,5.000000,3.000000,0.000000
121,3,point_plan,297,305.093652,294.067310,333.568065,20,3300.000000,0.000000,5.000000,3.000000
121,4,point_plan,306,318.321320,305.061687,351.914933,21,3384.000000,6.000000,4.000000,0.000000
121,5,point_plan,286,281.387934,266.049364,307.000421,18,3300.000000,10.000000,5.000000,0.000000
121,6,point_plan,242,254.545509,230.691130,276.019477,16,2688.000000,2.000000,4.000000,0.000000
121,0,stochastic_plan,223,256.081491,244.555413,277.124916,17,2388.000000,7.000000,1.000000,0.000000
121,1,stochastic_plan,291,279.947362,268.926277,306.237465,19,3252.000000,3.000000,5.000000,0.000000
121,2,stochastic_plan,281,297.771605,288.945870,324.508910,21,3000.000000,5.000000,2.000000,0.000000
121,3,stochastic_plan,297,305.093652,294.067310,333.568065,21,3240.000000,0.000000,4.000000,3.000000
121,4,stochastic_plan,306,318.321320,305.061687,351.914933,22,3324.000000,6.000000,3.000000,0.000000
121,5,stochastic_plan,286,281.387934,266.049364,307.000421,19,3180.000000,0.000000,5.000000,2.000000
121,6,stochastic_plan,242,254.545509,230.691130,276.019477,16,2688.000000,2.000000,4.000000,0.000000
121,0,perfect_information,223,256.081491,244.555413,277.124916,18,2328.000000,7.000000,0.000000,0.000000
121,1,perfect_information,291,279.947362,268.926277,306.237465,22,3072.000000,3.000000,2.000000,0.000000
121,2,perfect_information,281,297.771605,288.945870,324.508910,21,3000.000000,5.000000,2.000000,0.000000
121,3,perfect_information,297,305.093652,294.067310,333.568065,20,3300.000000,0.000000,5.000000,3.000000
121,4,perfect_information,306,318.321320,305.061687,351.914933,20,3444.000000,6.000000,5.000000,0.000000
121,5,perfect_information,286,281.387934,266.049364,307.000421,19,3180.000000,0.000000,5.000000,2.000000
121,6,perfect_information,242,254.545509,230.691130,276.019477,15,2748.000000,2.000000,5.000000,0.000000
122,0,buffer_rule,232,236.614580,220.851625,257.658004,16,2556.000000,4.000000,3.000000,0.000000
122,1,buffer_rule,274,273.880270,262.859185,300.170373,20,2940.000000,0.000000,3.000000,2.000000
122,2,buffer_rule,287,282.963051,273.141951,309.700356,20,3120.000000,0.000000,4.000000,1.000000
122,3,buffer_rule,283,293.228159,282.201817,321.702571,21,3048.000000,7.000000,2.000000,0.000000
122,4,buffer_rule,284,305.794518,292.349706,339.388131,22,3000.000000,0.000000,2.000000,4.000000
122,5,buffer_rule,249,274.592525,259.253956,300.205012,20,2580.000000,0.000000,1.000000,3.000000
122,6,buffer_rule,218,241.627011,218.685342,263.100978,16,2328.000000,2.000000,2.000000,0.000000
122,0,point_plan,232,236.614580,220.851625,257.658004,20,2400.000000,0.000000,0.000000,8.000000
122,1,point_plan,274,273.880270,262.859185,300.170373,23,2760.000000,0.000000,0.000000,2.000000
122,2,point_plan,287,282.963051,273.141951,309.700356,20,3120.000000,0.000000,4.000000,1.000000
122,3,point_plan,283,293.228159,282.201817,321.702571,19,3168.000000,7.000000,4.000000,0.000000
122,4,point_plan,284,305.794518,292.349706,339.388131,20,3120.000000,0.000000,4.000000,4.000000
122,5,point_plan,249,274.592525,259.253956,300.205012,18,2700.000000,0.000000,3.000000,3.000000
122,6,point_plan,218,241.627011,218.685342,263.100978,15,2388.000000,2.000000,3.000000,0.000000
122,0,stochastic_plan,232,236.614580,220.851625,257.658004,16,2556.000000,4.000000,3.000000,0.000000
122,1,stochastic_plan,274,273.880270,262.859185,300.170373,19,3000.000000,0.000000,4.000000,2.000000
122,2,stochastic_plan,287,282.963051,273.141951,309.700356,20,3120.000000,0.000000,4.000000,1.000000
122,3,stochastic_plan,283,293.228159,282.201817,321.702571,21,3048.000000,7.000000,2.000000,0.000000
122,4,stochastic_plan,284,305.794518,292.349706,339.388131,23,2940.000000,0.000000,1.000000,4.000000
122,5,stochastic_plan,249,274.592525,259.253956,300.205012,20,2580.000000,0.000000,1.000000,3.000000
122,6,stochastic_plan,218,241.627011,218.685342,263.100978,16,2328.000000,2.000000,2.000000,0.000000
122,0,perfect_information,232,236.614580,220.851625,257.658004,19,2376.000000,4.000000,0.000000,0.000000
122,1,perfect_information,274,273.880270,262.859185,300.170373,23,2760.000000,0.000000,0.000000,2.000000
122,2,perfect_information,287,282.963051,273.141951,309.700356,24,2880.000000,0.000000,0.000000,1.000000
122,3,perfect_information,283,293.228159,282.201817,321.702571,21,3048.000000,7.000000,2.000000,0.000000
122,4,perfect_information,284,305.794518,292.349706,339.388131,19,3180.000000,0.000000,5.000000,4.000000
122,5,perfect_information,249,274.592525,259.253956,300.205012,16,2820.000000,0.000000,5.000000,3.000000
122,6,perfect_information,218,241.627011,218.685342,263.100978,13,2508.000000,2.000000,5.000000,0.000000
123,0,buffer_rule,205,230.884535,215.121580,251.927959,17,2064.000000,1.000000,0.000000,0.000000
123,1,buffer_rule,228,262.156782,251.135697,288.446885,21,2520.000000,0.000000,0.000000,24.000000
123,2,buffer_rule,264,275.806969,265.985869,302.544274,22,2640.000000,0.000000,0.000000,0.000000
123,3,buffer_rule,278,281.794303,270.767961,310.268716,22,2868.000000,2.000000,1.000000,0.000000
123,4,buffer_rule,260,289.913050,275.621338,323.506663,21,2700.000000,0.000000,1.000000,4.000000
123,5,buffer_rule,248,256.545828,237.009220,282.158315,18,2700.000000,0.000000,3.000000,4.000000
123,6,buffer_rule,205,226.901456,203.327210,248.375424,14,2244.000000,1.000000,3.000000,0.000000
123,0,point_plan,205,230.884535,215.121580,251.927959,19,2280.000000,0.000000,0.000000,23.000000
123,1,point_plan,228,262.156782,251.135697,288.446885,22,2640.000000,0.000000,0.000000,36.000000
123,2,point_plan,264,275.806969,265.985869,302.544274,23,2760.000000,0.000000,0.000000,12.000000
123,3,point_plan,278,281.794303,270.767961,310.268716,22,2868.000000,2.000000,1.000000,0.000000
123,4,point_plan,260,289.913050,275.621338,323.506663,19,2820.000000,0.000000,3.000000,4.000000
123,5,point_plan,248,256.545828,237.009220,282.158315,16,2820.000000,0.000000,5.000000,4.000000
123,6,point_plan,205,226.901456,203.327210,248.375424,14,2244.000000,1.000000,3.000000,0.000000
123,0,stochastic_plan,205,230.884535,215.121580,251.927959,17,2064.000000,1.000000,0.000000,0.000000
123,1,stochastic_plan,228,262.156782,251.135697,288.446885,19,2280.000000,0.000000,0.000000,0.000000
123,2,stochastic_plan,264,275.806969,265.985869,302.544274,21,2700.000000,0.000000,1.000000,0.000000
123,3,stochastic_plan,278,281.794303,270.767961,310.268716,21,2928.000000,2.000000,2.000000,0.000000
123,4,stochastic_plan,260,289.913050,275.621338,323.506663,22,2640.000000,0.000000,0.000000,4.000000
123,5,stochastic_plan,248,256.545828,237.009220,282.158315,19,2640.000000,0.000000,2.000000,4.000000
123,6,stochastic_plan,205,226.901456,203.327210,248.375424,16,2124.000000,1.000000,1.000000,0.000000
123,0,perfect_information,205,230.884535,215.121580,251.927959,17,2064.000000,1.000000,0.000000,0.000000
123,1,perfect_information,228,262.156782,251.135697,288.446885,19,2280.000000,0.000000,0.000000,0.000000
123,2,perfect_information,264,275.806969,265.985869,302.544274,22,2640.000000,0.000000,0.000000,0.000000
123,3,perfect_information,278,281.794303,270.767961,310.268716,23,2808.000000,2.000000,0.000000,0.000000
123,4,perfect_information,260,289.913050,275.621338,323.506663,22,2640.000000,0.000000,0.000000,4.000000
123,5,perfect_information,248,256.545828,237.009220,282.158315,18,2700.000000,0.000000,3.000000,4.000000
123,6,perfect_information,205,226.901456,203.327210,248.375424,14,2244.000000,1.000000,3.000000,0.000000
124,0,buffer_rule,201,213.239662,196.372922,234.283087,16,2100.000000,0.000000,1.000000,3.000000
124,1,buffer_rule,213,240.228844,228.606385,266.518948,18,2160.000000,0.000000,0.000000,3.000000
124,2,buffer_rule,259,259.788085,249.867648,286.525390,22,2640.000000,0.000000,0.000000,5.000000
124,3,buffer_rule,275,270.013379,258.987036,298.487791,23,2760.000000,0.000000,0.000000,1.000000
124,4,buffer_rule,279,272.495871,257.593938,306.089485,21,2952.000000,3.000000,2.000000,0.000000
124,5,buffer_rule,254,245.316328,225.779721,270.928815,19,2688.000000,2.000000,2.000000,0.000000
124,6,buffer_rule,190,212.317227,188.742981,233.791194,16,1920.000000,0.000000,0.000000,2.000000
124,0,point_plan,201,213.239662,196.372922,234.283087,18,2160.000000,0.000000,0.000000,15.000000
124,1,point_plan,213,240.228844,228.606385,266.518948,20,2400.000000,0.000000,0.000000,27.000000
124,2,point_plan,259,259.788085,249.867648,286.525390,22,2640.000000,0.000000,0.000000,5.000000
124,3,point_plan,275,270.013379,258.987036,298.487791,22,2820.000000,0.000000,1.000000,1.000000
124,4,point_plan,279,272.495871,257.593938,306.089485,21,2952.000000,3.000000,2.000000,0.000000
124,5,point_plan,254,245.316328,225.779721,270.928815,18,2748.000000,2.000000,3.000000,0.000000
124,6,point_plan,190,212.317227,188.742981,233.791194,14,2040.000000,0.000000,2.000000,2.000000
124,0,stochastic_plan,201,213.239662,196.372922,234.283087,16,2100.000000,0.000000,1.000000,3.000000
124,1,stochastic_plan,213,240.228844,228.606385,266.518948,19,2280.000000,0.000000,0.000000,15.000000
124,2,stochastic_plan,259,259.788085,249.867648,286.525390,21,2688.000000,7.000000,0.000000,0.000000
124,3,stochastic_plan,275,270.013379,258.987036,298.487791,22,2820.000000,0.000000,1.000000,1.000000
124,4,stochastic_plan,279,272.495871,257.593938,306.089485,22,2892.000000,3.000000,1.000000,0.000000
124,5,stochastic_plan,254,245.316328,225.779721,270.928815,19,2688.000000,2.000000,2.000000,0.000000
124,6,stochastic_plan,190,212.317227,188.742981,233.791194,16,1920.000000,0.000000,0.000000,2.000000
124,0,perfect_information,201,213.239662,196.372922,234.283087,17,2040.000000,0.000000,0.000000,3.000000
124,1,perfect_information,213,240.228844,228.606385,266.518948,18,2160.000000,0.000000,0.000000,3.000000
124,2,perfect_information,259,259.788085,249.867648,286.525390,21,2688.000000,7.000000,0.000000,0.000000
124,3,perfect_information,275,270.013379,258.987036,298.487791,23,2760.000000,0.000000,0.000000,1.000000
124,4,perfect_information,279,272.495871,257.593938,306.089485,22,2892.000000,3.000000,1.000000,0.000000
124,5,perfect_information,254,245.316328,225.779721,270.928815,19,2688.000000,2.000000,2.000000,0.000000
124,6,perfect_information,190,212.317227,188.742981,233.791194,15,1980.000000,0.000000,1.000000,2.000000
125,0,buffer_rule,173,207.181858,190.315118,228.225282,17,2040.000000,0.000000,0.000000,31.000000
125,1,buffer_rule,232,231.308373,218.634413,257.598477,17,2496.000000,4.000000,2.000000,0.000000
125,2,buffer_rule,242,254.308417,244.387980,281.045722,21,2520.000000,0.000000,0.000000,10.000000
125,3,buffer_rule,247,265.894194,254.867852,294.368606,23,2760.000000,0.000000,0.000000,29.000000
125,4,buffer_rule,247,272.559131,257.657197,306.152744,23,2760.000000,0.000000,0.000000,29.000000
125,5,buffer_rule,215,243.502727,223.966120,269.100912,19,2280.000000,0.000000,0.000000,13.000000
125,6,buffer_rule,173,203.631026,180.056780,225.104993,15,1800.000000,0.000000,0.000000,7.000000
125,0,point_plan,173,207.181858,190.315118,228.225282,17,2040.000000,0.000000,0.000000,31.000000
125,1,point_plan,232,231.308373,218.634413,257.598477,19,2376.000000,4.000000,0.000000,0.000000
125,2,point_plan,242,254.308417,244.387980,281.045722,21,2520.000000,0.000000,0.000000,10.000000
125,3,point_plan,247,265.894194,254.867852,294.368606,22,2640.000000,0.000000,0.000000,17.000000
125,4,point_plan,247,272.559131,257.657197,306.152744,22,2640.000000,0.000000,0.000000,17.000000
125,5,point_plan,215,243.502727,223.966120,269.100912,19,2280.000000,0.000000,0.000000,13.000000
125,6,point_plan,173,203.631026,180.056780,225.104993,15,1800.000000,0.000000,0.000000,7.000000
125,0,stochastic_plan,173,207.181858,190.315118,228.225282,17,2040.000000,0.000000,0.000000,31.000000
125,1,stochastic_plan,232,231.308373,218.634413,257.598477,19,2376.000000,4.000000,0.000000,0.000000
125,2,stochastic_plan,242,254.308417,244.387980,281.045722,21,2520.000000,0.000000,0.000000,10.000000
125,3,stochastic_plan,247,265.894194,254.867852,294.368606,22,2640.000000,0.000000,0.000000,17.000000
125,4,stochastic_plan,247,272.559131,257.657197,306.152744,22,2640.000000,0.000000,0.000000,17.000000
125,5,stochastic_plan,215,243.502727,223.966120,269.100912,19,2280.000000,0.000000,0.000000,13.000000
125,6,stochastic_plan,173,203.631026,180.056780,225.104993,15,1800.000000,0.000000,0.000000,7.000000
125,0,perfect_information,173,207.181858,190.315118,228.225282,15,1800.000000,0.000000,0.000000,7.000000
125,1,perfect_information,232,231.308373,218.634413,257.598477,19,2376.000000,4.000000,0.000000,0.000000
125,2,perfect_information,242,254.308417,244.387980,281.045722,20,2448.000000,2.000000,0.000000,0.000000
125,3,perfect_information,247,265.894194,254.867852,294.368606,21,2520.000000,0.000000,0.000000,5.000000
125,4,perfect_information,247,272.559131,257.657197,306.152744,21,2520.000000,0.000000,0.000000,5.000000
125,5,perfect_information,215,243.502727,223.966120,269.100912,18,2160.000000,0.000000,0.000000,1.000000
125,6,perfect_information,173,203.631026,180.056780,225.104993,14,1800.000000,5.000000,0.000000,0.000000
126,0,buffer_rule,202,189.433949,171.314627,210.477373,16,2100.000000,0.000000,1.000000,2.000000
126,1,buffer_rule,232,223.599737,210.925776,249.889840,20,2400.000000,0.000000,0.000000,8.000000
126,2,buffer_rule,242,239.692246,228.766724,266.429551,22,2640.000000,0.000000,0.000000,22.000000
126,3,buffer_rule,252,248.241695,235.971136,276.716108,22,2640.000000,0.000000,0.000000,12.000000
126,4,buffer_rule,268,253.627097,236.717839,287.220710,22,2736.000000,4.000000,0.000000,0.000000
126,5,buffer_rule,227,222.548039,202.974720,248.146224,18,2340.000000,0.000000,1.000000,1.000000
126,6,buffer_rule,199,187.592167,163.685023,209.066134,15,2148.000000,7.000000,1.000000,0.000000
126,0,point_plan,202,189.433949,171.314627,210.477373,16,2100.000000,0.000000,1.000000,2.000000
126,1,point_plan,232,223.599737,210.925776,249.889840,19,2376.000000,4.000000,0.000000,0.000000
126,2,point_plan,242,239.692246,228.766724,266.429551,20,2448.000000,2.000000,0.000000,0.000000
126,3,point_plan,252,248.241695,235.971136,276.716108,21,2520.000000,0.000000,0.000000,0.000000
126,4,point_plan,268,253.627097,236.717839,287.220710,21,2796.000000,4.000000,1.000000,0.000000
126,5,point_plan,227,222.548039,202.974720,248.146224,19,2280.000000,0.000000,0.000000,1.000000
126,6,point_plan,199,187.592167,163.685023,209.066134,16,2088.000000,7.000000,0.000000,0.000000
126,0,stochastic_plan,202,189.433949,171.314627,210.477373,16,2100.000000,0.000000,1.000000,2.000000
126,1,stochastic_plan,232,223.599737,210.925776,249.889840,19,2376.000000,4.000000,0.000000,0.000000
126,2,stochastic_plan,242,239.692246,228.766724,266.429551,20,2448.000000,2.000000,0.000000,0.000000
126,3,stochastic_plan,252,248.241695,235.971136,276.716108,21,2520.000000,0.000000,0.000000,0.000000
126,4,stochastic_plan,268,253.627097,236.717839,287.220710,21,2796.000000,4.000000,1.000000,0.000000
126,5,stochastic_plan,227,222.548039,202.974720,248.146224,19,2280.000000,0.000000,0.000000,1.000000
126,6,stochastic_plan,199,187.592167,163.685023,209.066134,15,2148.000000,7.000000,1.000000,0.000000
126,0,perfect_information,202,189.433949,171.314627,210.477373,17,2040.000000,0.000000,0.000000,2.000000
126,1,perfect_information,232,223.599737,210.925776,249.889840,19,2376.000000,4.000000,0.000000,0.000000
126,2,perfect_information,242,239.692246,228.766724,266.429551,20,2448.000000,2.000000,0.000000,0.000000
126,3,perfect_information,252,248.241695,235.971136,276.716108,21,2520.000000,0.000000,0.000000,0.000000
126,4,perfect_information,268,253.627097,236.717839,287.220710,22,2736.000000,4.000000,0.000000,0.000000
126,5,perfect_information,227,222.548039,202.974720,248.146224,19,2280.000000,0.000000,0.000000,1.000000
126,6,perfect_information,199,187.592167,163.685023,209.066134,17,2040.000000,0.000000,0.000000,5.000000
127,0,buffer_rule,182,199.349134,181.229812,220.392559,17,2040.000000,0.000000,0.000000,22.000000
127,1,buffer_rule,207,226.822039,214.148078,253.112142,20,2400.000000,0.000000,0.000000,33.000000
127,2,buffer_rule,227,242.746494,231.820972,269.483799,21,2520.000000,0.000000,0.000000,25.000000
127,3,buffer_rule,258,252.785379,240.514820,281.259791,22,2640.000000,0.000000,0.000000,6.000000
127,4,buffer_rule,253,262.480196,245.570938,296.073809,22,2640.000000,0.000000,0.000000,11.000000
127,5,buffer_rule,219,229.074489,213.735919,254.672673,18,2232.000000,3.000000,0.000000,0.000000
127,6,buffer_rule,165,197.316660,173.409516,218.790628,15,1800.000000,0.000000,0.000000,15.000000
127,0,point_plan,182,199.349134,181.229812,220.392559,17,2040.000000,0.000000,0.000000,22.000000
127,1,point_plan,207,226.822039,214.148078,253.112142,19,2280.000000,0.000000,0.000000,21.000000
127,2,point_plan,227,242.746494,231.820972,269.483799,20,2400.000000,0.000000,0.000000,13.000000
127,3,point_plan,258,252.785379,240.514820,281.259791,21,2664.000000,6.000000,0.000000,0.000000
127,4,point_plan,253,262.480196,245.570938,296.073809,22,2640.000000,0.000000,0.000000,11.000000
127,5,point_plan,219,229.074489,213.735919,254.672673,19,2280.000000,0.000000,0.000000,9.000000
127,6,point_plan,165,197.316660,173.409516,218.790628,17,2040.000000,0.000000,0.000000,39.000000
127,0,stochastic_plan,182,199.349134,181.229812,220.392559,17,2040.000000,0.000000,0.000000,22.000000
127,1,stochastic_plan,207,226.822039,214.148078,253.112142,19,2280.000000,0.000000,0.000000,21.000000
127,2,stochastic_plan,227,242.746494,231.820972,269.483799,20,2400.000000,0.000000,0.000000,13.000000
127,3,stochastic_plan,258,252.785379,240.514820,281.259791,21,2664.000000,6.000000,0.000000,0.000000
127,4,stochastic_plan,253,262.480196,245.570938,296.073809,22,2640.000000,0.000000,0.000000,11.000000
127,5,stochastic_plan,219,229.074489,213.735919,254.672673,19,2280.000000,0.000000,0.000000,9.000000
127,6,stochastic_plan,165,197.316660,173.409516,218.790628,16,1920.000000,0.000000,0.000000,27.000000
127,0,perfect_information,182,199.349134,181.229812,220.392559,15,1848.000000,2.000000,0.000000,0.000000
127,1,perfect_information,207,226.822039,214.148078,253.112142,17,2112.000000,3.000000,0.000000,0.000000
127,2,perfect_information,227,242.746494,231.820972,269.483799,19,2280.000000,0.000000,0.000000,1.000000
127,3,perfect_information,258,252.785379,240.514820,281.259791,22,2640.000000,0.000000,0.000000,6.000000
127,4,perfect_information,253,262.480196,245.570938,296.073809,21,2544.000000,1.000000,0.000000,0.000000
127,5,perfect_information,219,229.074489,213.735919,254.672673,18,2232.000000,3.000000,0.000000,0.000000
127,6,perfect_information,165,197.316660,173.409516,218.790628,14,1680.000000,0.000000,0.000000,3.000000
128,0,buffer_rule,185,186.188950,168.028626,207.232375,17,2040.000000,0.000000,0.000000,19.000000
128,1,buffer_rule,226,212.877156,197.041911,239.167259,18,2340.000000,0.000000,1.000000,2.000000
128,2,buffer_rule,221,230.209111,218.678087,256.946416,20,2400.000000,0.000000,0.000000,19.000000
128,3,buffer_rule,254,245.699621,233.429062,274.174034,23,2760.000000,0.000000,0.000000,22.000000
128,4,buffer_rule,278,251.196311,234.287054,284.789925,23,2808.000000,2.000000,0.000000,0.000000
128,5,buffer_rule,224,218.559659,203.221089,244.157844,19,2280.000000,0.000000,0.000000,4.000000
128,6,buffer_rule,175,180.368205,155.990074,201.842173,15,1800.000000,0.000000,0.000000,5.000000
128,0,point_plan,185,186.188950,168.028626,207.232375,16,1920.000000,0.000000,0.000000,7.000000
128,1,point_plan,226,212.877156,197.041911,239.167259,18,2340.000000,0.000000,1.000000,2.000000
128,2,point_plan,221,230.209111,218.678087,256.946416,19,2280.000000,0.000000,0.000000,7.000000
128,3,point_plan,254,245.699621,233.429062,274.174034,21,2568.000000,2.000000,0.000000,0.000000
128,4,point_plan,278,251.196311,234.287054,284.789925,21,2928.000000,2.000000,2.000000,0.000000
128,5,point_plan,224,218.559659,203.221089,244.157844,18,2340.000000,0.000000,1.000000,4.000000
128,6,point_plan,175,180.368205,155.990074,201.842173,15,1800.000000,0.000000,0.000000,5.000000
128,0,stochastic_plan,185,186.188950,168.028626,207.232375,15,1920.000000,5.000000,0.000000,0.000000
128,1,stochastic_plan,226,212.877156,197.041911,239.167259,18,2340.000000,0.000000,1.000000,2.000000
128,2,stochastic_plan,221,230.209111,218.678087,256.946416,19,2280.000000,0.000000,0.000000,7.000000
128,3,stochastic_plan,254,245.699621,233.429062,274.174034,21,2568.000000,2.000000,0.000000,0.000000
128,4,stochastic_plan,278,251.196311,234.287054,284.789925,21,2928.000000,2.000000,2.000000,0.000000
128,5,stochastic_plan,224,218.559659,203.221089,244.157844,18,2340.000000,0.000000,1.000000,4.000000
128,6,stochastic_plan,175,180.368205,155.990074,201.842173,14,1848.000000,7.000000,0.000000,0.000000
128,0,perfect_information,185,186.188950,168.028626,207.232375,15,1920.000000,5.000000,0.000000,0.000000
128,1,perfect_information,226,212.877156,197.041911,239.167259,19,2280.000000,0.000000,0.000000,2.000000
128,2,perfect_information,221,230.209111,218.678087,256.946416,18,2280.000000,5.000000,0.000000,0.000000
128,3,perfect_information,254,245.699621,233.429062,274.174034,21,2568.000000,2.000000,0.000000,0.000000
128,4,perfect_information,278,251.196311,234.287054,284.789925,23,2808.000000,2.000000,0.000000,0.000000
128,5,perfect_information,224,218.559659,203.221089,244.157844,19,2280.000000,0.000000,0.000000,4.000000
128,6,perfect_information,175,180.368205,155.990074,201.842173,15,1800.000000,0.000000,0.000000,5.000000
129,0,buffer_rule,232,189.175797,171.015473,210.219221,16,2556.000000,4.000000,3.000000,0.000000
129,1,buffer_rule,226,220.264672,204.429427,246.554775,20,2400.000000,0.000000,0.000000,14.000000
129,2,buffer_rule,267,229.860777,218.329752,256.598082,20,2832.000000,3.000000,2.000000,0.000000
129,3,buffer_rule,287,246.819087,234.548528,275.293499,22,3000.000000,0.000000,2.000000,1.000000
129,4,buffer_rule,291,259.837845,242.928587,293.431458,23,3012.000000,3.000000,1.000000,0.000000
129,5,buffer_rule,256,221.420186,206.081617,247.018371,19,2736.000000,4.000000,2.000000,0.000000
129,6,buffer_rule,196,184.808954,160.430822,206.282921,15,2076.000000,4.000000,1.000000,0.000000
129,0,point_plan,232,189.175797,171.015473,210.219221,16,2556.000000,4.000000,3.000000,0.000000
129,1,point_plan,226,220.264672,204.429427,246.554775,18,2340.000000,0.000000,1.000000,2.000000
129,2,point_plan,267,229.860777,218.329752,256.598082,19,2892.000000,3.000000,3.000000,0.000000
129,3,point_plan,287,246.819087,234.548528,275.293499,21,3060.000000,0.000000,3.000000,1.000000
129,4,point_plan,291,259.837845,242.928587,293.431458,22,3072.000000,3.000000,2.000000,0.000000
129,5,point_plan,256,221.420186,206.081617,247.018371,19,2736.000000,4.000000,2.000000,0.000000
129,6,point_plan,196,184.808954,160.430822,206.282921,15,2076.000000,4.000000,1.000000,0.000000
129,0,stochastic_plan,232,189.175797,171.015473,210.219221,16,2556.000000,4.000000,3.000000,0.000000
129,1,stochastic_plan,226,220.264672,204.429427,246.554775,18,2340.000000,0.000000,1.000000,2.000000
129,2,stochastic_plan,267,229.860777,218.329752,256.598082,19,2892.000000,3.000000,3.000000,0.000000
129,3,stochastic_plan,287,246.819087,234.548528,275.293499,21,3060.000000,0.000000,3.000000,1.000000
129,4,stochastic_plan,291,259.837845,242.928587,293.431458,22,3072.000000,3.000000,2.000000,0.000000
129,5,stochastic_plan,256,221.420186,206.081617,247.018371,18,2796.000000,4.000000,3.000000,0.000000
129,6,stochastic_plan,196,184.808954,160.430822,206.282921,15,2076.000000,4.000000,1.000000,0.000000
129,0,perfect_information,232,189.175797,171.015473,210.219221,19,2376.000000,4.000000,0.000000,0.000000
129,1,perfect_information,226,220.264672,204.429427,246.554775,19,2280.000000,0.000000,0.000000,2.000000
129,2,perfect_information,267,229.860777,218.329752,256.598082,22,2712.000000,3.000000,0.000000,0.000000
129,3,perfect_information,287,246.819087,234.548528,275.293499,24,2880.000000,0.000000,0.000000,1.000000
129,4,perfect_information,291,259.837845,242.928587,293.431458,21,3132.000000,3.000000,3.000000,0.000000
129,5,perfect_information,256,221.420186,206.081617,247.018371,17,2856.000000,4.000000,4.000000,0.000000
129,6,perfect_information,196,184.808954,160.430822,206.282921,13,2196.000000,4.000000,3.000000,0.000000
130,0,buffer_rule,207,214.121468,195.961144,241.523062,18,2160.000000,0.000000,0.000000,9.000000
130,1,buffer_rule,239,231.613979,215.778734,257.904082,17,2580.000000,0.000000,3.000000,1.000000
130,2,buffer_rule,258,253.403962,241.872937,280.141267,21,2664.000000,6.000000,0.000000,0.000000
130,3,buffer_rule,281,268.037792,255.767233,296.752117,22,2940.000000,5.000000,1.000000,0.000000
130,4,buffer_rule,300,276.457658,259.548400,310.051271,23,3120.000000,0.000000,2.000000,0.000000
130,5,buffer_rule,248,241.987108,226.648538,268.108150,19,2640.000000,0.000000,2.000000,4.000000
130,6,buffer_rule,218,202.254273,177.876141,223.728240,15,2388.000000,2.000000,3.000000,0.000000
130,0,point_plan,207,214.121468,195.961144,241.523062,18,2160.000000,0.000000,0.000000,9.000000
130,1,point_plan,239,231.613979,215.778734,257.904082,19,2460.000000,0.000000,1.000000,1.000000
130,2,point_plan,258,253.403962,241.872937,280.141267,21,2664.000000,6.000000,0.000000,0.000000
130,3,point_plan,281,268.037792,255.767233,296.752117,22,2940.000000,5.000000,1.000000,0.000000
130,4,point_plan,300,276.457658,259.548400,310.051271,22,3180.000000,0.000000,3.000000,0.000000
130,5,point_plan,248,241.987108,226.648538,268.108150,18,2700.000000,0.000000,3.000000,4.000000
130,6,point_plan,218,202.254273,177.876141,223.728240,15,2388.000000,2.000000,3.000000,0.000000
130,0,stochastic_plan,207,214.121468,195.961144,241.523062,17,2112.000000,3.000000,0.000000,0.000000
130,1,stochastic_plan,239,231.613979,215.778734,257.904082,19,2460.000000,0.000000,1.000000,1.000000
130,2,stochastic_plan,258,253.403962,241.872937,280.141267,21,2664.000000,6.000000,0.000000,0.000000
130,3,stochastic_plan,281,268.037792,255.767233,296.752117,22,2940.000000,5.000000,1.000000,0.000000
130,4,stochastic_plan,300,276.457658,259.548400,310.051271,22,3180.000000,0.000000,3.000000,0.000000
130,5,stochastic_plan,248,241.987108,226.648538,268.108150,19,2640.000000,0.000000,2.000000,4.000000
130,6,stochastic_plan,218,202.254273,177.876141,223.728240,15,2388.000000,2.000000,3.000000,0.000000
130,0,perfect_information,207,214.121468,195.961144,241.523062,17,2112.000000,3.000000,0.000000,0.000000
130,1,perfect_information,239,231.613979,215.778734,257.904082,20,2400.000000,0.000000,0.000000,1.000000
130,2,perfect_information,258,253.403962,241.872937,280.141267,21,2664.000000,6.000000,0.000000,0.000000
130,3,perfect_information,281,268.037792,255.767233,296.752117,23,2880.000000,5.000000,0.000000,0.000000
130,4,perfect_information,300,276.457658,259.548400,310.051271,22,3180.000000,0.000000,3.000000,0.000000
130,5,perfect_information,248,241.987108,226.648538,268.108150,18,2700.000000,0.000000,3.000000,4.000000
130,6,perfect_information,218,202.254273,177.876141,223.728240,14,2448.000000,2.000000,4.000000,0.000000
131,0,buffer_rule,204,208.419431,190.259107,235.821026,16,2100.000000,0.000000,1.000000,0.000000
131,1,buffer_rule,229,235.053025,219.217780,260.559658,18,2364.000000,1.000000,1.000000,0.000000
131,2,buffer_rule,261,252.041236,240.510211,278.778541,20,2760.000000,0.000000,2.000000,3.000000
131,3,buffer_rule,273,267.748778,255.478219,296.223190,23,2760.000000,0.000000,0.000000,3.000000
131,4,buffer_rule,267,279.979504,263.070247,313.573117,23,2760.000000,0.000000,0.000000,9.000000
131,5,buffer_rule,232,241.061288,225.722719,267.182331,19,2376.000000,4.000000,0.000000,0.000000
131,6,buffer_rule,196,208.267026,183.888895,229.740993,16,2016.000000,4.000000,0.000000,0.000000
131,0,point_plan,204,208.419431,190.259107,235.821026,17,2040.000000,0.000000,0.000000,0.000000
131,1,point_plan,229,235.053025,219.217780,260.559658,19,2304.000000,1.000000,0.000000,0.000000
131,2,point_plan,261,252.041236,240.510211,278.778541,21,2700.000000,0.000000,1.000000,3.000000
131,3,point_plan,273,267.748778,255.478219,296.223190,22,2820.000000,0.000000,1.000000,3.000000
131,4,point_plan,267,279.979504,263.070247,313.573117,22,2712.000000,3.000000,0.000000,0.000000
131,5,point_plan,232,241.061288,225.722719,267.182331,19,2376.000000,4.000000,0.000000,0.000000
131,6,point_plan,196,208.267026,183.888895,229.740993,15,2076.000000,4.000000,1.000000,0.000000
131,0,stochastic_plan,204,208.419431,190.259107,235.821026,16,2100.000000,0.000000,1.000000,0.000000
131,1,stochastic_plan,229,235.053025,219.217780,260.559658,19,2304.000000,1.000000,0.000000,0.000000
131,2,stochastic_plan,261,252.041236,240.510211,278.778541,20,2760.000000,0.000000,2.000000,3.000000
131,3,stochastic_plan,273,267.748778,255.478219,296.223190,22,2820.000000,0.000000,1.000000,3.000000
131,4,stochastic_plan,267,279.979504,263.070247,313.573117,23,2760.000000,0.000000,0.000000,9.000000
131,5,stochastic_plan,232,241.061288,225.722719,267.182331,19,2376.000000,4.000000,0.000000,0.000000
131,6,stochastic_plan,196,208.267026,183.888895,229.740993,16,2016.000000,4.000000,0.000000,0.000000
131,0,perfect_information,204,208.419431,190.259107,235.821026,17,2040.000000,0.000000,0.000000,0.000000
131,1,perfect_information,229,235.053025,219.217780,260.559658,19,2304.000000,1.000000,0.000000,0.000000
131,2,perfect_information,261,252.041236,240.510211,278.778541,22,2640.000000,0.000000,0.000000,3.000000
131,3,perfect_information,273,267.748778,255.478219,296.223190,23,2760.000000,0.000000,0.000000,3.000000
131,4,perfect_information,267,279.979504,263.070247,313.573117,22,2712.000000,3.000000,0.000000,0.000000
131,5,perfect_information,232,241.061288,225.722719,267.182331,18,2436.000000,4.000000,1.000000,0.000000
131,6,perfect_information,196,208.267026,183.888895,229.740993,14,2136.000000,4.000000,2.000000,0.000000
132,0,buffer_rule,199,202.760580,184.600256,230.162175,16,2088.000000,7.000000,0.000000,0.000000
132,1,buffer_rule,195,227.899722,212.064478,253.406355,18,2160.000000,0.000000,0.000000,21.000000
132,2,buffer_rule,223,248.485425,236.954401,275.222730,22,2640.000000,0.000000,0.000000,41.000000
132,3,buffer_rule,274,261.043277,248.772718,289.517689,23,2760.000000,0.000000,0.000000,2.000000
132,4,buffer_rule,258,267.006763,250.097505,300.430781,22,2640.000000,0.000000,0.000000,6.000000
132,5,buffer_rule,221,232.231516,216.892947,258.352559,19,2280.000000,0.000000,0.000000,7.000000
132,6,buffer_rule,165,198.472888,174.094757,219.946856,15,1800.000000,0.000000,0.000000,15.000000
132,0,point_plan,199,202.760580,184.600256,230.162175,17,2040.000000,0.000000,0.000000,5.000000
132,1,point_plan,195,227.899722,212.064478,253.406355,19,2280.000000,0.000000,0.000000,33.000000
132,2,point_plan,223,248.485425,236.954401,275.222730,21,2520.000000,0.000000,0.000000,29.000000
132,3,point_plan,274,261.043277,248.772718,289.517689,22,2820.000000,0.000000,1.000000,2.000000
132,4,point_plan,258,267.006763,250.097505,300.430781,22,2640.000000,0.000000,0.000000,6.000000
132,5,point_plan,221,232.231516,216.892947,258.352559,19,2280.000000,0.000000,0.000000,7.000000
132,6,point_plan,165,198.472888,174.094757,219.946856,15,1800.000000,0.000000,0.000000,15.000000
132,0,stochastic_plan,199,202.760580,184.600256,230.162175,16,2088.000000,7.000000,0.000000,0.000000
132,1,stochastic_plan,195,227.899722,212.064478,253.406355,19,2280.000000,0.000000,0.000000,33.000000
132,2,stochastic_plan,223,248.485425,236.954401,275.222730,21,2520.000000,0.000000,0.000000,29.000000
132,3,stochastic_plan,274,261.043277,248.772718,289.517689,22,2820.000000,0.000000,1.000000,2.000000
132,4,stochastic_plan,258,267.006763,250.097505,300.430781,22,2640.000000,0.000000,0.000000,6.000000
132,5,stochastic_plan,221,232.231516,216.892947,258.352559,19,2280.000000,0.000000,0.000000,7.000000
132,6,stochastic_plan,165,198.472888,174.094757,219.946856,16,1920.000000,0.000000,0.000000,27.000000
132,0,perfect_information,199,202.760580,184.600256,230.162175,17,2040.000000,0.000000,0.000000,5.000000
132,1,perfect_information,195,227.899722,212.064478,253.406355,16,1992.000000,3.000000,0.000000,0.000000
132,2,perfect_information,223,248.485425,236.954401,275.222730,19,2280.000000,0.000000,0.000000,5.000000
132,3,perfect_information,274,261.043277,248.772718,289.517689,23,2760.000000,0.000000,0.000000,2.000000
132,4,perfect_information,258,267.006763,250.097505,300.430781,22,2640.000000,0.000000,0.000000,6.000000
132,5,perfect_information,221,232.231516,216.892947,258.352559,18,2280.000000,5.000000,0.000000,0.000000
132,6,perfect_information,165,198.472888,174.094757,219.946856,14,1680.000000,0.000000,0.000000,3.000000
133,0,buffer_rule,200,193.796599,175.636275,214.840024,17,2040.000000,0.000000,0.000000,4.000000
133,1,buffer_rule,209,210.433728,190.976481,227.291478,17,2160.000000,5.000000,0.000000,0.000000
133,2,buffer_rule,236,231.475439,219.690577,257.377633,20,2400.000000,0.000000,0.000000,4.000000
133,3,buffer_rule,250,254.081609,241.811051,280.751665,24,2880.000000,0.000000,0.000000,38.000000
133,4,buffer_rule,284,256.156195,239.246937,286.882503,23,2940.000000,0.000000,1.000000,4.000000
133,5,buffer_rule,213,221.508754,206.170185,247.106939,19,2280.000000,0.000000,0.000000,15.000000
133,6,buffer_rule,174,182.734561,152.723937,202.429850,15,1800.000000,0.000000,0.000000,6.000000
133,0,point_plan,200,193.796599,175.636275,214.840024,16,2100.000000,0.000000,1.000000,4.000000
133,1,point_plan,209,210.433728,190.976481,227.291478,18,2160.000000,0.000000,0.000000,7.000000
133,2,point_plan,236,231.475439,219.690577,257.377633,19,2460.000000,0.000000,1.000000,4.000000
133,3,point_plan,250,254.081609,241.811051,280.751665,21,2520.000000,0.000000,0.000000,2.000000
133,4,point_plan,284,256.156195,239.246937,286.882503,21,3060.000000,0.000000,3.000000,4.000000
133,5,point_plan,213,221.508754,206.170185,247.106939,19,2280.000000,0.000000,0.000000,15.000000
133,6,point_plan,174,182.734561,152.723937,202.429850,15,1800.000000,0.000000,0.000000,6.000000
133,0,stochastic_plan,200,193.796599,175.636275,214.840024,16,2100.000000,0.000000,1.000000,4.000000
133,1,stochastic_plan,209,210.433728,190.976481,227.291478,17,2160.000000,5.000000,0.000000,0.000000
133,2,stochastic_plan,236,231.475439,219.690577,257.377633,19,2460.000000,0.000000,1.000000,4.000000
133,3,stochastic_plan,250,254.081609,241.811051,280.751665,22,2640.000000,0.000000,0.000000,14.000000
133,4,stochastic_plan,284,256.156195,239.246937,286.882503,21,3060.000000,0.000000,3.000000,4.000000
133,5,stochastic_plan,213,221.508754,206.170185,247.106939,18,2160.000000,0.000000,0.000000,3.000000
133,6,stochastic_plan,174,182.734561,152.723937,202.429850,14,1824.000000,6.000000,0.000000,0.000000
133,0,perfect_information,200,193.796599,175.636275,214.840024,17,2040.000000,0.000000,0.000000,4.000000
133,1,perfect_information,209,210.433728,190.976481,227.291478,17,2160.000000,5.000000,0.000000,0.000000
133,2,perfect_information,236,231.475439,219.690577,257.377633,20,2400.000000,0.000000,0.000000,4.000000
133,3,perfect_information,250,254.081609,241.811051,280.751665,21,2520.000000,0.000000,0.000000,2.000000
133,4,perfect_information,284,256.156195,239.246937,286.882503,22,3000.000000,0.000000,2.000000,4.000000
133,5,perfect_information,213,221.508754,206.170185,247.106939,18,2160.000000,0.000000,0.000000,3.000000
133,6,perfect_information,174,182.734561,152.723937,202.429850,15,1800.000000,0.000000,0.000000,6.000000
134,0,buffer_rule,195,194.878786,176.718462,215.922210,17,2040.000000,0.000000,0.000000,9.000000
134,1,buffer_rule,211,214.685027,195.227780,231.542777,18,2160.000000,0.000000,0.000000,5.000000
134,2,buffer_rule,236,235.224248,223.439386,261.126443,21,2520.000000,0.000000,0.000000,16.000000
134,3,buffer_rule,261,249.001514,236.730956,275.671570,22,2640.000000,0.000000,0.000000,3.000000
134,4,buffer_rule,270,264.085775,247.176517,294.916095,23,2760.000000,0.000000,0.000000,6.000000
134,5,buffer_rule,219,219.709874,204.421120,245.308059,19,2280.000000,0.000000,0.000000,9.000000
134,6,buffer_rule,216,185.637335,161.259203,205.332624,15,2340.000000,0.000000,3.000000,0.000000
134,0,point_plan,195,194.878786,176.718462,215.922210,16,1992.000000,3.000000,0.000000,0.000000
134,1,point_plan,211,214.685027,195.227780,231.542777,18,2160.000000,0.000000,0.000000,5.000000
134,2,point_plan,236,235.224248,223.439386,261.126443,20,2400.000000,0.000000,0.000000,4.000000
134,3,point_plan,261,249.001514,236.730956,275.671570,21,2700.000000,0.000000,1.000000,3.000000
134,4,point_plan,270,264.085775,247.176517,294.916095,22,2784.000000,6.000000,0.000000,0.000000
134,5,point_plan,219,219.709874,204.421120,245.308059,18,2232.000000,3.000000,0.000000,0.000000
134,6,point_plan,216,185.637335,161.259203,205.332624,16,2280.000000,0.000000,2.000000,0.000000
134,0,stochastic_plan,195,194.878786,176.718462,215.922210,16,1992.000000,3.000000,0.000000,0.000000
134,1,stochastic_plan,211,214.685027,195.227780,231.542777,18,2160.000000,0.000000,0.000000,5.000000
134,2,stochastic_plan,236,235.224248,223.439386,261.126443,20,2400.000000,0.000000,0.000000,4.000000
134,3,stochastic_plan,261,249.001514,236.730956,275.671570,21,2700.000000,0.000000,1.000000,3.000000
134,4,stochastic_plan,270,264.085775,247.176517,294.916095,22,2784.000000,6.000000,0.000000,0.000000
134,5,stochastic_plan,219,219.709874,204.421120,245.308059,18,2232.000000,3.000000,0.000000,0.000000
134,6,stochastic_plan,216,185.637335,161.259203,205.332624,15,2340.000000,0.000000,3.000000,0.000000
134,0,perfect_information,195,194.878786,176.718462,215.922210,16,1992.000000,3.000000,0.000000,0.000000
134,1,perfect_information,211,214.685027,195.227780,231.542777,18,2160.000000,0.000000,0.000000,5.000000
134,2,perfect_information,236,235.224248,223.439386,261.126443,20,2400.000000,0.000000,0.000000,4.000000
134,3,perfect_information,261,249.001514,236.730956,275.671570,22,2640.000000,0.000000,0.000000,3.000000
134,4,perfect_information,270,264.085775,247.176517,294.916095,22,2784.000000,6.000000,0.000000,0.000000
134,5,perfect_information,219,219.709874,204.421120,245.308059,18,2232.000000,3.000000,0.000000,0.000000
134,6,perfect_information,216,185.637335,161.259203,205.332624,18,2160.000000,0.000000,0.000000,0.000000
135,0,buffer_rule,223,195.811263,177.650939,216.854688,16,2448.000000,7.000000,2.000000,0.000000
135,1,buffer_rule,250,216.821352,197.364105,233.679102,18,2700.000000,0.000000,3.000000,2.000000
135,2,buffer_rule,259,237.204855,225.419993,263.107049,20,2748.000000,7.000000,1.000000,0.000000
135,3,buffer_rule,264,253.664611,241.394052,280.334667,23,2760.000000,0.000000,0.000000,12.000000
135,4,buffer_rule,318,262.490588,245.581330,293.320908,22,3504.000000,6.000000,4.000000,0.000000
135,5,buffer_rule,246,222.807087,207.518333,248.405272,18,2664.000000,6.000000,2.000000,0.000000
135,6,buffer_rule,200,198.534318,174.156187,220.008285,18,2160.000000,0.000000,0.000000,16.000000
135,0,point_plan,223,195.811263,177.650939,216.854688,16,2448.000000,7.000000,2.000000,0.000000
135,1,point_plan,250,216.821352,197.364105,233.679102,18,2700.000000,0.000000,3.000000,2.000000
135,2,point_plan,259,237.204855,225.419993,263.107049,20,2748.000000,7.000000,1.000000,0.000000
135,3,point_plan,264,253.664611,241.394052,280.334667,21,2700.000000,0.000000,1.000000,0.000000
135,4,point_plan,318,262.490588,245.581330,293.320908,22,3504.000000,6.000000,4.000000,0.000000
135,5,point_plan,246,222.807087,207.518333,248.405272,19,2604.000000,6.000000,1.000000,0.000000
135,6,point_plan,200,198.534318,174.156187,220.008285,17,2040.000000,0.000000,0.000000,4.000000
135,0,stochastic_plan,223,195.811263,177.650939,216.854688,16,2448.000000,7.000000,2.000000,0.000000
135,1,stochastic_plan,250,216.821352,197.364105,233.679102,18,2700.000000,0.000000,3.000000,2.000000
135,2,stochastic_plan,259,237.204855,225.419993,263.107049,20,2748.000000,7.000000,1.000000,0.000000
135,3,stochastic_plan,264,253.664611,241.394052,280.334667,22,2640.000000,0.000000,0.000000,0.000000
135,4,stochastic_plan,318,262.490588,245.581330,293.320908,22,3504.000000,6.000000,4.000000,0.000000
135,5,stochastic_plan,246,222.807087,207.518333,248.405272,18,2664.000000,6.000000,2.000000,0.000000
135,6,stochastic_plan,200,198.534318,174.156187,220.008285,16,2100.000000,0.000000,1.000000,4.000000
135,0,perfect_information,223,195.811263,177.650939,216.854688,18,2328.000000,7.000000,0.000000,0.000000
135,1,perfect_information,250,216.821352,197.364105,233.679102,21,2520.000000,0.000000,0.000000,2.000000
135,2,perfect_information,259,237.204855,225.419993,263.107049,21,2688.000000,7.000000,0.000000,0.000000
135,3,perfect_information,264,253.664611,241.394052,280.334667,22,2640.000000,0.000000,0.000000,0.000000
135,4,perfect_information,318,262.490588,245.581330,293.320908,21,3564.000000,6.000000,5.000000,0.000000
135,5,perfect_information,246,222.807087,207.518333,248.405272,18,2664.000000,6.000000,2.000000,0.000000
135,6,perfect_information,200,198.534318,174.156187,220.008285,14,2220.000000,0.000000,3.000000,4.000000
136,0,buffer_rule,200,212.836963,194.676639,239.439669,18,2160.000000,0.000000,0.000000,16.000000
136,1,buffer_rule,246,236.523080,217.065833,262.029713,19,2604.000000,6.000000,1.000000,0.000000
136,2,buffer_rule,258,252.283434,240.498572,278.185628,20,2724.000000,6.000000,1.000000,0.000000
136,3,buffer_rule,292,263.518746,251.248187,290.188802,21,3156.000000,4.000000,3.000000,0.000000
136,4,buffer_rule,285,285.493646,268.584388,318.917664,23,2940.000000,0.000000,1.000000,3.000000
136,5,buffer_rule,250,239.375394,224.086640,264.973579,19,2640.000000,0.000000,2.000000,2.000000
136,6,buffer_rule,189,204.473005,180.094873,225.946972,15,1980.000000,0.000000,1.000000,3.000000
136,0,point_plan,200,212.836963,194.676639,239.439669,18,2160.000000,0.000000,0.000000,16.000000
136,1,point_plan,246,236.523080,217.065833,262.029713,20,2544.000000,6.000000,0.000000,0.000000
136,2,point_plan,258,252.283434,240.498572,278.185628,21,2664.000000,6.000000,0.000000,0.000000
136,3,point_plan,292,263.518746,251.248187,290.188802,22,3096.000000,4.000000,2.000000,0.000000
136,4,point_plan,285,285.493646,268.584388,318.917664,22,3000.000000,0.000000,2.000000,3.000000
136,5,point_plan,250,239.375394,224.086640,264.973579,18,2700.000000,0.000000,3.000000,2.000000
136,6,point_plan,189,204.473005,180.094873,225.946972,14,2040.000000,0.000000,2.000000,3.000000
136,0,stochastic_plan,200,212.836963,194.676639,239.439669,17,2040.000000,0.000000,0.000000,4.000000
136,1,stochastic_plan,246,236.523080,217.065833,262.029713,19,2604.000000,6.000000,1.000000,0.000000
136,2,stochastic_plan,258,252.283434,240.498572,278.185628,21,2664.000000,6.000000,0.000000,0.000000
136,3,stochastic_plan,292,263.518746,251.248187,290.188802,21,3156.000000,4.000000,3.000000,0.000000
136,4,stochastic_plan,285,285.493646,268.584388,318.917664,23,2940.000000,0.000000,1.000000,3.000000
136,5,stochastic_plan,250,239.375394,224.086640,264.973579,19,2640.000000,0.000000,2.000000,2.000000
136,6,stochastic_plan,189,204.473005,180.094873,225.946972,15,1980.000000,0.000000,1.000000,3.000000
136,0,perfect_information,200,212.836963,194.676639,239.439669,17,2040.000000,0.000000,0.000000,4.000000
136,1,perfect_information,246,236.523080,217.065833,262.029713,20,2544.000000,6.000000,0.000000,0.000000
136,2,perfect_information,258,252.283434,240.498572,278.185628,21,2664.000000,6.000000,0.000000,0.000000
136,3,perfect_information,292,263.518746,251.248187,290.188802,24,2976.000000,4.000000,0.000000,0.000000
136,4,perfect_information,285,285.493646,268.584388,318.917664,21,3060.000000,0.000000,3.000000,3.000000
136,5,perfect_information,250,239.375394,224.086640,264.973579,18,2700.000000,0.000000,3.000000,2.000000
136,6,perfect_information,189,204.473005,180.094873,225.946972,14,2040.000000,0.000000,2.000000,3.000000
137,0,buffer_rule,182,205.505707,187.345383,232.108412,15,1848.000000,2.000000,0.000000,0.000000
137,1,buffer_rule,217,235.803180,216.345933,261.309813,19,2280.000000,0.000000,0.000000,11.000000
137,2,buffer_rule,243,251.653066,239.868204,277.555260,20,2472.000000,3.000000,0.000000,0.000000
137,3,buffer_rule,243,269.403873,257.133314,297.708341,24,2880.000000,0.000000,0.000000,45.000000
137,4,buffer_rule,247,276.988101,260.078844,310.412120,23,2760.000000,0.000000,0.000000,29.000000
137,5,buffer_rule,208,239.791293,224.502539,265.389478,19,2280.000000,0.000000,0.000000,20.000000
137,6,buffer_rule,171,201.095724,176.717592,222.569691,15,1800.000000,0.000000,0.000000,9.000000
137,0,point_plan,182,205.505707,187.345383,232.108412,17,2040.000000,0.000000,0.000000,22.000000
137,1,point_plan,217,235.803180,216.345933,261.309813,20,2400.000000,0.000000,0.000000,23.000000
137,2,point_plan,243,251.653066,239.868204,277.555260,21,2520.000000,0.000000,0.000000,9.000000
137,3,point_plan,243,269.403873,257.133314,297.708341,22,2640.000000,0.000000,0.000000,21.000000
137,4,point_plan,247,276.988101,260.078844,310.412120,22,2640.000000,0.000000,0.000000,17.000000
137,5,point_plan,208,239.791293,224.502539,265.389478,18,2160.000000,0.000000,0.000000,8.000000
137,6,point_plan,171,201.095724,176.717592,222.569691,15,1800.000000,0.000000,0.000000,9.000000
137,0,stochastic_plan,182,205.505707,187.345383,232.108412,17,2040.000000,0.000000,0.000000,22.000000
137,1,stochastic_plan,217,235.803180,216.345933,261.309813,19,2280.000000,0.000000,0.000000,11.000000
137,2,stochastic_plan,243,251.653066,239.868204,277.555260,21,2520.000000,0.000000,0.000000,9.000000
137,3,stochastic_plan,243,269.403873,257.133314,297.708341,22,2640.000000,0.000000,0.000000,21.000000
137,4,stochastic_plan,247,276.988101,260.078844,310.412120,22,2640.000000,0.000000,0.000000,17.000000
137,5,stochastic_plan,208,239.791293,224.502539,265.389478,19,2280.000000,0.000000,0.000000,20.000000
137,6,stochastic_plan,171,201.095724,176.717592,222.569691,15,1800.000000,0.000000,0.000000,9.000000
137,0,perfect_information,182,205.505707,187.345383,232.108412,15,1848.000000,2.000000,0.000000,0.000000
137,1,perfect_information,217,235.803180,216.345933,261.309813,18,2184.000000,1.000000,0.000000,0.000000
137,2,perfect_information,243,251.653066,239.868204,277.555260,20,2472.000000,3.000000,0.000000,0.000000
137,3,perfect_information,243,269.403873,257.133314,297.708341,20,2472.000000,3.000000,0.000000,0.000000
137,4,perfect_information,247,276.988101,260.078844,310.412120,21,2520.000000,0.000000,0.000000,5.000000
137,5,perfect_information,208,239.791293,224.502539,265.389478,17,2136.000000,4.000000,0.000000,0.000000
137,6,perfect_information,171,201.095724,176.717592,222.569691,14,1752.000000,3.000000,0.000000,0.000000
138,0,buffer_rule,193,188.598834,165.618652,215.201539,17,2040.000000,0.000000,0.000000,11.000000
138,1,buffer_rule,192,217.209868,197.489715,242.716500,19,2280.000000,0.000000,0.000000,36.000000
138,2,buffer_rule,221,236.441002,224.656140,262.343196,22,2640.000000,0.000000,0.000000,43.000000
138,3,buffer_rule,250,245.639712,227.394187,273.944180,22,2640.000000,0.000000,0.000000,14.000000
138,4,buffer_rule,240,254.831720,233.504079,288.255739,22,2640.000000,0.000000,0.000000,24.000000
138,5,buffer_rule,229,217.724873,197.383572,243.323057,18,2364.000000,1.000000,1.000000,0.000000
138,6,buffer_rule,156,184.971978,155.443127,206.445946,15,1800.000000,0.000000,0.000000,24.000000
138,0,point_plan,193,188.598834,165.618652,215.201539,16,1944.000000,1.000000,0.000000,0.000000
138,1,point_plan,192,217.209868,197.489715,242.716500,18,2160.000000,0.000000,0.000000,24.000000
138,2,point_plan,221,236.441002,224.656140,262.343196,20,2400.000000,0.000000,0.000000,19.000000
138,3,point_plan,250,245.639712,227.394187,273.944180,21,2520.000000,0.000000,0.000000,2.000000
138,4,point_plan,240,254.831720,233.504079,288.255739,21,2520.000000,0.000000,0.000000,12.000000
138,5,point_plan,229,217.724873,197.383572,243.323057,18,2364.000000,1.000000,1.000000,0.000000
138,6,point_plan,156,184.971978,155.443127,206.445946,15,1800.000000,0.000000,0.000000,24.000000
138,0,stochastic_plan,193,188.598834,165.618652,215.201539,16,1944.000000,1.000000,0.000000,0.000000
138,1,stochastic_plan,192,217.209868,197.489715,242.716500,18,2160.000000,0.000000,0.000000,24.000000
138,2,stochastic_plan,221,236.441002,224.656140,262.343196,20,2400.000000,0.000000,0.000000,19.000000
138,3,stochastic_plan,250,245.639712,227.394187,273.944180,21,2520.000000,0.000000,0.000000,2.000000
138,4,stochastic_plan,240,254.831720,233.504079,288.255739,21,2520.000000,0.000000,0.000000,12.000000
138,5,stochastic_plan,229,217.724873,197.383572,243.323057,18,2364.000000,1.000000,1.000000,0.000000
138,6,stochastic_plan,156,184.971978,155.443127,206.445946,15,1800.000000,0.000000,0.000000,24.000000
138,0,perfect_information,193,188.598834,165.618652,215.201539,16,1944.000000,1.000000,0.000000,0.000000
138,1,perfect_information,192,217.209868,197.489715,242.716500,16,1920.000000,0.000000,0.000000,0.000000
138,2,perfect_information,221,236.441002,224.656140,262.343196,18,2280.000000,5.000000,0.000000,0.000000
138,3,perfect_information,250,245.639712,227.394187,273.944180,21,2520.000000,0.000000,0.000000,2.000000
138,4,perfect_information,240,254.831720,233.504079,288.255739,20,2400.000000,0.000000,0.000000,0.000000
138,5,perfect_information,229,217.724873,197.383572,243.323057,17,2424.000000,1.000000,2.000000,0.000000
138,6,perfect_information,156,184.971978,155.443127,206.445946,13,1560.000000,0.000000,0.000000,0.000000
139,0,buffer_rule,203,189.419431,166.439249,216.022136,18,2160.000000,0.000000,0.000000,13.000000
139,1,buffer_rule,193,208.728776,184.484962,234.235409,18,2160.000000,0.000000,0.000000,23.000000
139,2,buffer_rule,243,228.948349,216.690076,254.850543,21,2520.000000,0.000000,0.000000,9.000000
139,3,buffer_rule,249,245.343898,227.098373,273.648366,23,2760.000000,0.000000,0.000000,27.000000
139,4,buffer_rule,255,250.127057,228.799416,283.551075,21,2592.000000,3.000000,0.000000,0.000000
139,5,buffer_rule,220,221.689400,201.348098,247.287584,19,2280.000000,0.000000,0.000000,8.000000
139,6,buffer_rule,203,177.361803,147.378454,198.835771,15,2160.000000,0.000000,2.000000,1.000000
139,0,point_plan,203,189.419431,166.439249,216.022136,16,2100.000000,0.000000,1.000000,1.000000
139,1,point_plan,193,208.728776,184.484962,234.235409,17,2040.000000,0.000000,0.000000,11.000000
139,2,point_plan,243,228.948349,216.690076,254.850543,19,2532.000000,3.000000,1.000000,0.000000
139,3,point_plan,249,245.343898,227.098373,273.648366,21,2520.000000,0.000000,0.000000,3.000000
139,4,point_plan,255,250.127057,228.799416,283.551075,21,2592.000000,3.000000,0.000000,0.000000
139,5,point_plan,220,221.689400,201.348098,247.287584,19,2280.000000,0.000000,0.000000,8.000000
139,6,point_plan,203,177.361803,147.378454,198.835771,15,2160.000000,0.000000,2.000000,1.000000
139,0,stochastic_plan,203,189.419431,166.439249,216.022136,16,2100.000000,0.000000,1.000000,1.000000
139,1,stochastic_plan,193,208.728776,184.484962,234.235409,17,2040.000000,0.000000,0.000000,11.000000
139,2,stochastic_plan,243,228.948349,216.690076,254.850543,19,2532.000000,3.000000,1.000000,0.000000
139,3,stochastic_plan,249,245.343898,227.098373,273.648366,21,2520.000000,0.000000,0.000000,3.000000
139,4,stochastic_plan,255,250.127057,228.799416,283.551075,21,2592.000000,3.000000,0.000000,0.000000
139,5,stochastic_plan,220,221.689400,201.348098,247.287584,18,2256.000000,4.000000,0.000000,0.000000
139,6,stochastic_plan,203,177.361803,147.378454,198.835771,14,2220.000000,0.000000,3.000000,1.000000
139,0,perfect_information,203,189.419431,166.439249,216.022136,17,2040.000000,0.000000,0.000000,1.000000
139,1,perfect_information,193,208.728776,184.484962,234.235409,16,1944.000000,1.000000,0.000000,0.000000
139,2,perfect_information,243,228.948349,216.690076,254.850543,20,2472.000000,3.000000,0.000000,0.000000
139,3,perfect_information,249,245.343898,227.098373,273.648366,21,2520.000000,0.000000,0.000000,3.000000
139,4,perfect_information,255,250.127057,228.799416,283.551075,21,2592.000000,3.000000,0.000000,0.000000
139,5,perfect_information,220,221.689400,201.348098,247.287584,18,2256.000000,4.000000,0.000000,0.000000
139,6,perfect_information,203,177.361803,147.378454,198.835771,17,2040.000000,0.000000,0.000000,1.000000
140,0,buffer_rule,216,196.429050,173.448868,223.031755,18,2160.000000,0.000000,0.000000,0.000000
140,1,buffer_rule,254,212.328687,188.084872,229.186436,17,2808.000000,2.000000,4.000000,0.000000
140,2,buffer_rule,278,238.828945,226.570673,264.731139,21,2928.000000,2.000000,2.000000,0.000000
140,3,buffer_rule,280,249.907828,231.662303,278.212296,22,2916.000000,4.000000,1.000000,0.000000
140,4,buffer_rule,270,256.974694,235.647053,290.398712,22,2784.000000,6.000000,0.000000,0.000000
140,5,buffer_rule,236,224.045347,203.704046,249.643532,18,2520.000000,0.000000,2.000000,4.000000
140,6,buffer_rule,184,193.997041,164.013692,218.219025,17,2040.000000,0.000000,0.000000,20.000000
140,0,point_plan,216,196.429050,173.448868,223.031755,16,2280.000000,0.000000,2.000000,0.000000
140,1,point_plan,254,212.328687,188.084872,229.186436,18,2748.000000,2.000000,3.000000,0.000000
140,2,point_plan,278,238.828945,226.570673,264.731139,20,2988.000000,2.000000,3.000000,0.000000
140,3,point_plan,280,249.907828,231.662303,278.212296,21,2976.000000,4.000000,2.000000,0.000000
140,4,point_plan,270,256.974694,235.647053,290.398712,21,2844.000000,6.000000,1.000000,0.000000
140,5,point_plan,236,224.045347,203.704046,249.643532,19,2460.000000,0.000000,1.000000,4.000000
140,6,point_plan,184,193.997041,164.013692,218.219025,16,1920.000000,0.000000,0.000000,8.000000
140,0,stochastic_plan,216,196.429050,173.448868,223.031755,16,2280.000000,0.000000,2.000000,0.000000
140,1,stochastic_plan,254,212.328687,188.084872,229.186436,18,2748.000000,2.000000,3.000000,0.000000
140,2,stochastic_plan,278,238.828945,226.570673,264.731139,20,2988.000000,2.000000,3.000000,0.000000
140,3,stochastic_plan,280,249.907828,231.662303,278.212296,21,2976.000000,4.000000,2.000000,0.000000
140,4,stochastic_plan,270,256.974694,235.647053,290.398712,21,2844.000000,6.000000,1.000000,0.000000
140,5,stochastic_plan,236,224.045347,203.704046,249.643532,19,2460.000000,0.000000,1.000000,4.000000
140,6,stochastic_plan,184,193.997041,164.013692,218.219025,15,1896.000000,4.000000,0.000000,0.000000
140,0,perfect_information,216,196.429050,173.448868,223.031755,18,2160.000000,0.000000,0.000000,0.000000
140,1,perfect_information,254,212.328687,188.084872,229.186436,21,2568.000000,2.000000,0.000000,0.000000
140,2,perfect_information,278,238.828945,226.570673,264.731139,23,2808.000000,2.000000,0.000000,0.000000
140,3,perfect_information,280,249.907828,231.662303,278.212296,23,2856.000000,4.000000,0.000000,0.000000
140,4,perfect_information,270,256.974694,235.647053,290.398712,20,2904.000000,6.000000,2.000000,0.000000
140,5,perfect_information,236,224.045347,203.704046,249.643532,17,2580.000000,0.000000,3.000000,4.000000
140,6,perfect_information,184,193.997041,164.013692,218.219025,13,2016.000000,4.000000,2.000000,0.000000
141,0,buffer_rule,204,209.978364,186.998182,236.581069,17,2040.000000,0.000000,0.000000,0.000000
141,1,buffer_rule,235,236.921695,212.677881,262.428328,21,2520.000000,0.000000,0.000000,17.000000
141,2,buffer_rule,262,257.664427,245.406155,292.508297,22,2640.000000,0.000000,0.000000,2.000000
141,3,buffer_rule,260,266.620483,248.374958,295.271682,22,2640.000000,0.000000,0.000000,4.000000
141,4,buffer_rule,257,269.817694,248.490053,303.241712,21,2640.000000,5.000000,0.000000,0.000000
141,5,buffer_rule,228,237.039341,216.698040,262.637525,18,2340.000000,0.000000,1.000000,0.000000
141,6,buffer_rule,201,199.033803,169.050453,223.255786,14,2220.000000,0.000000,3.000000,3.000000
141,0,point_plan,204,209.978364,186.998182,236.581069,17,2040.000000,0.000000,0.000000,0.000000
141,1,point_plan,235,236.921695,212.677881,262.428328,20,2400.000000,0.000000,0.000000,5.000000
141,2,point_plan,262,257.664427,245.406155,292.508297,21,2700.000000,0.000000,1.000000,2.000000
141,3,point_plan,260,266.620483,248.374958,295.271682,22,2640.000000,0.000000,0.000000,4.000000
141,4,point_plan,257,269.817694,248.490053,303.241712,22,2640.000000,0.000000,0.000000,7.000000
141,5,point_plan,228,237.039341,216.698040,262.637525,18,2340.000000,0.000000,1.000000,0.000000
141,6,point_plan,201,199.033803,169.050453,223.255786,15,2160.000000,0.000000,2.000000,3.000000
141,0,stochastic_plan,204,209.978364,186.998182,236.581069,17,2040.000000,0.000000,0.000000,0.000000
141,1,stochastic_plan,235,236.921695,212.677881,262.428328,19,2448.000000,7.000000,0.000000,0.000000
141,2,stochastic_plan,262,257.664427,245.406155,292.508297,21,2700.000000,0.000000,1.000000,2.000000
141,3,stochastic_plan,260,266.620483,248.374958,295.271682,22,2640.000000,0.000000,0.000000,4.000000
141,4,stochastic_plan,257,269.817694,248.490053,303.241712,22,2640.000000,0.000000,0.000000,7.000000
141,5,stochastic_plan,228,237.039341,216.698040,262.637525,19,2280.000000,0.000000,0.000000,0.000000
141,6,stochastic_plan,201,199.033803,169.050453,223.255786,15,2160.000000,0.000000,2.000000,3.000000
141,0,perfect_information,204,209.978364,186.998182,236.581069,17,2040.000000,0.000000,0.000000,0.000000
141,1,perfect_information,235,236.921695,212.677881,262.428328,19,2448.000000,7.000000,0.000000,0.000000
141,2,perfect_information,262,257.664427,245.406155,292.508297,22,2640.000000,0.000000,0.000000,2.000000
141,3,perfect_information,260,266.620483,248.374958,295.271682,22,2640.000000,0.000000,0.000000,4.000000
141,4,perfect_information,257,269.817694,248.490053,303.241712,21,2640.000000,5.000000,0.000000,0.000000
141,5,perfect_information,228,237.039341,216.698040,262.637525,19,2280.000000,0.000000,0.000000,0.000000
141,6,perfect_information,201,199.033803,169.050453,223.255786,15,2160.000000,0.000000,2.000000,3.000000
142,0,buffer_rule,205,204.657479,186.497155,231.260185,17,2064.000000,1.000000,0.000000,0.000000
142,1,buffer_rule,220,229.868520,210.148368,255.375153,20,2400.000000,0.000000,0.000000,20.000000
142,2,buffer_rule,218,251.722304,239.937441,286.566173,22,2640.000000,0.000000,0.000000,46.000000
142,3,buffer_rule,271,259.349700,247.079142,288.000899,21,2868.000000,7.000000,1.000000,0.000000
142,4,buffer_rule,278,263.898987,242.571346,297.323005,21,2928.000000,2.000000,2.000000,0.000000
142,5,buffer_rule,268,232.747116,217.458361,258.345300,18,2976.000000,4.000000,4.000000,0.000000
142,6,buffer_rule,189,201.046562,171.063213,225.268546,16,1920.000000,0.000000,0.000000,3.000000
142,0,point_plan,205,204.657479,186.497155,231.260185,17,2064.000000,1.000000,0.000000,0.000000
142,1,point_plan,220,229.868520,210.148368,255.375153,19,2280.000000,0.000000,0.000000,8.000000
142,2,point_plan,218,251.722304,239.937441,286.566173,21,2520.000000,0.000000,0.000000,34.000000
142,3,point_plan,271,259.349700,247.079142,288.000899,21,2868.000000,7.000000,1.000000,0.000000
142,4,point_plan,278,263.898987,242.571346,297.323005,22,2868.000000,2.000000,1.000000,0.000000
142,5,point_plan,268,232.747116,217.458361,258.345300,19,2916.000000,4.000000,3.000000,0.000000
142,6,point_plan,189,201.046562,171.063213,225.268546,16,1920.000000,0.000000,0.000000,3.000000
142,0,stochastic_plan,205,204.657479,186.497155,231.260185,17,2064.000000,1.000000,0.000000,0.000000
142,1,stochastic_plan,220,229.868520,210.148368,255.375153,19,2280.000000,0.000000,0.000000,8.000000
142,2,stochastic_plan,218,251.722304,239.937441,286.566173,21,2520.000000,0.000000,0.000000,34.000000
142,3,stochastic_plan,271,259.349700,247.079142,288.000899,21,2868.000000,7.000000,1.000000,0.000000
142,4,stochastic_plan,278,263.898987,242.571346,297.323005,22,2868.000000,2.000000,1.000000,0.000000
142,5,stochastic_plan,268,232.747116,217.458361,258.345300,19,2916.000000,4.000000,3.000000,0.000000
142,6,stochastic_plan,189,201.046562,171.063213,225.268546,16,1920.000000,0.000000,0.000000,3.000000
142,0,perfect_information,205,204.657479,186.497155,231.260185,17,2064.000000,1.000000,0.000000,0.000000
142,1,perfect_information,220,229.868520,210.148368,255.375153,18,2256.000000,4.000000,0.000000,0.000000
142,2,perfect_information,218,251.722304,239.937441,286.566173,18,2208.000000,2.000000,0.000000,0.000000
142,3,perfect_information,271,259.349700,247.079142,288.000899,22,2808.000000,7.000000,0.000000,0.000000
142,4,perfect_information,278,263.898987,242.571346,297.323005,23,2808.000000,2.000000,0.000000,0.000000
142,5,perfect_information,268,232.747116,217.458361,258.345300,20,2856.000000,4.000000,2.000000,0.000000
142,6,perfect_information,189,201.046562,171.063213,225.268546,16,1920.000000,0.000000,0.000000,3.000000
143,0,buffer_rule,162,206.379167,188.218843,232.981872,17,2040.000000,0.000000,0.000000,42.000000
143,1,buffer_rule,206,228.278788,208.558635,253.785421,17,2088.000000,2.000000,0.000000,0.000000
143,2,buffer_rule,220,242.045298,229.787026,276.889168,19,2280.000000,0.000000,0.000000,8.000000
143,3,buffer_rule,235,263.968942,251.698384,292.620141,23,2760.000000,0.000000,0.000000,41.000000
143,4,buffer_rule,258,271.339765,250.012123,304.763783,23,2760.000000,0.000000,0.000000,18.000000
143,5,buffer_rule,223,244.758616,229.469861,270.879658,20,2400.000000,0.000000,0.000000,17.000000
143,6,buffer_rule,177,200.249091,170.265742,224.471075,16,1920.000000,0.000000,0.000000,15.000000
143,0,point_plan,162,206.379167,188.218843,232.981872,17,2040.000000,0.000000,0.000000,42.000000
143,1,point_plan,206,228.278788,208.558635,253.785421,19,2280.000000,0.000000,0.000000,22.000000
143,2,point_plan,220,242.045298,229.787026,276.889168,20,2400.000000,0.000000,0.000000,20.000000
143,3,point_plan,235,263.968942,251.698384,292.620141,22,2640.000000,0.000000,0.000000,29.000000
143,4,point_plan,258,271.339765,250.012123,304.763783,22,2640.000000,0.000000,0.000000,6.000000
143,5,point_plan,223,244.758616,229.469861,270.879658,19,2280.000000,0.000000,0.000000,5.000000
143,6,point_plan,177,200.249091,170.265742,224.471075,16,1920.000000,0.000000,0.000000,15.000000
143,0,stochastic_plan,162,206.379167,188.218843,232.981872,17,2040.000000,0.000000,0.000000,42.000000
143,1,stochastic_plan,206,228.278788,208.558635,253.785421,18,2160.000000,0.000000,0.000000,10.000000
143,2,stochastic_plan,220,242.045298,229.787026,276.889168,20,2400.000000,0.000000,0.000000,20.000000
143,3,stochastic_plan,235,263.968942,251.698384,292.620141,22,2640.000000,0.000000,0.000000,29.000000
143,4,stochastic_plan,258,271.339765,250.012123,304.763783,22,2640.000000,0.000000,0.000000,6.000000
143,5,stochastic_plan,223,244.758616,229.469861,270.879658,20,2400.000000,0.000000,0.000000,17.000000
143,6,stochastic_plan,177,200.249091,170.265742,224.471075,16,1920.000000,0.000000,0.000000,15.000000
143,0,perfect_information,162,206.379167,188.218843,232.981872,14,1680.000000,0.000000,0.000000,6.000000
143,1,perfect_information,206,228.278788,208.558635,253.785421,17,2088.000000,2.000000,0.000000,0.000000
143,2,perfect_information,220,242.045298,229.787026,276.889168,18,2256.000000,4.000000,0.000000,0.000000
143,3,perfect_information,235,263.968942,251.698384,292.620141,20,2400.000000,0.000000,0.000000,5.000000
143,4,perfect_information,258,271.339765,250.012123,304.763783,22,2640.000000,0.000000,0.000000,6.000000
143,5,perfect_information,223,244.758616,229.469861,270.879658,19,2280.000000,0.000000,0.000000,5.000000
143,6,perfect_information,177,200.249091,170.265742,224.471075,15,1800.000000,0.000000,0.000000,3.000000
144,0,buffer_rule,197,185.375182,162.395000,211.977888,15,2100.000000,5.000000,1.000000,0.000000
144,1,buffer_rule,210,216.221451,194.188338,241.728084,19,2280.000000,0.000000,0.000000,18.000000
144,2,buffer_rule,230,232.335421,217.207678,267.179291,20,2400.000000,0.000000,0.000000,10.000000
144,3,buffer_rule,251,245.801246,227.555722,274.452445,22,2640.000000,0.000000,0.000000,13.000000
144,4,buffer_rule,253,257.715111,236.387469,291.139129,23,2760.000000,0.000000,0.000000,23.000000
144,5,buffer_rule,223,225.167200,204.825898,251.288242,20,2400.000000,0.000000,0.000000,17.000000
144,6,buffer_rule,175,187.473179,157.489830,211.695163,16,1920.000000,0.000000,0.000000,17.000000
144,0,point_plan,197,185.375182,162.395000,211.977888,16,2040.000000,5.000000,0.000000,0.000000
144,1,point_plan,210,216.221451,194.188338,241.728084,18,2160.000000,0.000000,0.000000,6.000000
144,2,point_plan,230,232.335421,217.207678,267.179291,19,2328.000000,2.000000,0.000000,0.000000
144,3,point_plan,251,245.801246,227.555722,274.452445,21,2520.000000,0.000000,0.000000,1.000000
144,4,point_plan,253,257.715111,236.387469,291.139129,22,2640.000000,0.000000,0.000000,11.000000
144,5,point_plan,223,225.167200,204.825898,251.288242,19,2280.000000,0.000000,0.000000,5.000000
144,6,point_plan,175,187.473179,157.489830,211.695163,16,1920.000000,0.000000,0.000000,17.000000
144,0,stochastic_plan,197,185.375182,162.395000,211.977888,15,2100.000000,5.000000,1.000000,0.000000
144,1,stochastic_plan,210,216.221451,194.188338,241.728084,18,2160.000000,0.000000,0.000000,6.000000
144,2,stochastic_plan,230,232.335421,217.207678,267.179291,19,2328.000000,2.000000,0.000000,0.000000
144,3,stochastic_plan,251,245.801246,227.555722,274.452445,21,2520.000000,0.000000,0.000000,1.000000
144,4,stochastic_plan,253,257.715111,236.387469,291.139129,21,2544.000000,1.000000,0.000000,0.000000
144,5,stochastic_plan,223,225.167200,204.825898,251.288242,19,2280.000000,0.000000,0.000000,5.000000
144,6,stochastic_plan,175,187.473179,157.489830,211.695163,15,1800.000000,0.000000,0.000000,5.000000
144,0,perfect_information,197,185.375182,162.395000,211.977888,16,2040.000000,5.000000,0.000000,0.000000
144,1,perfect_information,210,216.221451,194.188338,241.728084,18,2160.000000,0.000000,0.000000,6.000000
144,2,perfect_information,230,232.335421,217.207678,267.179291,19,2328.000000,2.000000,0.000000,0.000000
144,3,perfect_information,251,245.801246,227.555722,274.452445,21,2520.000000,0.000000,0.000000,1.000000
144,4,perfect_information,253,257.715111,236.387469,291.139129,21,2544.000000,1.000000,0.000000,0.000000
144,5,perfect_information,223,225.167200,204.825898,251.288242,19,2280.000000,0.000000,0.000000,5.000000
144,6,perfect_information,175,187.473179,157.489830,211.695163,15,1800.000000,0.000000,0.000000,5.000000
145,0,buffer_rule,169,197.142492,174.162310,223.745198,17,2040.000000,0.000000,0.000000,35.000000
145,1,buffer_rule,223,219.666979,197.633866,245.173611,18,2328.000000,7.000000,0.000000,0.000000
145,2,buffer_rule,244,237.248855,222.121112,272.092725,20,2496.000000,4.000000,0.000000,0.000000
145,3,buffer_rule,282,252.723823,234.478298,281.375022,23,2904.000000,6.000000,0.000000,0.000000
145,4,buffer_rule,272,260.147457,238.819815,293.571475,23,2760.000000,0.000000,0.000000,4.000000
145,5,buffer_rule,254,228.810599,208.469298,254.931642,19,2688.000000,2.000000,2.000000,0.000000
145,6,buffer_rule,204,190.768837,160.785488,214.990821,15,2160.000000,0.000000,2.000000,0.000000
145,0,point_plan,169,197.142492,174.162310,223.745198,17,2040.000000,0.000000,0.000000,35.000000
145,1,point_plan,223,219.666979,197.633866,245.173611,18,2328.000000,7.000000,0.000000,0.000000
145,2,point_plan,244,237.248855,222.121112,272.092725,20,2496.000000,4.000000,0.000000,0.000000
145,3,point_plan,282,252.723823,234.478298,281.375022,21,3024.000000,6.000000,2.000000,0.000000
145,4,point_plan,272,260.147457,238.819815,293.571475,22,2820.000000,0.000000,1.000000,4.000000
145,5,point_plan,254,228.810599,208.469298,254.931642,19,2688.000000,2.000000,2.000000,0.000000
145,6,point_plan,204,190.768837,160.785488,214.990821,16,2100.000000,0.000000,1.000000,0.000000
145,0,stochastic_plan,169,197.142492,174.162310,223.745198,16,1920.000000,0.000000,0.000000,23.000000
145,1,stochastic_plan,223,219.666979,197.633866,245.173611,18,2328.000000,7.000000,0.000000,0.000000
145,2,stochastic_plan,244,237.248855,222.121112,272.092725,20,2496.000000,4.000000,0.000000,0.000000
145,3,stochastic_plan,282,252.723823,234.478298,281.375022,21,3024.000000,6.000000,2.000000,0.000000
145,4,stochastic_plan,272,260.147457,238.819815,293.571475,21,2880.000000,0.000000,2.000000,4.000000
145,5,stochastic_plan,254,228.810599,208.469298,254.931642,19,2688.000000,2.000000,2.000000,0.000000
145,6,stochastic_plan,204,190.768837,160.785488,214.990821,15,2160.000000,0.000000,2.000000,0.000000
145,0,perfect_information,169,197.142492,174.162310,223.745198,14,1704.000000,1.000000,0.000000,0.000000
145,1,perfect_information,223,219.666979,197.633866,245.173611,18,2328.000000,7.000000,0.000000,0.000000
145,2,perfect_information,244,237.248855,222.121112,272.092725,20,2496.000000,4.000000,0.000000,0.000000
145,3,perfect_information,282,252.723823,234.478298,281.375022,23,2904.000000,6.000000,0.000000,0.000000
145,4,perfect_information,272,260.147457,238.819815,293.571475,23,2760.000000,0.000000,0.000000,4.000000
145,5,perfect_information,254,228.810599,208.469298,254.931642,20,2628.000000,2.000000,1.000000,0.000000
145,6,perfect_information,204,190.768837,160.785488,214.990821,17,2040.000000,0.000000,0.000000,0.000000
146,0,buffer_rule,195,196.419563,170.772911,223.022269,13,2172.000000,3.000000,3.000000,0.000000
146,1,buffer_rule,258,229.736354,207.703241,255.242986,17,2904.000000,6.000000,4.000000,0.000000
146,2,buffer_rule,283,247.455590,232.327847,282.299460,20,3108.000000,7.000000,3.000000,0.000000
146,3,buffer_rule,287,268.340312,250.094787,297.555879,24,2880.000000,0.000000,0.000000,1.000000
146,4,buffer_rule,278,272.529459,251.201817,305.953477,23,2808.000000,2.000000,0.000000,0.000000
146,5,buffer_rule,256,244.530908,224.189607,270.651950,21,2616.000000,4.000000,0.000000,0.000000
146,6,buffer_rule,230,205.246547,175.263197,229.468530,17,2448.000000,2.000000,2.000000,0.000000
146,0,point_plan,195,196.419563,170.772911,223.022269,16,1992.000000,3.000000,0.000000,0.000000
146,1,point_plan,258,229.736354,207.703241,255.242986,19,2784.000000,6.000000,2.000000,0.000000
146,2,point_plan,283,247.455590,232.327847,282.299460,20,3108.000000,7.000000,3.000000,0.000000
146,3,point_plan,287,268.340312,250.094787,297.555879,22,3000.000000,0.000000,2.000000,1.000000
146,4,point_plan,278,272.529459,251.201817,305.953477,23,2808.000000,2.000000,0.000000,0.000000
146,5,point_plan,256,244.530908,224.189607,270.651950,19,2736.000000,4.000000,2.000000,0.000000
146,6,point_plan,230,205.246547,175.263197,229.468530,16,2508.000000,2.000000,3.000000,0.000000
146,0,stochastic_plan,195,196.419563,170.772911,223.022269,16,1992.000000,3.000000,0.000000,0.000000
146,1,stochastic_plan,258,229.736354,207.703241,255.242986,19,2784.000000,6.000000,2.000000,0.000000
146,2,stochastic_plan,283,247.455590,232.327847,282.299460,20,3108.000000,7.000000,3.000000,0.000000
146,3,stochastic_plan,287,268.340312,250.094787,297.555879,22,3000.000000,0.000000,2.000000,1.000000
146,4,stochastic_plan,278,272.529459,251.201817,305.953477,22,2868.000000,2.000000,1.000000,0.000000
146,5,stochastic_plan,256,244.530908,224.189607,270.651950,20,2676.000000,4.000000,1.000000,0.000000
146,6,stochastic_plan,230,205.246547,175.263197,229.468530,16,2508.000000,2.000000,3.000000,0.000000
146,0,perfect_information,195,196.419563,170.772911,223.022269,16,1992.000000,3.000000,0.000000,0.000000
146,1,perfect_information,258,229.736354,207.703241,255.242986,20,2724.000000,6.000000,1.000000,0.000000
146,2,perfect_information,283,247.455590,232.327847,282.299460,23,2928.000000,7.000000,0.000000,0.000000
146,3,perfect_information,287,268.340312,250.094787,297.555879,24,2880.000000,0.000000,0.000000,1.000000
146,4,perfect_information,278,272.529459,251.201817,305.953477,21,2928.000000,2.000000,2.000000,0.000000
146,5,perfect_information,256,244.530908,224.189607,270.651950,17,2856.000000,4.000000,4.000000,0.000000
146,6,perfect_information,230,205.246547,175.263197,229.468530,14,2628.000000,2.000000,5.000000,0.000000
147,0,buffer_rule,239,211.457723,185.811071,238.060429,15,2700.000000,0.000000,5.000000,1.000000
147,1,buffer_rule,273,248.579091,226.545978,276.662844,19,3000.000000,0.000000,4.000000,3.000000
147,2,buffer_rule,279,268.314207,253.186464,304.121028,23,2832.000000,3.000000,0.000000,0.000000
147,3,buffer_rule,287,279.326356,261.080831,308.541923,22,3000.000000,0.000000,2.000000,1.000000
147,4,buffer_rule,314,283.348030,262.020388,316.772048,21,3468.000000,2.000000,5.000000,0.000000
147,5,buffer_rule,270,253.816478,233.475176,279.899496,19,2964.000000,6.000000,3.000000,0.000000
147,6,buffer_rule,228,222.250785,192.267436,246.979724,16,2460.000000,0.000000,3.000000,0.000000
147,0,point_plan,239,211.457723,185.811071,238.060429,17,2580.000000,0.000000,3.000000,1.000000
147,1,point_plan,273,248.579091,226.545978,276.662844,21,2880.000000,0.000000,2.000000,3.000000
147,2,point_plan,279,268.314207,253.186464,304.121028,22,2892.000000,3.000000,1.000000,0.000000
147,3,point_plan,287,279.326356,261.080831,308.541923,23,2940.000000,0.000000,1.000000,1.000000
147,4,point_plan,314,283.348030,262.020388,316.772048,21,3468.000000,2.000000,5.000000,0.000000
147,5,point_plan,270,253.816478,233.475176,279.899496,17,3084.000000,6.000000,5.000000,0.000000
147,6,point_plan,228,222.250785,192.267436,246.979724,14,2580.000000,0.000000,5.000000,0.000000
147,0,stochastic_plan,239,211.457723,185.811071,238.060429,16,2640.000000,0.000000,4.000000,1.000000
147,1,stochastic_plan,273,248.579091,226.545978,276.662844,19,3000.000000,0.000000,4.000000,3.000000
147,2,stochastic_plan,279,268.314207,253.186464,304.121028,21,2952.000000,3.000000,2.000000,0.000000
147,3,stochastic_plan,287,279.326356,261.080831,308.541923,22,3000.000000,0.000000,2.000000,1.000000
147,4,stochastic_plan,314,283.348030,262.020388,316.772048,22,3408.000000,2.000000,4.000000,0.000000
147,5,stochastic_plan,270,253.816478,233.475176,279.899496,19,2964.000000,6.000000,3.000000,0.000000
147,6,stochastic_plan,228,222.250785,192.267436,246.979724,16,2460.000000,0.000000,3.000000,0.000000
147,0,perfect_information,239,211.457723,185.811071,238.060429,20,2400.000000,0.000000,0.000000,1.000000
147,1,perfect_information,273,248.579091,226.545978,276.662844,23,2760.000000,0.000000,0.000000,3.000000
147,2,perfect_information,279,268.314207,253.186464,304.121028,21,2952.000000,3.000000,2.000000,0.000000
147,3,perfect_information,287,279.326356,261.080831,308.541923,19,3180.000000,0.000000,5.000000,1.000000
147,4,perfect_information,314,283.348030,262.020388,316.772048,21,3468.000000,2.000000,5.000000,0.000000
147,5,perfect_information,270,253.816478,233.475176,279.899496,17,3084.000000,6.000000,5.000000,0.000000
147,6,perfect_information,228,222.250785,192.267436,246.979724,14,2580.000000,0.000000,5.000000,0.000000
148,0,buffer_rule,210,232.194400,206.547748,259.701323,17,2184.000000,6.000000,0.000000,0.000000
148,1,buffer_rule,241,262.034856,240.001743,290.118609,20,2424.000000,1.000000,0.000000,0.000000
148,2,buffer_rule,267,276.708645,261.580901,312.515466,20,2832.000000,3.000000,2.000000,0.000000
148,3,buffer_rule,262,288.642462,270.396937,317.858029,21,2700.000000,0.000000,1.000000,2.000000
148,4,buffer_rule,268,301.466198,280.138556,334.890216,23,2760.000000,0.000000,0.000000,8.000000
148,5,buffer_rule,250,266.288565,245.947264,292.371584,19,2640.000000,0.000000,2.000000,2.000000
148,6,buffer_rule,197,231.152852,201.169502,255.881790,15,2100.000000,5.000000,1.000000,0.000000
148,0,point_plan,210,232.194400,206.547748,259.701323,19,2280.000000,0.000000,0.000000,18.000000
148,1,point_plan,241,262.034856,240.001743,290.118609,22,2640.000000,0.000000,0.000000,23.000000
148,2,point_plan,267,276.708645,261.580901,312.515466,23,2760.000000,0.000000,0.000000,9.000000
148,3,point_plan,262,288.642462,270.396937,317.858029,20,2760.000000,0.000000,2.000000,2.000000
148,4,point_plan,268,301.466198,280.138556,334.890216,20,2856.000000,4.000000,2.000000,0.000000
148,5,point_plan,250,266.288565,245.947264,292.371584,17,2760.000000,0.000000,4.000000,2.000000
148,6,point_plan,197,231.152852,201.169502,255.881790,14,2160.000000,5.000000,2.000000,0.000000
148,0,stochastic_plan,210,232.194400,206.547748,259.701323,16,2244.000000,6.000000,1.000000,0.000000
148,1,stochastic_plan,241,262.034856,240.001743,290.118609,19,2484.000000,1.000000,1.000000,0.000000
148,2,stochastic_plan,267,276.708645,261.580901,312.515466,21,2772.000000,3.000000,1.000000,0.000000
148,3,stochastic_plan,262,288.642462,270.396937,317.858029,21,2700.000000,0.000000,1.000000,2.000000
148,4,stochastic_plan,268,301.466198,280.138556,334.890216,23,2760.000000,0.000000,0.000000,8.000000
148,5,stochastic_plan,250,266.288565,245.947264,292.371584,19,2640.000000,0.000000,2.000000,2.000000
148,6,stochastic_plan,197,231.152852,201.169502,255.881790,16,2040.000000,5.000000,0.000000,0.000000
148,0,perfect_information,210,232.194400,206.547748,259.701323,17,2184.000000,6.000000,0.000000,0.000000
148,1,perfect_information,241,262.034856,240.001743,290.118609,20,2424.000000,1.000000,0.000000,0.000000
148,2,perfect_information,267,276.708645,261.580901,312.515466,22,2712.000000,3.000000,0.000000,0.000000
148,3,perfect_information,262,288.642462,270.396937,317.858029,22,2640.000000,0.000000,0.000000,2.000000
148,4,perfect_information,268,301.466198,280.138556,334.890216,22,2736.000000,4.000000,0.000000,0.000000
148,5,perfect_information,250,266.288565,245.947264,292.371584,18,2700.000000,0.000000,3.000000,2.000000
148,6,perfect_information,197,231.152852,201.169502,255.881790,14,2160.000000,5.000000,2.000000,0.000000
149,0,buffer_rule,197,215.666323,190.019671,243.173246,16,2040.000000,5.000000,0.000000,0.000000
149,1,buffer_rule,220,245.536332,224.622758,273.620085,20,2400.000000,0.000000,0.000000,20.000000
149,2,buffer_rule,239,265.384274,250.256531,301.191095,22,2640.000000,0.000000,0.000000,25.000000
149,3,buffer_rule,244,273.192011,254.946486,302.407578,22,2640.000000,0.000000,0.000000,20.000000
149,4,buffer_rule,284,281.172307,259.844665,314.596325,21,3060.000000,0.000000,3.000000,4.000000
149,5,buffer_rule,260,252.739152,236.505487,278.822170,19,2820.000000,0.000000,3.000000,4.000000
149,6,buffer_rule,186,214.463960,183.886464,239.192899,15,1944.000000,6.000000,0.000000,0.000000
149,0,point_plan,197,215.666323,190.019671,243.173246,18,2160.000000,0.000000,0.000000,19.000000
149,1,point_plan,220,245.536332,224.622758,273.620085,20,2400.000000,0.000000,0.000000,20.000000
149,2,point_plan,239,265.384274,250.256531,301.191095,22,2640.000000,0.000000,0.000000,25.000000
149,3,point_plan,244,273.192011,254.946486,302.407578,23,2760.000000,0.000000,0.000000,32.000000
149,4,point_plan,284,281.172307,259.844665,314.596325,21,3060.000000,0.000000,3.000000,4.000000
149,5,point_plan,260,252.739152,236.505487,278.822170,17,2940.000000,0.000000,5.000000,4.000000
149,6,point_plan,186,214.463960,183.886464,239.192899,14,2004.000000,6.000000,1.000000,0.000000
149,0,stochastic_plan,197,215.666323,190.019671,243.173246,16,2040.000000,5.000000,0.000000,0.000000
149,1,stochastic_plan,220,245.536332,224.622758,273.620085,19,2280.000000,0.000000,0.000000,8.000000
149,2,stochastic_plan,239,265.384274,250.256531,301.191095,21,2520.000000,0.000000,0.000000,13.000000
149,3,stochastic_plan,244,273.192011,254.946486,302.407578,21,2520.000000,0.000000,0.000000,8.000000
149,4,stochastic_plan,284,281.172307,259.844665,314.596325,22,3000.000000,0.000000,2.000000,4.000000
149,5,stochastic_plan,260,252.739152,236.505487,278.822170,20,2760.000000,0.000000,2.000000,4.000000
149,6,stochastic_plan,186,214.463960,183.886464,239.192899,16,1920.000000,0.000000,0.000000,6.000000
149,0,perfect_information,197,215.666323,190.019671,243.173246,16,2040.000000,5.000000,0.000000,0.000000
149,1,perfect_information,220,245.536332,224.622758,273.620085,18,2256.000000,4.000000,0.000000,0.000000
149,2,perfect_information,239,265.384274,250.256531,301.191095,20,2400.000000,0.000000,0.000000,1.000000
149,3,perfect_information,244,273.192011,254.946486,302.407578,20,2496.000000,4.000000,0.000000,0.000000
149,4,perfect_information,284,281.172307,259.844665,314.596325,24,2880.000000,0.000000,0.000000,4.000000
149,5,perfect_information,260,252.739152,236.505487,278.822170,20,2760.000000,0.000000,2.000000,4.000000
149,6,perfect_information,186,214.463960,183.886464,239.192899,16,1920.000000,0.000000,0.000000,6.000000
150,0,buffer_rule,198,210.445415,184.798763,237.952338,16,2064.000000,6.000000,0.000000,0.000000
150,1,buffer_rule,236,237.128450,214.974055,265.212203,18,2520.000000,0.000000,2.000000,4.000000
150,2,buffer_rule,244,255.270692,239.554747,291.077513,20,2496.000000,4.000000,0.000000,0.000000
150,3,buffer_rule,267,264.477024,244.966977,293.692591,21,2772.000000,3.000000,1.000000,0.000000
150,4,buffer_rule,282,282.437741,261.110100,315.861760,24,2880.000000,0.000000,0.000000,6.000000
150,5,buffer_rule,226,252.567075,236.333410,278.650093,20,2400.000000,0.000000,0.000000,14.000000
150,6,buffer_rule,206,208.074996,177.497500,232.803934,16,2148.000000,2.000000,1.000000,0.000000
150,0,point_plan,198,210.445415,184.798763,237.952338,17,2040.000000,0.000000,0.000000,6.000000
150,1,point_plan,236,237.128450,214.974055,265.212203,20,2400.000000,0.000000,0.000000,4.000000
150,2,point_plan,244,255.270692,239.554747,291.077513,21,2520.000000,0.000000,0.000000,8.000000
150,3,point_plan,267,264.477024,244.966977,293.692591,22,2712.000000,3.000000,0.000000,0.000000
150,4,point_plan,282,282.437741,261.110100,315.861760,22,2964.000000,6.000000,1.000000,0.000000
150,5,point_plan,226,252.567075,236.333410,278.650093,18,2340.000000,0.000000,1.000000,2.000000
150,6,point_plan,206,208.074996,177.497500,232.803934,15,2208.000000,2.000000,2.000000,0.000000
150,0,stochastic_plan,198,210.445415,184.798763,237.952338,16,2064.000000,6.000000,0.000000,0.000000
150,1,stochastic_plan,236,237.128450,214.974055,265.212203,19,2460.000000,0.000000,1.000000,4.000000
150,2,stochastic_plan,244,255.270692,239.554747,291.077513,20,2496.000000,4.000000,0.000000,0.000000
150,3,stochastic_plan,267,264.477024,244.966977,293.692591,21,2772.000000,3.000000,1.000000,0.000000
150,4,stochastic_plan,282,282.437741,261.110100,315.861760,23,2904.000000,6.000000,0.000000,0.000000
150,5,stochastic_plan,226,252.567075,236.333410,278.650093,20,2400.000000,0.000000,0.000000,14.000000
150,6,stochastic_plan,206,208.074996,177.497500,232.803934,16,2148.000000,2.000000,1.000000,0.000000
150,0,perfect_information,198,210.445415,184.798763,237.952338,16,2064.000000,6.000000,0.000000,0.000000
150,1,perfect_information,236,237.128450,214.974055,265.212203,20,2400.000000,0.000000,0.000000,4.000000
150,2,perfect_information,244,255.270692,239.554747,291.077513,20,2496.000000,4.000000,0.000000,0.000000
150,3,perfect_information,267,264.477024,244.966977,293.692591,22,2712.000000,3.000000,0.000000,0.000000
150,4,perfect_information,282,282.437741,261.110100,315.861760,23,2904.000000,6.000000,0.000000,0.000000
150,5,perfect_information,226,252.567075,236.333410,278.650093,19,2280.000000,0.000000,0.000000,2.000000
150,6,perfect_information,206,208.074996,177.497500,232.803934,15,2208.000000,2.000000,2.000000,0.000000
151,0,buffer_rule,216,213.308332,187.661680,240.815255,16,2280.000000,0.000000,2.000000,0.000000
151,1,buffer_rule,236,243.109128,220.954734,271.192881,19,2460.000000,0.000000,1.000000,4.000000
151,2,buffer_rule,291,257.821255,242.105310,293.628076,20,3192.000000,3.000000,4.000000,0.000000
151,3,buffer_rule,281,272.292566,252.782519,301.508133,22,2940.000000,5.000000,1.000000,0.000000
151,4,buffer_rule,298,284.611959,263.284318,318.035978,23,3120.000000,0.000000,2.000000,2.000000
151,5,buffer_rule,253,245.553795,225.157593,271.636814,19,2664.000000,1.000000,2.000000,0.000000
151,6,buffer_rule,227,214.880239,184.302743,239.609178,16,2460.000000,0.000000,3.000000,1.000000
151,0,point_plan,216,213.308332,187.661680,240.815255,18,2160.000000,0.000000,0.000000,0.000000
151,1,point_plan,236,243.109128,220.954734,271.192881,20,2400.000000,0.000000,0.000000,4.000000
151,2,point_plan,291,257.821255,242.105310,293.628076,21,3132.000000,3.000000,3.000000,0.000000
151,3,point_plan,281,272.292566,252.782519,301.508133,23,2880.000000,5.000000,0.000000,0.000000
151,4,point_plan,298,284.611959,263.284318,318.035978,21,3240.000000,0.000000,4.000000,2.000000
151,5,point_plan,253,245.553795,225.157593,271.636814,18,2724.000000,1.000000,3.000000,0.000000
151,6,point_plan,227,214.880239,184.302743,239.609178,14,2580.000000,0.000000,5.000000,1.000000
151,0,stochastic_plan,216,213.308332,187.661680,240.815255,16,2280.000000,0.000000,2.000000,0.000000
151,1,stochastic_plan,236,243.109128,220.954734,271.192881,19,2460.000000,0.000000,1.000000,4.000000
151,2,stochastic_plan,291,257.821255,242.105310,293.628076,20,3192.000000,3.000000,4.000000,0.000000
151,3,stochastic_plan,281,272.292566,252.782519,301.508133,22,2940.000000,5.000000,1.000000,0.000000
151,4,stochastic_plan,298,284.611959,263.284318,318.035978,23,3120.000000,0.000000,2.000000,2.000000
151,5,stochastic_plan,253,245.553795,225.157593,271.636814,19,2664.000000,1.000000,2.000000,0.000000
151,6,stochastic_plan,227,214.880239,184.302743,239.609178,16,2460.000000,0.000000,3.000000,1.000000
151,0,perfect_information,216,213.308332,187.661680,240.815255,18,2160.000000,0.000000,0.000000,0.000000
151,1,perfect_information,236,243.109128,220.954734,271.192881,20,2400.000000,0.000000,0.000000,4.000000
151,2,perfect_information,291,257.821255,242.105310,293.628076,24,2952.000000,3.000000,0.000000,0.000000
151,3,perfect_information,281,272.292566,252.782519,301.508133,23,2880.000000,5.000000,0.000000,0.000000
151,4,perfect_information,298,284.611959,263.284318,318.035978,20,3300.000000,0.000000,5.000000,2.000000
151,5,perfect_information,253,245.553795,225.157593,271.636814,16,2844.000000,1.000000,5.000000,0.000000
151,6,perfect_information,227,214.880239,184.302743,239.609178,14,2580.000000,0.000000,5.000000,1.000000
152,0,buffer_rule,215,226.451773,200.805121,253.958696,15,2340.000000,0.000000,3.000000,1.000000
152,1,buffer_rule,221,251.365210,229.210815,279.448963,18,2280.000000,5.000000,0.000000,0.000000
152,2,buffer_rule,245,279.324352,263.608407,315.131173,22,2640.000000,0.000000,0.000000,19.000000
152,3,buffer_rule,253,285.021202,265.511155,314.236769,22,2640.000000,0.000000,0.000000,11.000000
152,4,buffer_rule,284,297.721872,280.812614,331.145890,23,2940.000000,0.000000,1.000000,4.000000
152,5,buffer_rule,246,261.229842,240.833640,287.312860,19,2604.000000,6.000000,1.000000,0.000000
152,6,buffer_rule,210,229.609456,199.031960,253.831440,16,2244.000000,6.000000,1.000000,0.000000
152,0,point_plan,215,226.451773,200.805121,253.958696,19,2280.000000,0.000000,0.000000,13.000000
152,1,point_plan,221,251.365210,229.210815,279.448963,21,2520.000000,0.000000,0.000000,31.000000
152,2,point_plan,245,279.324352,263.608407,315.131173,23,2760.000000,0.000000,0.000000,31.000000
152,3,point_plan,253,285.021202,265.511155,314.236769,21,2544.000000,1.000000,0.000000,0.000000
152,4,point_plan,284,297.721872,280.812614,331.145890,20,3120.000000,0.000000,4.000000,4.000000
152,5,point_plan,246,261.229842,240.833640,287.312860,17,2724.000000,6.000000,3.000000,0.000000
152,6,point_plan,210,229.609456,199.031960,253.831440,14,2364.000000,6.000000,3.000000,0.000000
152,0,stochastic_plan,215,226.451773,200.805121,253.958696,16,2280.000000,0.000000,2.000000,1.000000
152,1,stochastic_plan,221,251.365210,229.210815,279.448963,19,2280.000000,0.000000,0.000000,7.000000
152,2,stochastic_plan,245,279.324352,263.608407,315.131173,21,2520.000000,0.000000,0.000000,7.000000
152,3,stochastic_plan,253,285.021202,265.511155,314.236769,21,2544.000000,1.000000,0.000000,0.000000
152,4,stochastic_plan,284,297.721872,280.812614,331.145890,23,2940.000000,0.000000,1.000000,4.000000
152,5,stochastic_plan,246,261.229842,240.833640,287.312860,19,2604.000000,6.000000,1.000000,0.000000
152,6,stochastic_plan,210,229.609456,199.031960,253.831440,16,2244.000000,6.000000,1.000000,0.000000
152,0,perfect_information,215,226.451773,200.805121,253.958696,18,2160.000000,0.000000,0.000000,1.000000
152,1,perfect_information,221,251.365210,229.210815,279.448963,18,2280.000000,5.000000,0.000000,0.000000
152,2,perfect_information,245,279.324352,263.608407,315.131173,20,2520.000000,5.000000,0.000000,0.000000
152,3,perfect_information,253,285.021202,265.511155,314.236769,21,2544.000000,1.000000,0.000000,0.000000
152,4,perfect_information,284,297.721872,280.812614,331.145890,23,2940.000000,0.000000,1.000000,4.000000
152,5,perfect_information,246,261.229842,240.833640,287.312860,19,2604.000000,6.000000,1.000000,0.000000
152,6,perfect_information,210,229.609456,199.031960,253.831440,16,2244.000000,6.000000,1.000000,0.000000
153,0,buffer_rule,216,220.514488,197.139912,248.021411,17,2220.000000,0.000000,1.000000,0.000000
153,1,buffer_rule,247,241.191930,216.275171,269.275683,18,2688.000000,7.000000,2.000000,0.000000
153,2,buffer_rule,264,261.404804,244.735710,297.211625,20,2760.000000,0.000000,2.000000,0.000000
153,3,buffer_rule,266,271.982231,252.472184,301.197798,21,2748.000000,2.000000,1.000000,0.000000
153,4,buffer_rule,275,288.855899,271.946641,322.279917,23,2760.000000,0.000000,0.000000,1.000000
153,5,buffer_rule,243,253.682121,233.285919,279.765139,20,2472.000000,3.000000,0.000000,0.000000
153,6,buffer_rule,201,219.665232,189.681883,243.887216,16,2100.000000,0.000000,1.000000,3.000000
153,0,point_plan,216,220.514488,197.139912,248.021411,18,2160.000000,0.000000,0.000000,0.000000
153,1,point_plan,247,241.191930,216.275171,269.275683,20,2568.000000,7.000000,0.000000,0.000000
153,2,point_plan,264,261.404804,244.735710,297.211625,22,2640.000000,0.000000,0.000000,0.000000
153,3,point_plan,266,271.982231,252.472184,301.197798,23,2760.000000,0.000000,0.000000,10.000000
153,4,point_plan,275,288.855899,271.946641,322.279917,21,2880.000000,0.000000,2.000000,1.000000
153,5,point_plan,243,253.682121,233.285919,279.765139,17,2652.000000,3.000000,3.000000,0.000000
153,6,point_plan,201,219.665232,189.681883,243.887216,14,2220.000000,0.000000,3.000000,3.000000
153,0,stochastic_plan,216,220.514488,197.139912,248.021411,17,2220.000000,0.000000,1.000000,0.000000
153,1,stochastic_plan,247,241.191930,216.275171,269.275683,18,2688.000000,7.000000,2.000000,0.000000
153,2,stochastic_plan,264,261.404804,244.735710,297.211625,20,2760.000000,0.000000,2.000000,0.000000
153,3,stochastic_plan,266,271.982231,252.472184,301.197798,21,2748.000000,2.000000,1.000000,0.000000
153,4,stochastic_plan,275,288.855899,271.946641,322.279917,23,2760.000000,0.000000,0.000000,1.000000
153,5,stochastic_plan,243,253.682121,233.285919,279.765139,20,2472.000000,3.000000,0.000000,0.000000
153,6,stochastic_plan,201,219.665232,189.681883,243.887216,16,2100.000000,0.000000,1.000000,3.000000
153,0,perfect_information,216,220.514488,197.139912,248.021411,18,2160.000000,0.000000,0.000000,0.000000
153,1,perfect_information,247,241.191930,216.275171,269.275683,20,2568.000000,7.000000,0.000000,0.000000
153,2,perfect_information,264,261.404804,244.735710,297.211625,22,2640.000000,0.000000,0.000000,0.000000
153,3,perfect_information,266,271.982231,252.472184,301.197798,22,2688.000000,2.000000,0.000000,0.000000
153,4,perfect_information,275,288.855899,271.946641,322.279917,21,2880.000000,0.000000,2.000000,1.000000
153,5,perfect_information,243,253.682121,233.285919,279.765139,18,2592.000000,3.000000,2.000000,0.000000
153,6,perfect_information,201,219.665232,189.681883,243.887216,14,2220.000000,0.000000,3.000000,3.000000
154,0,buffer_rule,225,224.195454,200.820878,251.702377,17,2400.000000,0.000000,2.000000,3.000000
154,1,buffer_rule,229,251.366714,226.449955,279.450467,20,2400.000000,0.000000,0.000000,11.000000
154,2,buffer_rule,259,269.703635,253.034541,305.510456,21,2688.000000,7.000000,0.000000,0.000000
154,3,buffer_rule,271,278.571401,259.061354,307.786968,21,2868.000000,7.000000,1.000000,0.000000
154,4,buffer_rule,294,289.397745,272.488487,322.821763,22,3144.000000,6.000000,2.000000,0.000000
154,5,buffer_rule,248,255.443260,239.209596,281.526278,19,2640.000000,0.000000,2.000000,4.000000
154,6,buffer_rule,216,220.790168,190.806819,245.012152,15,2340.000000,0.000000,3.000000,0.000000
154,0,point_plan,225,224.195454,200.820878,251.702377,19,2280.000000,0.000000,0.000000,3.000000
154,1,point_plan,229,251.366714,226.449955,279.450467,21,2520.000000,0.000000,0.000000,23.000000
154,2,point_plan,259,269.703635,253.034541,305.510456,22,2640.000000,0.000000,0.000000,5.000000
154,3,point_plan,271,278.571401,259.061354,307.786968,23,2760.000000,0.000000,0.000000,5.000000
154,4,point_plan,294,289.397745,272.488487,322.821763,20,3264.000000,6.000000,4.000000,0.000000
154,5,point_plan,248,255.443260,239.209596,281.526278,17,2760.000000,0.000000,4.000000,4.000000
154,6,point_plan,216,220.790168,190.806819,245.012152,13,2460.000000,0.000000,5.000000,0.000000
154,0,stochastic_plan,225,224.195454,200.820878,251.702377,16,2460.000000,0.000000,3.000000,3.000000
154,1,stochastic_plan,229,251.366714,226.449955,279.450467,19,2304.000000,1.000000,0.000000,0.000000
154,2,stochastic_plan,259,269.703635,253.034541,305.510456,21,2688.000000,7.000000,0.000000,0.000000
154,3,stochastic_plan,271,278.571401,259.061354,307.786968,21,2868.000000,7.000000,1.000000,0.000000
154,4,stochastic_plan,294,289.397745,272.488487,322.821763,23,3084.000000,6.000000,1.000000,0.000000
154,5,stochastic_plan,248,255.443260,239.209596,281.526278,19,2640.000000,0.000000,2.000000,4.000000
154,6,stochastic_plan,216,220.790168,190.806819,245.012152,16,2280.000000,0.000000,2.000000,0.000000
154,0,perfect_information,225,224.195454,200.820878,251.702377,19,2280.000000,0.000000,0.000000,3.000000
154,1,perfect_information,229,251.366714,226.449955,279.450467,19,2304.000000,1.000000,0.000000,0.000000
154,2,perfect_information,259,269.703635,253.034541,305.510456,21,2688.000000,7.000000,0.000000,0.000000
154,3,perfect_information,271,278.571401,259.061354,307.786968,22,2808.000000,7.000000,0.000000,0.000000
154,4,perfect_information,294,289.397745,272.488487,322.821763,22,3144.000000,6.000000,2.000000,0.000000
154,5,perfect_information,248,255.443260,239.209596,281.526278,18,2700.000000,0.000000,3.000000,4.000000
154,6,perfect_information,216,220.790168,190.806819,245.012152,14,2400.000000,0.000000,4.000000,0.000000
155,0,buffer_rule,187,229.690925,206.316349,257.197848,18,2160.000000,0.000000,0.000000,29.000000
155,1,buffer_rule,216,249.172292,224.246740,277.256045,17,2220.000000,0.000000,1.000000,0.000000
155,2,buffer_rule,243,271.290004,254.620910,307.096825,20,2472.000000,3.000000,0.000000,0.000000
155,3,buffer_rule,248,282.442488,264.196963,311.658055,22,2640.000000,0.000000,0.000000,16.000000
155,4,buffer_rule,248,296.869325,279.972977,330.293343,23,2760.000000,0.000000,0.000000,28.000000
155,5,buffer_rule,217,259.774857,243.541192,285.857875,19,2280.000000,0.000000,0.000000,11.000000
155,6,buffer_rule,170,227.118376,197.135027,251.340360,16,1920.000000,0.000000,0.000000,22.000000
155,0,point_plan,187,229.690925,206.316349,257.197848,19,2280.000000,0.000000,0.000000,41.000000
155,1,point_plan,216,249.172292,224.246740,277.256045,21,2520.000000,0.000000,0.000000,36.000000
155,2,point_plan,243,271.290004,254.620910,307.096825,22,2640.000000,0.000000,0.000000,21.000000
155,3,point_plan,248,282.442488,264.196963,311.658055,22,2640.000000,0.000000,0.000000,16.000000
155,4,point_plan,248,296.869325,279.972977,330.293343,20,2580.000000,0.000000,1.000000,4.000000
155,5,point_plan,217,259.774857,243.541192,285.857875,17,2244.000000,1.000000,1.000000,0.000000
155,6,point_plan,170,227.118376,197.135027,251.340360,14,1728.000000,2.000000,0.000000,0.000000
155,0,stochastic_plan,187,229.690925,206.316349,257.197848,17,2040.000000,0.000000,0.000000,17.000000
155,1,stochastic_plan,216,249.172292,224.246740,277.256045,19,2280.000000,0.000000,0.000000,12.000000
155,2,stochastic_plan,243,271.290004,254.620910,307.096825,20,2472.000000,3.000000,0.000000,0.000000
155,3,stochastic_plan,248,282.442488,264.196963,311.658055,21,2520.000000,0.000000,0.000000,4.000000
155,4,stochastic_plan,248,296.869325,279.972977,330.293343,23,2760.000000,0.000000,0.000000,28.000000
155,5,stochastic_plan,217,259.774857,243.541192,285.857875,19,2280.000000,0.000000,0.000000,11.000000
155,6,stochastic_plan,170,227.118376,197.135027,251.340360,16,1920.000000,0.000000,0.000000,22.000000
155,0,perfect_information,187,229.690925,206.316349,257.197848,16,1920.000000,0.000000,0.000000,5.000000
155,1,perfect_information,216,249.172292,224.246740,277.256045,18,2160.000000,0.000000,0.000000,0.000000
155,2,perfect_information,243,271.290004,254.620910,307.096825,20,2472.000000,3.000000,0.000000,0.000000
155,3,perfect_information,248,282.442488,264.196963,311.658055,21,2520.000000,0.000000,0.000000,4.000000
155,4,perfect_information,248,296.869325,279.972977,330.293343,21,2520.000000,0.000000,0.000000,4.000000
155,5,perfect_information,217,259.774857,243.541192,285.857875,18,2184.000000,1.000000,0.000000,0.000000
155,6,perfect_information,170,227.118376,197.135027,251.340360,14,1728.000000,2.000000,0.000000,0.000000
