week,weekday,method,demand,forecast,lower80,upper80,regular_workers,cost,shortage_units,overtime_workers,unused_capacity
104,0,buffer_rule,175,171.161685,152.514150,188.926384,17,2040.000000,0.000000,0.000000,29.000000
104,1,buffer_rule,255,194.326581,178.307350,215.250685,19,2712.000000,3.000000,2.000000,0.000000
104,2,buffer_rule,222,210.605505,199.679983,235.711239,21,2520.000000,0.000000,0.000000,30.000000
104,3,buffer_rule,239,220.182707,204.836370,242.283670,21,2520.000000,0.000000,0.000000,13.000000
104,4,buffer_rule,252,226.839676,211.937743,250.380021,21,2520.000000,0.000000,0.000000,0.000000
104,5,buffer_rule,262,202.002130,183.414703,227.757653,20,2760.000000,0.000000,2.000000,2.000000
104,6,buffer_rule,222,168.937445,144.559314,186.060840,16,2424.000000,6.000000,2.000000,0.000000
104,0,point_plan,175,171.161685,152.514150,188.926384,14,1848.000000,7.000000,0.000000,0.000000
104,1,point_plan,255,194.326581,178.307350,215.250685,16,2892.000000,3.000000,5.000000,0.000000
104,2,point_plan,222,210.605505,199.679983,235.711239,18,2304.000000,6.000000,0.000000,0.000000
104,3,point_plan,239,220.182707,204.836370,242.283670,18,2520.000000,0.000000,2.000000,1.000000
104,4,point_plan,252,226.839676,211.937743,250.380021,19,2640.000000,0.000000,2.000000,0.000000
104,5,point_plan,262,202.002130,183.414703,227.757653,17,2940.000000,0.000000,5.000000,2.000000
104,6,point_plan,222,168.937445,144.559314,186.060840,14,2544.000000,6.000000,4.000000,0.000000
104,0,stochastic_plan,175,171.161685,152.514150,188.926384,14,1848.000000,7.000000,0.000000,0.000000
104,1,stochastic_plan,255,194.326581,178.307350,215.250685,16,2892.000000,3.000000,5.000000,0.000000
104,2,stochastic_plan,222,210.605505,199.679983,235.711239,17,2364.000000,6.000000,1.000000,0.000000
104,3,stochastic_plan,239,220.182707,204.836370,242.283670,18,2520.000000,0.000000,2.000000,1.000000
104,4,stochastic_plan,252,226.839676,211.937743,250.380021,19,2640.000000,0.000000,2.000000,0.000000
104,5,stochastic_plan,262,202.002130,183.414703,227.757653,17,2940.000000,0.000000,5.000000,2.000000
104,6,stochastic_plan,222,168.937445,144.559314,186.060840,13,2604.000000,6.000000,5.000000,0.000000
104,0,perfect_information,175,171.161685,152.514150,188.926384,15,1800.000000,0.000000,0.000000,5.000000
104,1,perfect_information,255,194.326581,178.307350,215.250685,19,2712.000000,3.000000,2.000000,0.000000
104,2,perfect_information,222,210.605505,199.679983,235.711239,19,2280.000000,0.000000,0.000000,6.000000
104,3,perfect_information,239,220.182707,204.836370,242.283670,20,2400.000000,0.000000,0.000000,1.000000
104,4,perfect_information,252,226.839676,211.937743,250.380021,21,2520.000000,0.000000,0.000000,0.000000
104,5,perfect_information,262,202.002130,183.414703,227.757653,22,2640.000000,0.000000,0.000000,2.000000
104,6,perfect_information,222,168.937445,144.559314,186.060840,19,2280.000000,0.000000,0.000000,6.000000
105,0,buffer_rule,178,183.240308,164.592773,201.005007,16,1920.000000,0.000000,0.000000,14.000000
105,1,buffer_rule,215,223.475608,207.456377,247.785110,20,2400.000000,0.000000,0.000000,25.000000
105,2,buffer_rule,207,224.583530,213.658008,249.689264,19,2280.000000,0.000000,0.000000,21.000000
105,3,buffer_rule,255,237.521352,222.175015,259.707494,19,2712.000000,3.000000,2.000000,0.000000
105,4,buffer_rule,305,247.469524,232.567591,271.723624,21,3360.000000,5.000000,4.000000,0.000000
105,5,buffer_rule,212,228.656586,210.069159,254.462843,22,2640.000000,0.000000,0.000000,52.000000
105,6,buffer_rule,144,197.517050,173.138919,218.254430,18,2160.000000,0.000000,0.000000,72.000000
105,0,point_plan,178,183.240308,164.592773,201.005007,15,1800.000000,0.000000,0.000000,2.000000
105,1,point_plan,215,223.475608,207.456377,247.785110,19,2280.000000,0.000000,0.000000,13.000000
105,2,point_plan,207,224.583530,213.658008,249.689264,19,2280.000000,0.000000,0.000000,21.000000
105,3,point_plan,255,237.521352,222.175015,259.707494,20,2652.000000,3.000000,1.000000,0.000000
105,4,point_plan,305,247.469524,232.567591,271.723624,21,3360.000000,5.000000,4.000000,0.000000
105,5,point_plan,212,228.656586,210.069159,254.462843,19,2280.000000,0.000000,0.000000,16.000000
105,6,point_plan,144,197.517050,173.138919,218.254430,17,2040.000000,0.000000,0.000000,60.000000
105,0,stochastic_plan,178,183.240308,164.592773,201.005007,15,1800.000000,0.000000,0.000000,2.000000
105,1,stochastic_plan,215,223.475608,207.456377,247.785110,18,2160.000000,0.000000,0.000000,1.000000
105,2,stochastic_plan,207,224.583530,213.658008,249.689264,19,2280.000000,0.000000,0.000000,21.000000
105,3,stochastic_plan,255,237.521352,222.175015,259.707494,20,2652.000000,3.000000,1.000000,0.000000
105,4,stochastic_plan,305,247.469524,232.567591,271.723624,20,3420.000000,5.000000,5.000000,0.000000
105,5,stochastic_plan,212,228.656586,210.069159,254.462843,19,2280.000000,0.000000,0.000000,16.000000
105,6,stochastic_plan,144,197.517050,173.138919,218.254430,16,1920.000000,0.000000,0.000000,48.000000
105,0,perfect_information,178,183.240308,164.592773,201.005007,15,1800.000000,0.000000,0.000000,2.000000
105,1,perfect_information,215,223.475608,207.456377,247.785110,18,2160.000000,0.000000,0.000000,1.000000
105,2,perfect_information,207,224.583530,213.658008,249.689264,17,2112.000000,3.000000,0.000000,0.000000
105,3,perfect_information,255,237.521352,222.175015,259.707494,21,2592.000000,3.000000,0.000000,0.000000
105,4,perfect_information,305,247.469524,232.567591,271.723624,20,3420.000000,5.000000,5.000000,0.000000
105,5,perfect_information,212,228.656586,210.069159,254.462843,16,2280.000000,0.000000,2.000000,4.000000
105,6,perfect_information,144,197.517050,173.138919,218.254430,12,1440.000000,0.000000,0.000000,0.000000
106,0,buffer_rule,199,179.578142,160.930607,197.342841,16,2088.000000,7.000000,0.000000,0.000000
106,1,buffer_rule,272,207.092675,191.073444,231.402177,19,3000.000000,0.000000,4.000000,4.000000
106,2,buffer_rule,248,216.074664,204.588885,241.180398,18,2700.000000,0.000000,3.000000,4.000000
106,3,buffer_rule,252,236.759659,221.413322,258.945801,22,2640.000000,0.000000,0.000000,12.000000
106,4,buffer_rule,251,256.646102,241.744169,281.649090,24,2880.000000,0.000000,0.000000,37.000000
106,5,buffer_rule,247,209.481628,190.728259,235.274628,20,2568.000000,7.000000,0.000000,0.000000
106,6,buffer_rule,178,171.242143,143.650730,191.979523,16,1920.000000,0.000000,0.000000,14.000000
106,0,point_plan,199,179.578142,160.930607,197.342841,15,2148.000000,7.000000,1.000000,0.000000
106,1,point_plan,272,207.092675,191.073444,231.402177,17,3132.000000,8.000000,5.000000,0.000000
106,2,point_plan,248,216.074664,204.588885,241.180398,18,2700.000000,0.000000,3.000000,4.000000
106,3,point_plan,252,236.759659,221.413322,258.945801,20,2580.000000,0.000000,1.000000,0.000000
106,4,point_plan,251,256.646102,241.744169,281.649090,21,2520.000000,0.000000,0.000000,1.000000
106,5,point_plan,247,209.481628,190.728259,235.274628,18,2688.000000,7.000000,2.000000,0.000000
106,6,point_plan,178,171.242143,143.650730,191.979523,14,1860.000000,0.000000,1.000000,2.000000
106,0,stochastic_plan,199,179.578142,160.930607,197.342841,15,2148.000000,7.000000,1.000000,0.000000
106,1,stochastic_plan,272,207.092675,191.073444,231.402177,17,3132.000000,8.000000,5.000000,0.000000
106,2,stochastic_plan,248,216.074664,204.588885,241.180398,18,2700.000000,0.000000,3.000000,4.000000
106,3,stochastic_plan,252,236.759659,221.413322,258.945801,20,2580.000000,0.000000,1.000000,0.000000
106,4,stochastic_plan,251,256.646102,241.744169,281.649090,21,2520.000000,0.000000,0.000000,1.000000
106,5,stochastic_plan,247,209.481628,190.728259,235.274628,17,2748.000000,7.000000,3.000000,0.000000
106,6,stochastic_plan,178,171.242143,143.650730,191.979523,13,1920.000000,0.000000,2.000000,2.000000
106,0,perfect_information,199,179.578142,160.930607,197.342841,17,2040.000000,0.000000,0.000000,5.000000
106,1,perfect_information,272,207.092675,191.073444,231.402177,21,2880.000000,0.000000,2.000000,4.000000
106,2,perfect_information,248,216.074664,204.588885,241.180398,21,2520.000000,0.000000,0.000000,4.000000
106,3,perfect_information,252,236.759659,221.413322,258.945801,21,2520.000000,0.000000,0.000000,0.000000
106,4,perfect_information,251,256.646102,241.744169,281.649090,21,2520.000000,0.000000,0.000000,1.000000
106,5,perfect_information,247,209.481628,190.728259,235.274628,19,2628.000000,7.000000,1.000000,0.000000
106,6,perfect_information,178,171.242143,143.650730,191.979523,15,1800.000000,0.000000,0.000000,2.000000
107,0,buffer_rule,228,193.157227,174.509692,211.578906,17,2400.000000,0.000000,2.000000,0.000000
107,1,buffer_rule,235,229.583125,213.563894,256.216458,21,2520.000000,0.000000,0.000000,17.000000
107,2,buffer_rule,245,234.864862,223.379083,260.440597,21,2520.000000,0.000000,0.000000,7.000000
107,3,buffer_rule,252,243.528334,228.181997,265.714476,21,2520.000000,0.000000,0.000000,0.000000
107,4,buffer_rule,278,250.212051,235.920339,275.215039,21,2928.000000,2.000000,2.000000,0.000000
107,5,buffer_rule,248,226.484233,207.730864,252.622697,19,2640.000000,0.000000,2.000000,4.000000
107,6,buffer_rule,199,188.215669,160.624256,208.953048,15,2148.000000,7.000000,1.000000,0.000000
107,0,point_plan,228,193.157227,174.509692,211.578906,16,2460.000000,0.000000,3.000000,0.000000
107,1,point_plan,235,229.583125,213.563894,256.216458,19,2448.000000,7.000000,0.000000,0.000000
107,2,point_plan,245,234.864862,223.379083,260.440597,20,2520.000000,5.000000,0.000000,0.000000
107,3,point_plan,252,243.528334,228.181997,265.714476,20,2580.000000,0.000000,1.000000,0.000000
107,4,point_plan,278,250.212051,235.920339,275.215039,21,2928.000000,2.000000,2.000000,0.000000
107,5,point_plan,248,226.484233,207.730864,252.622697,19,2640.000000,0.000000,2.000000,4.000000
107,6,point_plan,199,188.215669,160.624256,208.953048,16,2088.000000,7.000000,0.000000,0.000000
107,0,stochastic_plan,228,193.157227,174.509692,211.578906,16,2460.000000,0.000000,3.000000,0.000000
107,1,stochastic_plan,235,229.583125,213.563894,256.216458,19,2448.000000,7.000000,0.000000,0.000000
107,2,stochastic_plan,245,234.864862,223.379083,260.440597,20,2520.000000,5.000000,0.000000,0.000000
107,3,stochastic_plan,252,243.528334,228.181997,265.714476,20,2580.000000,0.000000,1.000000,0.000000
107,4,stochastic_plan,278,250.212051,235.920339,275.215039,21,2928.000000,2.000000,2.000000,0.000000
107,5,stochastic_plan,248,226.484233,207.730864,252.622697,19,2640.000000,0.000000,2.000000,4.000000
107,6,stochastic_plan,199,188.215669,160.624256,208.953048,15,2148.000000,7.000000,1.000000,0.000000
107,0,perfect_information,228,193.157227,174.509692,211.578906,19,2280.000000,0.000000,0.000000,0.000000
107,1,perfect_information,235,229.583125,213.563894,256.216458,19,2448.000000,7.000000,0.000000,0.000000
107,2,perfect_information,245,234.864862,223.379083,260.440597,20,2520.000000,5.000000,0.000000,0.000000
107,3,perfect_information,252,243.528334,228.181997,265.714476,21,2520.000000,0.000000,0.000000,0.000000
107,4,perfect_information,278,250.212051,235.920339,275.215039,22,2868.000000,2.000000,1.000000,0.000000
107,5,perfect_information,248,226.484233,207.730864,252.622697,19,2640.000000,0.000000,2.000000,4.000000
107,6,perfect_information,199,188.215669,160.624256,208.953048,15,2148.000000,7.000000,1.000000,0.000000
108,0,buffer_rule,279,204.170335,186.123385,223.497848,18,3132.000000,3.000000,5.000000,0.000000
108,1,buffer_rule,215,224.392540,208.557295,251.025872,19,2280.000000,0.000000,0.000000,13.000000
108,2,buffer_rule,240,237.972702,226.486923,263.548437,20,2400.000000,0.000000,0.000000,0.000000
108,3,buffer_rule,269,247.470179,232.123842,269.656321,21,2820.000000,5.000000,1.000000,0.000000
108,4,buffer_rule,278,260.862897,246.571185,288.388083,23,2808.000000,2.000000,0.000000,0.000000
108,5,buffer_rule,238,230.763143,214.351666,256.901607,19,2460.000000,0.000000,1.000000,2.000000
108,6,buffer_rule,219,197.183400,169.591987,217.920780,15,2412.000000,3.000000,3.000000,0.000000
108,0,point_plan,279,204.170335,186.123385,223.497848,17,3300.000000,15.000000,5.000000,0.000000
108,1,point_plan,215,224.392540,208.557295,251.025872,19,2280.000000,0.000000,0.000000,13.000000
108,2,point_plan,240,237.972702,226.486923,263.548437,20,2400.000000,0.000000,0.000000,0.000000
108,3,point_plan,269,247.470179,232.123842,269.656321,21,2820.000000,5.000000,1.000000,0.000000
108,4,point_plan,278,260.862897,246.571185,288.388083,22,2868.000000,2.000000,1.000000,0.000000
108,5,point_plan,238,230.763143,214.351666,256.901607,19,2460.000000,0.000000,1.000000,2.000000
108,6,point_plan,219,197.183400,169.591987,217.920780,17,2292.000000,3.000000,1.000000,0.000000
108,0,stochastic_plan,279,204.170335,186.123385,223.497848,17,3300.000000,15.000000,5.000000,0.000000
108,1,stochastic_plan,215,224.392540,208.557295,251.025872,19,2280.000000,0.000000,0.000000,13.000000
108,2,stochastic_plan,240,237.972702,226.486923,263.548437,20,2400.000000,0.000000,0.000000,0.000000
108,3,stochastic_plan,269,247.470179,232.123842,269.656321,21,2820.000000,5.000000,1.000000,0.000000
108,4,stochastic_plan,278,260.862897,246.571185,288.388083,22,2868.000000,2.000000,1.000000,0.000000
108,5,stochastic_plan,238,230.763143,214.351666,256.901607,19,2460.000000,0.000000,1.000000,2.000000
108,6,stochastic_plan,219,197.183400,169.591987,217.920780,16,2352.000000,3.000000,2.000000,0.000000
108,0,perfect_information,279,204.170335,186.123385,223.497848,22,2892.000000,3.000000,1.000000,0.000000
108,1,perfect_information,215,224.392540,208.557295,251.025872,18,2160.000000,0.000000,0.000000,1.000000
108,2,perfect_information,240,237.972702,226.486923,263.548437,20,2400.000000,0.000000,0.000000,0.000000
108,3,perfect_information,269,247.470179,232.123842,269.656321,22,2760.000000,5.000000,0.000000,0.000000
108,4,perfect_information,278,260.862897,246.571185,288.388083,21,2928.000000,2.000000,2.000000,0.000000
108,5,perfect_information,238,230.763143,214.351666,256.901607,18,2520.000000,0.000000,2.000000,2.000000
108,6,perfect_information,219,197.183400,169.591987,217.920780,14,2472.000000,3.000000,4.000000,0.000000
109,0,buffer_rule,234,222.177564,206.414609,245.333998,22,2640.000000,0.000000,0.000000,30.000000
109,1,buffer_rule,259,225.247780,209.412535,251.881113,18,2868.000000,7.000000,3.000000,0.000000
109,2,buffer_rule,232,241.625315,230.699793,267.201050,18,2436.000000,4.000000,1.000000,0.000000
109,3,buffer_rule,229,256.890160,241.543823,279.347555,21,2520.000000,0.000000,0.000000,23.000000
109,4,buffer_rule,257,266.476000,252.184288,294.001187,22,2640.000000,0.000000,0.000000,7.000000
109,5,buffer_rule,217,233.822513,217.411036,259.960977,18,2184.000000,1.000000,0.000000,0.000000
109,6,buffer_rule,205,206.993082,179.401669,228.741174,16,2124.000000,1.000000,1.000000,0.000000
109,0,point_plan,234,222.177564,206.414609,245.333998,18,2484.000000,6.000000,1.000000,0.000000
109,1,point_plan,259,225.247780,209.412535,251.881113,19,2808.000000,7.000000,2.000000,0.000000
109,2,point_plan,232,241.625315,230.699793,267.201050,20,2400.000000,0.000000,0.000000,8.000000
109,3,point_plan,229,256.890160,241.543823,279.347555,21,2520.000000,0.000000,0.000000,23.000000
109,4,point_plan,257,266.476000,252.184288,294.001187,22,2640.000000,0.000000,0.000000,7.000000
109,5,point_plan,217,233.822513,217.411036,259.960977,19,2280.000000,0.000000,0.000000,11.000000
109,6,point_plan,205,206.993082,179.401669,228.741174,16,2124.000000,1.000000,1.000000,0.000000
109,0,stochastic_plan,234,222.177564,206.414609,245.333998,18,2484.000000,6.000000,1.000000,0.000000
109,1,stochastic_plan,259,225.247780,209.412535,251.881113,18,2868.000000,7.000000,3.000000,0.000000
109,2,stochastic_plan,232,241.625315,230.699793,267.201050,20,2400.000000,0.000000,0.000000,8.000000
109,3,stochastic_plan,229,256.890160,241.543823,279.347555,21,2520.000000,0.000000,0.000000,23.000000
109,4,stochastic_plan,257,266.476000,252.184288,294.001187,22,2640.000000,0.000000,0.000000,7.000000
109,5,stochastic_plan,217,233.822513,217.411036,259.960977,19,2280.000000,0.000000,0.000000,11.000000
109,6,stochastic_plan,205,206.993082,179.401669,228.741174,17,2064.000000,1.000000,0.000000,0.000000
109,0,perfect_information,234,222.177564,206.414609,245.333998,19,2424.000000,6.000000,0.000000,0.000000
109,1,perfect_information,259,225.247780,209.412535,251.881113,22,2640.000000,0.000000,0.000000,5.000000
109,2,perfect_information,232,241.625315,230.699793,267.201050,19,2376.000000,4.000000,0.000000,0.000000
109,3,perfect_information,229,256.890160,241.543823,279.347555,19,2304.000000,1.000000,0.000000,0.000000
109,4,perfect_information,257,266.476000,252.184288,294.001187,21,2640.000000,5.000000,0.000000,0.000000
109,5,perfect_information,217,233.822513,217.411036,259.960977,18,2184.000000,1.000000,0.000000,0.000000
109,6,perfect_information,205,206.993082,179.401669,228.741174,17,2064.000000,1.000000,0.000000,0.000000
110,0,buffer_rule,193,206.754416,190.991461,229.910850,20,2400.000000,0.000000,0.000000,47.000000
110,1,buffer_rule,239,231.156947,215.321702,260.575176,22,2640.000000,0.000000,0.000000,25.000000
110,2,buffer_rule,285,234.527108,224.606671,260.102843,20,3120.000000,0.000000,4.000000,3.000000
110,3,buffer_rule,276,242.080950,223.177565,264.538345,19,3000.000000,0.000000,4.000000,0.000000
110,4,buffer_rule,281,256.478874,242.187162,284.004061,21,3000.000000,5.000000,2.000000,0.000000
110,5,buffer_rule,250,223.699280,206.893360,249.837744,17,2760.000000,0.000000,4.000000,2.000000
110,6,buffer_rule,182,198.366758,173.988627,220.114850,16,1920.000000,0.000000,0.000000,10.000000
110,0,point_plan,193,206.754416,190.991461,229.910850,17,2040.000000,0.000000,0.000000,11.000000
110,1,point_plan,239,231.156947,215.321702,260.575176,19,2460.000000,0.000000,1.000000,1.000000
110,2,point_plan,285,234.527108,224.606671,260.102843,20,3120.000000,0.000000,4.000000,3.000000
110,3,point_plan,276,242.080950,223.177565,264.538345,20,2940.000000,0.000000,3.000000,0.000000
110,4,point_plan,281,256.478874,242.187162,284.004061,21,3000.000000,5.000000,2.000000,0.000000
110,5,point_plan,250,223.699280,206.893360,249.837744,19,2640.000000,0.000000,2.000000,2.000000
110,6,point_plan,182,198.366758,173.988627,220.114850,17,2040.000000,0.000000,0.000000,22.000000
110,0,stochastic_plan,193,206.754416,190.991461,229.910850,17,2040.000000,0.000000,0.000000,11.000000
110,1,stochastic_plan,239,231.156947,215.321702,260.575176,19,2460.000000,0.000000,1.000000,1.000000
110,2,stochastic_plan,285,234.527108,224.606671,260.102843,20,3120.000000,0.000000,4.000000,3.000000
110,3,stochastic_plan,276,242.080950,223.177565,264.538345,20,2940.000000,0.000000,3.000000,0.000000
110,4,stochastic_plan,281,256.478874,242.187162,284.004061,21,3000.000000,5.000000,2.000000,0.000000
110,5,stochastic_plan,250,223.699280,206.893360,249.837744,18,2700.000000,0.000000,3.000000,2.000000
110,6,stochastic_plan,182,198.366758,173.988627,220.114850,16,1920.000000,0.000000,0.000000,10.000000
110,0,perfect_information,193,206.754416,190.991461,229.910850,16,1944.000000,1.000000,0.000000,0.000000
110,1,perfect_information,239,231.156947,215.321702,260.575176,20,2400.000000,0.000000,0.000000,1.000000
110,2,perfect_information,285,234.527108,224.606671,260.102843,24,2880.000000,0.000000,0.000000,3.000000
110,3,perfect_information,276,242.080950,223.177565,264.538345,23,2760.000000,0.000000,0.000000,0.000000
110,4,perfect_information,281,256.478874,242.187162,284.004061,21,3000.000000,5.000000,2.000000,0.000000
110,5,perfect_information,250,223.699280,206.893360,249.837744,17,2760.000000,0.000000,4.000000,2.000000
110,6,perfect_information,182,198.366758,173.988627,220.114850,14,1908.000000,2.000000,1.000000,0.000000
111,0,buffer_rule,190,203.252807,187.283513,226.409241,15,1980.000000,0.000000,1.000000,2.000000
111,1,buffer_rule,213,231.188685,215.353440,260.606914,19,2280.000000,0.000000,0.000000,15.000000
111,2,buffer_rule,234,251.309944,241.389507,278.016092,23,2760.000000,0.000000,0.000000,42.000000
111,3,buffer_rule,224,257.550654,238.647269,280.008049,22,2640.000000,0.000000,0.000000,40.000000
111,4,buffer_rule,275,267.026098,252.734386,294.551284,22,2820.000000,0.000000,1.000000,1.000000
111,5,buffer_rule,211,235.815956,219.010036,262.104095,19,2280.000000,0.000000,0.000000,17.000000
111,6,buffer_rule,201,198.475410,174.097279,220.223502,15,2160.000000,0.000000,2.000000,3.000000
111,0,point_plan,190,203.252807,187.283513,226.409241,17,2040.000000,0.000000,0.000000,14.000000
111,1,point_plan,213,231.188685,215.353440,260.606914,19,2280.000000,0.000000,0.000000,15.000000
111,2,point_plan,234,251.309944,241.389507,278.016092,21,2520.000000,0.000000,0.000000,18.000000
111,3,point_plan,224,257.550654,238.647269,280.008049,21,2520.000000,0.000000,0.000000,28.000000
111,4,point_plan,275,267.026098,252.734386,294.551284,22,2820.000000,0.000000,1.000000,1.000000
111,5,point_plan,211,235.815956,219.010036,262.104095,19,2280.000000,0.000000,0.000000,17.000000
111,6,point_plan,201,198.475410,174.097279,220.223502,16,2100.000000,0.000000,1.000000,3.000000
111,0,stochastic_plan,190,203.252807,187.283513,226.409241,17,2040.000000,0.000000,0.000000,14.000000
111,1,stochastic_plan,213,231.188685,215.353440,260.606914,19,2280.000000,0.000000,0.000000,15.000000
111,2,stochastic_plan,234,251.309944,241.389507,278.016092,21,2520.000000,0.000000,0.000000,18.000000
111,3,stochastic_plan,224,257.550654,238.647269,280.008049,21,2520.000000,0.000000,0.000000,28.000000
111,4,stochastic_plan,275,267.026098,252.734386,294.551284,22,2820.000000,0.000000,1.000000,1.000000
111,5,stochastic_plan,211,235.815956,219.010036,262.104095,19,2280.000000,0.000000,0.000000,17.000000
111,6,stochastic_plan,201,198.475410,174.097279,220.223502,16,2100.000000,0.000000,1.000000,3.000000
111,0,perfect_information,190,203.252807,187.283513,226.409241,16,1920.000000,0.000000,0.000000,2.000000
111,1,perfect_information,213,231.188685,215.353440,260.606914,18,2160.000000,0.000000,0.000000,3.000000
111,2,perfect_information,234,251.309944,241.389507,278.016092,20,2400.000000,0.000000,0.000000,6.000000
111,3,perfect_information,224,257.550654,238.647269,280.008049,19,2280.000000,0.000000,0.000000,4.000000
111,4,perfect_information,275,267.026098,252.734386,294.551284,22,2820.000000,0.000000,1.000000,1.000000
111,5,perfect_information,211,235.815956,219.010036,262.104095,18,2160.000000,0.000000,0.000000,5.000000
111,6,perfect_information,201,198.475410,174.097279,220.223502,17,2040.000000,0.000000,0.000000,3.000000
112,0,buffer_rule,162,193.626596,177.657302,216.783030,16,1920.000000,0.000000,0.000000,30.000000
112,1,buffer_rule,213,217.442726,201.607481,246.860955,19,2280.000000,0.000000,0.000000,15.000000
112,2,buffer_rule,227,232.784043,222.863606,259.490191,21,2520.000000,0.000000,0.000000,25.000000
112,3,buffer_rule,267,238.616582,219.713197,261.073977,20,2832.000000,3.000000,2.000000,0.000000
112,4,buffer_rule,240,257.546372,244.280750,285.071559,23,2760.000000,0.000000,0.000000,36.000000
112,5,buffer_rule,216,219.271756,199.626853,245.559895,19,2280.000000,0.000000,0.000000,12.000000
112,6,buffer_rule,137,194.331220,170.634538,216.079312,17,2040.000000,0.000000,0.000000,67.000000
112,0,point_plan,162,193.626596,177.657302,216.783030,16,1920.000000,0.000000,0.000000,30.000000
112,1,point_plan,213,217.442726,201.607481,246.860955,18,2160.000000,0.000000,0.000000,3.000000
112,2,point_plan,227,232.784043,222.863606,259.490191,19,2280.000000,0.000000,0.000000,1.000000
112,3,point_plan,267,238.616582,219.713197,261.073977,20,2832.000000,3.000000,2.000000,0.000000
112,4,point_plan,240,257.546372,244.280750,285.071559,22,2640.000000,0.000000,0.000000,24.000000
112,5,point_plan,216,219.271756,199.626853,245.559895,18,2160.000000,0.000000,0.000000,0.000000
112,6,point_plan,137,194.331220,170.634538,216.079312,16,1920.000000,0.000000,0.000000,55.000000
112,0,stochastic_plan,162,193.626596,177.657302,216.783030,16,1920.000000,0.000000,0.000000,30.000000
112,1,stochastic_plan,213,217.442726,201.607481,246.860955,18,2160.000000,0.000000,0.000000,3.000000
112,2,stochastic_plan,227,232.784043,222.863606,259.490191,19,2280.000000,0.000000,0.000000,1.000000
112,3,stochastic_plan,267,238.616582,219.713197,261.073977,20,2832.000000,3.000000,2.000000,0.000000
112,4,stochastic_plan,240,257.546372,244.280750,285.071559,21,2520.000000,0.000000,0.000000,12.000000
112,5,stochastic_plan,216,219.271756,199.626853,245.559895,18,2160.000000,0.000000,0.000000,0.000000
112,6,stochastic_plan,137,194.331220,170.634538,216.079312,16,1920.000000,0.000000,0.000000,55.000000
112,0,perfect_information,162,193.626596,177.657302,216.783030,14,1680.000000,0.000000,0.000000,6.000000
112,1,perfect_information,213,217.442726,201.607481,246.860955,18,2160.000000,0.000000,0.000000,3.000000
112,2,perfect_information,227,232.784043,222.863606,259.490191,19,2280.000000,0.000000,0.000000,1.000000
112,3,perfect_information,267,238.616582,219.713197,261.073977,22,2712.000000,3.000000,0.000000,0.000000
112,4,perfect_information,240,257.546372,244.280750,285.071559,20,2400.000000,0.000000,0.000000,0.000000
112,5,perfect_information,216,219.271756,199.626853,245.559895,16,2280.000000,0.000000,2.000000,0.000000
112,6,perfect_information,137,194.331220,170.634538,216.079312,12,1440.000000,0.000000,0.000000,7.000000
113,0,buffer_rule,176,182.206662,164.159712,201.534175,16,1920.000000,0.000000,0.000000,16.000000
113,1,buffer_rule,184,212.740111,196.904866,242.158340,20,2400.000000,0.000000,0.000000,56.000000
113,2,buffer_rule,243,226.406711,216.486274,253.112859,21,2520.000000,0.000000,0.000000,9.000000
113,3,buffer_rule,250,242.653336,223.749951,270.454458,25,3000.000000,0.000000,0.000000,50.000000
113,4,buffer_rule,223,245.451507,231.159795,270.547911,21,2520.000000,0.000000,0.000000,29.000000
113,5,buffer_rule,219,215.453392,195.808489,241.741531,18,2232.000000,3.000000,0.000000,0.000000
113,6,buffer_rule,204,176.359599,151.981468,198.107691,14,2220.000000,0.000000,3.000000,0.000000
113,0,point_plan,176,182.206662,164.159712,201.534175,15,1800.000000,0.000000,0.000000,4.000000
113,1,point_plan,184,212.740111,196.904866,242.158340,18,2160.000000,0.000000,0.000000,32.000000
113,2,point_plan,243,226.406711,216.486274,253.112859,19,2532.000000,3.000000,1.000000,0.000000
113,3,point_plan,250,242.653336,223.749951,270.454458,20,2580.000000,0.000000,1.000000,2.000000
113,4,point_plan,223,245.451507,231.159795,270.547911,21,2520.000000,0.000000,0.000000,29.000000
113,5,point_plan,219,215.453392,195.808489,241.741531,18,2232.000000,3.000000,0.000000,0.000000
113,6,point_plan,204,176.359599,151.981468,198.107691,15,2160.000000,0.000000,2.000000,0.000000
113,0,stochastic_plan,176,182.206662,164.159712,201.534175,15,1800.000000,0.000000,0.000000,4.000000
113,1,stochastic_plan,184,212.740111,196.904866,242.158340,18,2160.000000,0.000000,0.000000,32.000000
113,2,stochastic_plan,243,226.406711,216.486274,253.112859,19,2532.000000,3.000000,1.000000,0.000000
113,3,stochastic_plan,250,242.653336,223.749951,270.454458,20,2580.000000,0.000000,1.000000,2.000000
113,4,stochastic_plan,223,245.451507,231.159795,270.547911,20,2400.000000,0.000000,0.000000,17.000000
113,5,stochastic_plan,219,215.453392,195.808489,241.741531,18,2232.000000,3.000000,0.000000,0.000000
113,6,stochastic_plan,204,176.359599,151.981468,198.107691,14,2220.000000,0.000000,3.000000,0.000000
113,0,perfect_information,176,182.206662,164.159712,201.534175,15,1800.000000,0.000000,0.000000,4.000000
113,1,perfect_information,184,212.740111,196.904866,242.158340,16,1920.000000,0.000000,0.000000,8.000000
113,2,perfect_information,243,226.406711,216.486274,253.112859,20,2472.000000,3.000000,0.000000,0.000000
113,3,perfect_information,250,242.653336,223.749951,270.454458,21,2520.000000,0.000000,0.000000,2.000000
113,4,perfect_information,223,245.451507,231.159795,270.547911,19,2280.000000,0.000000,0.000000,5.000000
113,5,perfect_information,219,215.453392,195.808489,241.741531,18,2232.000000,3.000000,0.000000,0.000000
113,6,perfect_information,204,176.359599,151.981468,198.107691,17,2040.000000,0.000000,0.000000,0.000000
114,0,buffer_rule,207,186.364446,170.395152,205.691959,16,2172.000000,3.000000,1.000000,0.000000
114,1,buffer_rule,226,208.633251,190.646022,238.051480,18,2340.000000,0.000000,1.000000,2.000000
114,2,buffer_rule,238,231.769070,221.848633,258.475218,22,2640.000000,0.000000,0.000000,26.000000
114,3,buffer_rule,217,241.152215,222.248830,268.953337,22,2640.000000,0.000000,0.000000,47.000000
114,4,buffer_rule,263,244.114056,229.212123,269.210460,20,2760.000000,0.000000,2.000000,1.000000
114,5,buffer_rule,213,217.700852,198.055949,243.988991,19,2280.000000,0.000000,0.000000,15.000000
114,6,buffer_rule,197,190.596904,166.218773,217.654925,18,2160.000000,0.000000,0.000000,19.000000
114,0,point_plan,207,186.364446,170.395152,205.691959,16,2172.000000,3.000000,1.000000,0.000000
114,1,point_plan,226,208.633251,190.646022,238.051480,17,2400.000000,0.000000,2.000000,2.000000
114,2,point_plan,238,231.769070,221.848633,258.475218,19,2460.000000,0.000000,1.000000,2.000000
114,3,point_plan,217,241.152215,222.248830,268.953337,20,2400.000000,0.000000,0.000000,23.000000
114,4,point_plan,263,244.114056,229.212123,269.210460,20,2760.000000,0.000000,2.000000,1.000000
114,5,point_plan,213,217.700852,198.055949,243.988991,18,2160.000000,0.000000,0.000000,3.000000
114,6,point_plan,197,190.596904,166.218773,217.654925,16,2040.000000,5.000000,0.000000,0.000000
114,0,stochastic_plan,207,186.364446,170.395152,205.691959,16,2172.000000,3.000000,1.000000,0.000000
114,1,stochastic_plan,226,208.633251,190.646022,238.051480,17,2400.000000,0.000000,2.000000,2.000000
114,2,stochastic_plan,238,231.769070,221.848633,258.475218,19,2460.000000,0.000000,1.000000,2.000000
114,3,stochastic_plan,217,241.152215,222.248830,268.953337,20,2400.000000,0.000000,0.000000,23.000000
114,4,stochastic_plan,263,244.114056,229.212123,269.210460,20,2760.000000,0.000000,2.000000,1.000000
114,5,stochastic_plan,213,217.700852,198.055949,243.988991,18,2160.000000,0.000000,0.000000,3.000000
114,6,stochastic_plan,197,190.596904,166.218773,217.654925,15,2100.000000,5.000000,1.000000,0.000000
114,0,perfect_information,207,186.364446,170.395152,205.691959,17,2112.000000,3.000000,0.000000,0.000000
114,1,perfect_information,226,208.633251,190.646022,238.051480,19,2280.000000,0.000000,0.000000,2.000000
114,2,perfect_information,238,231.769070,221.848633,258.475218,20,2400.000000,0.000000,0.000000,2.000000
114,3,perfect_information,217,241.152215,222.248830,268.953337,18,2184.000000,1.000000,0.000000,0.000000
114,4,perfect_information,263,244.114056,229.212123,269.210460,22,2640.000000,0.000000,0.000000,1.000000
114,5,perfect_information,213,217.700852,198.055949,243.988991,18,2160.000000,0.000000,0.000000,3.000000
114,6,perfect_information,197,190.596904,166.218773,217.654925,16,2040.000000,5.000000,0.000000,0.000000
115,0,buffer_rule,212,195.075579,179.106285,214.403092,18,2160.000000,0.000000,0.000000,4.000000
115,1,buffer_rule,229,219.049223,201.061994,245.682556,20,2400.000000,0.000000,0.000000,11.000000
115,2,buffer_rule,219,233.563748,223.643311,259.139483,20,2400.000000,0.000000,0.000000,21.000000
115,3,buffer_rule,261,237.866654,217.702643,260.324049,19,2820.000000,0.000000,3.000000,3.000000
115,4,buffer_rule,248,254.212186,239.310253,279.308590,23,2760.000000,0.000000,0.000000,28.000000
115,5,buffer_rule,212,219.285794,199.640891,245.406837,19,2280.000000,0.000000,0.000000,16.000000
115,6,buffer_rule,228,192.386960,168.008828,214.135052,16,2460.000000,0.000000,3.000000,0.000000
115,0,point_plan,212,195.075579,179.106285,214.403092,16,2280.000000,0.000000,2.000000,4.000000
115,1,point_plan,229,219.049223,201.061994,245.682556,18,2364.000000,1.000000,1.000000,0.000000
115,2,point_plan,219,233.563748,223.643311,259.139483,20,2400.000000,0.000000,0.000000,21.000000
115,3,point_plan,261,237.866654,217.702643,260.324049,20,2760.000000,0.000000,2.000000,3.000000
115,4,point_plan,248,254.212186,239.310253,279.308590,21,2520.000000,0.000000,0.000000,4.000000
115,5,point_plan,212,219.285794,199.640891,245.406837,18,2160.000000,0.000000,0.000000,4.000000
115,6,point_plan,228,192.386960,168.008828,214.135052,16,2460.000000,0.000000,3.000000,0.000000
115,0,stochastic_plan,212,195.075579,179.106285,214.403092,16,2280.000000,0.000000,2.000000,4.000000
115,1,stochastic_plan,229,219.049223,201.061994,245.682556,18,2364.000000,1.000000,1.000000,0.000000
115,2,stochastic_plan,219,233.563748,223.643311,259.139483,19,2280.000000,0.000000,0.000000,9.000000
115,3,stochastic_plan,261,237.866654,217.702643,260.324049,20,2760.000000,0.000000,2.000000,3.000000
115,4,stochastic_plan,248,254.212186,239.310253,279.308590,21,2520.000000,0.000000,0.000000,4.000000
115,5,stochastic_plan,212,219.285794,199.640891,245.406837,18,2160.000000,0.000000,0.000000,4.000000
115,6,stochastic_plan,228,192.386960,168.008828,214.135052,15,2520.000000,0.000000,4.000000,0.000000
115,0,perfect_information,212,195.075579,179.106285,214.403092,18,2160.000000,0.000000,0.000000,4.000000
115,1,perfect_information,229,219.049223,201.061994,245.682556,19,2304.000000,1.000000,0.000000,0.000000
115,2,perfect_information,219,233.563748,223.643311,259.139483,18,2232.000000,3.000000,0.000000,0.000000
115,3,perfect_information,261,237.866654,217.702643,260.324049,22,2640.000000,0.000000,0.000000,3.000000
115,4,perfect_information,248,254.212186,239.310253,279.308590,21,2520.000000,0.000000,0.000000,4.000000
115,5,perfect_information,212,219.285794,199.640891,245.406837,18,2160.000000,0.000000,0.000000,4.000000
115,6,perfect_information,228,192.386960,168.008828,214.135052,19,2280.000000,0.000000,0.000000,0.000000
116,0,buffer_rule,212,198.829324,182.860030,217.251003,18,2160.000000,0.000000,0.000000,4.000000
116,1,buffer_rule,208,222.427832,204.440603,246.737334,19,2280.000000,0.000000,0.000000,20.000000
116,2,buffer_rule,266,232.554359,221.628838,257.660093,18,2928.000000,2.000000,4.000000,0.000000
116,3,buffer_rule,293,248.435811,228.271800,270.893206,22,3120.000000,5.000000,2.000000,0.000000
116,4,buffer_rule,305,253.790775,238.888842,278.218484,21,3360.000000,5.000000,4.000000,0.000000
116,5,buffer_rule,244,221.550875,201.905972,247.163362,18,2616.000000,4.000000,2.000000,0.000000
116,6,buffer_rule,233,200.555500,176.177369,222.303592,19,2400.000000,5.000000,0.000000,0.000000
116,0,point_plan,212,198.829324,182.860030,217.251003,17,2220.000000,0.000000,1.000000,4.000000
116,1,point_plan,208,222.427832,204.440603,246.737334,19,2280.000000,0.000000,0.000000,20.000000
116,2,point_plan,266,232.554359,221.628838,257.660093,19,2868.000000,2.000000,3.000000,0.000000
116,3,point_plan,293,248.435811,228.271800,270.893206,21,3180.000000,5.000000,3.000000,0.000000
116,4,point_plan,305,253.790775,238.888842,278.218484,21,3360.000000,5.000000,4.000000,0.000000
116,5,point_plan,244,221.550875,201.905972,247.163362,19,2556.000000,4.000000,1.000000,0.000000
116,6,point_plan,233,200.555500,176.177369,222.303592,17,2520.000000,5.000000,2.000000,0.000000
116,0,stochastic_plan,212,198.829324,182.860030,217.251003,17,2220.000000,0.000000,1.000000,4.000000
116,1,stochastic_plan,208,222.427832,204.440603,246.737334,18,2160.000000,0.000000,0.000000,8.000000
116,2,stochastic_plan,266,232.554359,221.628838,257.660093,19,2868.000000,2.000000,3.000000,0.000000
116,3,stochastic_plan,293,248.435811,228.271800,270.893206,21,3180.000000,5.000000,3.000000,0.000000
116,4,stochastic_plan,305,253.790775,238.888842,278.218484,21,3360.000000,5.000000,4.000000,0.000000
116,5,stochastic_plan,244,221.550875,201.905972,247.163362,18,2616.000000,4.000000,2.000000,0.000000
116,6,stochastic_plan,233,200.555500,176.177369,222.303592,16,2580.000000,5.000000,3.000000,0.000000
116,0,perfect_information,212,198.829324,182.860030,217.251003,18,2160.000000,0.000000,0.000000,4.000000
116,1,perfect_information,208,222.427832,204.440603,246.737334,17,2136.000000,4.000000,0.000000,0.000000
116,2,perfect_information,266,232.554359,221.628838,257.660093,21,2748.000000,2.000000,1.000000,0.000000
116,3,perfect_information,293,248.435811,228.271800,270.893206,24,3000.000000,5.000000,0.000000,0.000000
116,4,perfect_information,305,253.790775,238.888842,278.218484,22,3300.000000,5.000000,3.000000,0.000000
116,5,perfect_information,244,221.550875,201.905972,247.163362,18,2616.000000,4.000000,2.000000,0.000000
116,6,perfect_information,233,200.555500,176.177369,222.303592,15,2640.000000,5.000000,4.000000,0.000000
117,0,buffer_rule,207,208.492072,194.787817,226.913751,16,2172.000000,3.000000,1.000000,0.000000
117,1,buffer_rule,223,227.438364,209.451135,251.747866,16,2448.000000,7.000000,2.000000,0.000000
117,2,buffer_rule,235,249.792541,238.867019,275.368276,20,2400.000000,0.000000,0.000000,5.000000
117,3,buffer_rule,266,263.031529,242.867518,286.107586,24,2880.000000,0.000000,0.000000,22.000000
117,4,buffer_rule,249,273.467045,259.175333,298.563449,23,2760.000000,0.000000,0.000000,27.000000
117,5,buffer_rule,227,235.961431,216.316528,261.573918,19,2280.000000,0.000000,0.000000,1.000000
117,6,buffer_rule,197,211.753421,187.375290,238.811442,17,2040.000000,0.000000,0.000000,7.000000
117,0,point_plan,207,208.492072,194.787817,226.913751,17,2112.000000,3.000000,0.000000,0.000000
117,1,point_plan,223,227.438364,209.451135,251.747866,19,2280.000000,0.000000,0.000000,5.000000
117,2,point_plan,235,249.792541,238.867019,275.368276,21,2520.000000,0.000000,0.000000,17.000000
117,3,point_plan,266,263.031529,242.867518,286.107586,22,2688.000000,2.000000,0.000000,0.000000
117,4,point_plan,249,273.467045,259.175333,298.563449,22,2640.000000,0.000000,0.000000,15.000000
117,5,point_plan,227,235.961431,216.316528,261.573918,19,2280.000000,0.000000,0.000000,1.000000
117,6,point_plan,197,211.753421,187.375290,238.811442,15,2100.000000,5.000000,1.000000,0.000000
117,0,stochastic_plan,207,208.492072,194.787817,226.913751,17,2112.000000,3.000000,0.000000,0.000000
117,1,stochastic_plan,223,227.438364,209.451135,251.747866,18,2328.000000,7.000000,0.000000,0.000000
117,2,stochastic_plan,235,249.792541,238.867019,275.368276,20,2400.000000,0.000000,0.000000,5.000000
117,3,stochastic_plan,266,263.031529,242.867518,286.107586,22,2688.000000,2.000000,0.000000,0.000000
117,4,stochastic_plan,249,273.467045,259.175333,298.563449,22,2640.000000,0.000000,0.000000,15.000000
117,5,stochastic_plan,227,235.961431,216.316528,261.573918,19,2280.000000,0.000000,0.000000,1.000000
117,6,stochastic_plan,197,211.753421,187.375290,238.811442,17,2040.000000,0.000000,0.000000,7.000000
117,0,perfect_information,207,208.492072,194.787817,226.913751,17,2112.000000,3.000000,0.000000,0.000000
117,1,perfect_information,223,227.438364,209.451135,251.747866,19,2280.000000,0.000000,0.000000,5.000000
117,2,perfect_information,235,249.792541,238.867019,275.368276,20,2400.000000,0.000000,0.000000,5.000000
117,3,perfect_information,266,263.031529,242.867518,286.107586,22,2688.000000,2.000000,0.000000,0.000000
117,4,perfect_information,249,273.467045,259.175333,298.563449,21,2520.000000,0.000000,0.000000,3.000000
117,5,perfect_information,227,235.961431,216.316528,261.573918,19,2280.000000,0.000000,0.000000,1.000000
117,6,perfect_information,197,211.753421,187.375290,238.811442,16,2040.000000,5.000000,0.000000,0.000000
118,0,buffer_rule,210,199.490253,185.785998,217.911932,17,2184.000000,6.000000,0.000000,0.000000
118,1,buffer_rule,286,221.843754,203.856525,246.153256,19,3180.000000,0.000000,5.000000,2.000000
118,2,buffer_rule,292,235.860574,224.329549,261.436309,20,3216.000000,4.000000,4.000000,0.000000
118,3,buffer_rule,284,250.093816,229.929805,273.169873,23,2940.000000,0.000000,1.000000,4.000000
118,4,buffer_rule,356,255.724769,240.822836,280.821173,21,4476.000000,44.000000,5.000000,0.000000
118,5,buffer_rule,304,224.533431,204.888528,250.145918,19,3564.000000,16.000000,5.000000,0.000000
118,6,buffer_rule,266,196.878161,172.500030,223.936182,16,3156.000000,14.000000,5.000000,0.000000
118,0,point_plan,210,199.490253,185.785998,217.911932,17,2184.000000,6.000000,0.000000,0.000000
118,1,point_plan,286,221.843754,203.856525,246.153256,19,3180.000000,0.000000,5.000000,2.000000
118,2,point_plan,292,235.860574,224.329549,261.436309,20,3216.000000,4.000000,4.000000,0.000000
118,3,point_plan,284,250.093816,229.929805,273.169873,21,3060.000000,0.000000,3.000000,4.000000
118,4,point_plan,356,255.724769,240.822836,280.821173,21,4476.000000,44.000000,5.000000,0.000000
118,5,point_plan,304,224.533431,204.888528,250.145918,19,3564.000000,16.000000,5.000000,0.000000
118,6,point_plan,266,196.878161,172.500030,223.936182,16,3156.000000,14.000000,5.000000,0.000000
118,0,stochastic_plan,210,199.490253,185.785998,217.911932,17,2184.000000,6.000000,0.000000,0.000000
118,1,stochastic_plan,286,221.843754,203.856525,246.153256,18,3300.000000,10.000000,5.000000,0.000000
118,2,stochastic_plan,292,235.860574,224.329549,261.436309,20,3216.000000,4.000000,4.000000,0.000000
118,3,stochastic_plan,284,250.093816,229.929805,273.169873,21,3060.000000,0.000000,3.000000,4.000000
118,4,stochastic_plan,356,255.724769,240.822836,280.821173,21,4476.000000,44.000000,5.000000,0.000000
118,5,stochastic_plan,304,224.533431,204.888528,250.145918,18,3732.000000,28.000000,5.000000,0.000000
118,6,stochastic_plan,266,196.878161,172.500030,223.936182,16,3156.000000,14.000000,5.000000,0.000000
118,0,perfect_information,210,199.490253,185.785998,217.911932,16,2244.000000,6.000000,1.000000,0.000000
118,1,perfect_information,286,221.843754,203.856525,246.153256,19,3180.000000,0.000000,5.000000,2.000000
118,2,perfect_information,292,235.860574,224.329549,261.436309,19,3276.000000,4.000000,5.000000,0.000000
118,3,perfect_information,284,250.093816,229.929805,273.169873,20,3120.000000,0.000000,4.000000,4.000000
118,4,perfect_information,356,255.724769,240.822836,280.821173,24,3972.000000,8.000000,5.000000,0.000000
118,5,perfect_information,304,224.533431,204.888528,250.145918,20,3396.000000,4.000000,5.000000,0.000000
118,6,perfect_information,266,196.878161,172.500030,223.936182,17,2988.000000,2.000000,5.000000,0.000000
119,0,buffer_rule,235,222.946966,209.242711,241.368645,13,2916.000000,19.000000,5.000000,0.000000
119,1,buffer_rule,246,255.248557,239.249061,281.881890,17,2724.000000,6.000000,3.000000,0.000000
119,2,buffer_rule,260,268.437817,256.906792,295.143965,21,2700.000000,0.000000,1.000000,4.000000
119,3,buffer_rule,259,277.372368,257.208357,305.230779,21,2688.000000,7.000000,0.000000,0.000000
119,4,buffer_rule,271,297.229794,282.327861,324.754980,25,3000.000000,0.000000,0.000000,29.000000
119,5,buffer_rule,239,260.864291,241.219388,286.985334,21,2520.000000,0.000000,0.000000,13.000000
119,6,buffer_rule,226,232.324417,207.946286,264.017310,17,2400.000000,0.000000,2.000000,2.000000
119,0,point_plan,235,222.946966,209.242711,241.368645,18,2508.000000,7.000000,1.000000,0.000000
119,1,point_plan,246,255.248557,239.249061,281.881890,21,2520.000000,0.000000,0.000000,6.000000
119,2,point_plan,260,268.437817,256.906792,295.143965,22,2640.000000,0.000000,0.000000,4.000000
119,3,point_plan,259,277.372368,257.208357,305.230779,23,2760.000000,0.000000,0.000000,17.000000
119,4,point_plan,271,297.229794,282.327861,324.754980,20,2928.000000,7.000000,2.000000,0.000000
119,5,point_plan,239,260.864291,241.219388,286.985334,17,2580.000000,0.000000,3.000000,1.000000
119,6,point_plan,226,232.324417,207.946286,264.017310,14,2580.000000,0.000000,5.000000,2.000000
119,0,stochastic_plan,235,222.946966,209.242711,241.368645,16,2628.000000,7.000000,3.000000,0.000000
119,1,stochastic_plan,246,255.248557,239.249061,281.881890,19,2604.000000,6.000000,1.000000,0.000000
119,2,stochastic_plan,260,268.437817,256.906792,295.143965,21,2700.000000,0.000000,1.000000,4.000000
119,3,stochastic_plan,259,277.372368,257.208357,305.230779,21,2688.000000,7.000000,0.000000,0.000000
119,4,stochastic_plan,271,297.229794,282.327861,324.754980,23,2760.000000,0.000000,0.000000,5.000000
119,5,stochastic_plan,239,260.864291,241.219388,286.985334,19,2460.000000,0.000000,1.000000,1.000000
119,6,stochastic_plan,226,232.324417,207.946286,264.017310,16,2460.000000,0.000000,3.000000,2.000000
119,0,perfect_information,235,222.946966,209.242711,241.368645,19,2448.000000,7.000000,0.000000,0.000000
119,1,perfect_information,246,255.248557,239.249061,281.881890,20,2544.000000,6.000000,0.000000,0.000000
119,2,perfect_information,260,268.437817,256.906792,295.143965,22,2640.000000,0.000000,0.000000,4.000000
119,3,perfect_information,259,277.372368,257.208357,305.230779,21,2688.000000,7.000000,0.000000,0.000000
119,4,perfect_information,271,297.229794,282.327861,324.754980,21,2868.000000,7.000000,1.000000,0.000000
119,5,perfect_information,239,260.864291,241.219388,286.985334,18,2520.000000,0.000000,2.000000,1.000000
119,6,perfect_information,226,232.324417,207.946286,264.017310,14,2580.000000,0.000000,5.000000,2.000000
120,0,buffer_rule,264,212.368697,198.664442,230.790376,19,2820.000000,0.000000,3.000000,0.000000
120,1,buffer_rule,264,235.228106,219.228610,261.861439,19,2820.000000,0.000000,3.000000,0.000000
120,2,buffer_rule,291,250.225662,238.694637,276.931810,20,3192.000000,3.000000,4.000000,0.000000
120,3,buffer_rule,280,259.274737,239.110726,287.133148,20,3036.000000,4.000000,3.000000,0.000000
120,4,buffer_rule,295,270.947753,253.659936,298.472939,22,3168.000000,7.000000,2.000000,0.000000
120,5,buffer_rule,251,237.661490,217.666277,263.782533,18,2700.000000,0.000000,3.000000,1.000000
120,6,buffer_rule,262,211.814514,187.436383,243.507407,17,2940.000000,0.000000,5.000000,2.000000
120,0,point_plan,264,212.368697,198.664442,230.790376,18,2880.000000,0.000000,4.000000,0.000000
120,1,point_plan,264,235.228106,219.228610,261.861439,19,2820.000000,0.000000,3.000000,0.000000
120,2,point_plan,291,250.225662,238.694637,276.931810,21,3132.000000,3.000000,3.000000,0.000000
120,3,point_plan,280,259.274737,239.110726,287.133148,21,2976.000000,4.000000,2.000000,0.000000
120,4,point_plan,295,270.947753,253.659936,298.472939,22,3168.000000,7.000000,2.000000,0.000000
120,5,point_plan,251,237.661490,217.666277,263.782533,19,2640.000000,0.000000,2.000000,1.000000
120,6,point_plan,262,211.814514,187.436383,243.507407,15,3228.000000,22.000000,5.000000,0.000000
120,0,stochastic_plan,264,212.368697,198.664442,230.790376,17,2940.000000,0.000000,5.000000,0.000000
120,1,stochastic_plan,264,235.228106,219.228610,261.861439,19,2820.000000,0.000000,3.000000,0.000000
120,2,stochastic_plan,291,250.225662,238.694637,276.931810,20,3192.000000,3.000000,4.000000,0.000000
120,3,stochastic_plan,280,259.274737,239.110726,287.133148,21,2976.000000,4.000000,2.000000,0.000000
120,4,stochastic_plan,295,270.947753,253.659936,298.472939,22,3168.000000,7.000000,2.000000,0.000000
120,5,stochastic_plan,251,237.661490,217.666277,263.782533,19,2640.000000,0.000000,2.000000,1.000000
120,6,stochastic_plan,262,211.814514,187.436383,243.507407,17,2940.000000,0.000000,5.000000,2.000000
120,0,perfect_information,264,212.368697,198.664442,230.790376,22,2640.000000,0.000000,0.000000,0.000000
120,1,perfect_information,264,235.228106,219.228610,261.861439,22,2640.000000,0.000000,0.000000,0.000000
120,2,perfect_information,291,250.225662,238.694637,276.931810,21,3132.000000,3.000000,3.000000,0.000000
120,3,perfect_information,280,259.274737,239.110726,287.133148,18,3156.000000,4.000000,5.000000,0.000000
120,4,perfect_information,295,270.947753,253.659936,298.472939,19,3348.000000,7.000000,5.000000,0.000000
120,5,perfect_information,251,237.661490,217.666277,263.782533,16,2820.000000,0.000000,5.000000,1.000000
120,6,perfect_information,262,211.814514,187.436383,243.507407,17,2940.000000,0.000000,5.000000,2.000000
121,0,buffer_rule,184,228.772494,215.068239,248.100007,19,2280.000000,0.000000,0.000000,44.000000
121,1,buffer_rule,272,250.129105,235.865524,278.708417,19,3000.000000,0.000000,4.000000,4.000000
121,2,buffer_rule,240,266.029721,254.498696,297.113497,22,2640.000000,0.000000,0.000000,24.000000
121,3,buffer_rule,257,272.202646,252.038635,300.061057,19,2760.000000,5.000000,2.000000,0.000000
121,4,buffer_rule,262,284.936721,267.648904,312.461907,21,2700.000000,0.000000,1.000000,2.000000
121,5,buffer_rule,260,250.122112,230.126899,276.243155,17,2940.000000,0.000000,5.000000,4.000000
121,6,buffer_rule,220,228.817461,204.439330,261.231828,18,2256.000000,4.000000,0.000000,0.000000
121,0,point_plan,184,228.772494,215.068239,248.100007,19,2280.000000,0.000000,0.000000,44.000000
121,1,point_plan,272,250.129105,235.865524,278.708417,21,2880.000000,0.000000,2.000000,4.000000
121,2,point_plan,240,266.029721,254.498696,297.113497,22,2640.000000,0.000000,0.000000,24.000000
121,3,point_plan,257,272.202646,252.038635,300.061057,23,2760.000000,0.000000,0.000000,19.000000
121,4,point_plan,262,284.936721,267.648904,312.461907,20,2760.000000,0.000000,2.000000,2.000000
121,5,point_plan,260,250.122112,230.126899,276.243155,16,3012.000000,8.000000,5.000000,0.000000
121,6,point_plan,220,228.817461,204.439330,261.231828,14,2496.000000,4.000000,4.000000,0.000000
121,0,stochastic_plan,184,228.772494,215.068239,248.100007,17,2040.000000,0.000000,0.000000,20.000000
121,1,stochastic_plan,272,250.129105,235.865524,278.708417,19,3000.000000,0.000000,4.000000,4.000000
121,2,stochastic_plan,240,266.029721,254.498696,297.113497,21,2520.000000,0.000000,0.000000,12.000000
121,3,stochastic_plan,257,272.202646,252.038635,300.061057,20,2700.000000,5.000000,1.000000,0.000000
121,4,stochastic_plan,262,284.936721,267.648904,312.461907,22,2640.000000,0.000000,0.000000,2.000000
121,5,stochastic_plan,260,250.122112,230.126899,276.243155,19,2820.000000,0.000000,3.000000,4.000000
121,6,stochastic_plan,220,228.817461,204.439330,261.231828,17,2316.000000,4.000000,1.000000,0.000000
121,0,perfect_information,184,228.772494,215.068239,248.100007,15,1896.000000,4.000000,0.000000,0.000000
121,1,perfect_information,272,250.129105,235.865524,278.708417,19,3000.000000,0.000000,4.000000,4.000000
121,2,perfect_information,240,266.029721,254.498696,297.113497,20,2400.000000,0.000000,0.000000,0.000000
121,3,perfect_information,257,272.202646,252.038635,300.061057,21,2640.000000,5.000000,0.000000,0.000000
121,4,perfect_information,262,284.936721,267.648904,312.461907,22,2640.000000,0.000000,0.000000,2.000000
121,5,perfect_information,260,250.122112,230.126899,276.243155,21,2700.000000,0.000000,1.000000,4.000000
121,6,perfect_information,220,228.817461,204.439330,261.231828,17,2316.000000,4.000000,1.000000,0.000000
122,0,buffer_rule,199,205.661117,189.691823,224.988630,16,2088.000000,7.000000,0.000000,0.000000
122,1,buffer_rule,245,240.894075,226.630494,269.473388,20,2520.000000,5.000000,0.000000,0.000000
122,2,buffer_rule,251,247.673291,233.407328,278.757067,19,2640.000000,0.000000,2.000000,1.000000
122,3,buffer_rule,235,256.883432,236.719422,284.741843,21,2520.000000,0.000000,0.000000,17.000000
122,4,buffer_rule,227,268.948833,246.987839,296.474019,22,2640.000000,0.000000,0.000000,37.000000
122,5,buffer_rule,198,240.506480,220.511267,266.627523,20,2400.000000,0.000000,0.000000,42.000000
122,6,buffer_rule,181,212.238302,188.541620,244.652669,17,2040.000000,0.000000,0.000000,23.000000
122,0,point_plan,199,205.661117,189.691823,224.988630,17,2040.000000,0.000000,0.000000,5.000000
122,1,point_plan,245,240.894075,226.630494,269.473388,20,2520.000000,5.000000,0.000000,0.000000
122,2,point_plan,251,247.673291,233.407328,278.757067,21,2520.000000,0.000000,0.000000,1.000000
122,3,point_plan,235,256.883432,236.719422,284.741843,21,2520.000000,0.000000,0.000000,17.000000
122,4,point_plan,227,268.948833,246.987839,296.474019,22,2640.000000,0.000000,0.000000,37.000000
122,5,point_plan,198,240.506480,220.511267,266.627523,19,2280.000000,0.000000,0.000000,30.000000
122,6,point_plan,181,212.238302,188.541620,244.652669,15,1824.000000,1.000000,0.000000,0.000000
122,0,stochastic_plan,199,205.661117,189.691823,224.988630,16,2088.000000,7.000000,0.000000,0.000000
122,1,stochastic_plan,245,240.894075,226.630494,269.473388,20,2520.000000,5.000000,0.000000,0.000000
122,2,stochastic_plan,251,247.673291,233.407328,278.757067,20,2580.000000,0.000000,1.000000,1.000000
122,3,stochastic_plan,235,256.883432,236.719422,284.741843,21,2520.000000,0.000000,0.000000,17.000000
122,4,stochastic_plan,227,268.948833,246.987839,296.474019,22,2640.000000,0.000000,0.000000,37.000000
122,5,stochastic_plan,198,240.506480,220.511267,266.627523,19,2280.000000,0.000000,0.000000,30.000000
122,6,stochastic_plan,181,212.238302,188.541620,244.652669,17,2040.000000,0.000000,0.000000,23.000000
122,0,perfect_information,199,205.661117,189.691823,224.988630,17,2040.000000,0.000000,0.000000,5.000000
122,1,perfect_information,245,240.894075,226.630494,269.473388,20,2520.000000,5.000000,0.000000,0.000000
122,2,perfect_information,251,247.673291,233.407328,278.757067,21,2520.000000,0.000000,0.000000,1.000000
122,3,perfect_information,235,256.883432,236.719422,284.741843,20,2400.000000,0.000000,0.000000,5.000000
122,4,perfect_information,227,268.948833,246.987839,296.474019,19,2280.000000,0.000000,0.000000,1.000000
122,5,perfect_information,198,240.506480,220.511267,266.627523,17,2040.000000,0.000000,0.000000,6.000000
122,6,perfect_information,181,212.238302,188.541620,244.652669,15,1824.000000,1.000000,0.000000,0.000000
123,0,buffer_rule,155,196.981757,181.012463,216.309270,17,2040.000000,0.000000,0.000000,49.000000
123,1,buffer_rule,170,226.108677,211.845096,254.687990,21,2520.000000,0.000000,0.000000,82.000000
123,2,buffer_rule,214,237.701118,223.435155,268.784894,23,2760.000000,0.000000,0.000000,62.000000
123,3,buffer_rule,227,242.656134,220.938138,270.514545,21,2520.000000,0.000000,0.000000,25.000000
123,4,buffer_rule,187,249.935441,227.047241,277.460627,20,2400.000000,0.000000,0.000000,53.000000
123,5,buffer_rule,198,218.969539,198.202264,245.090582,17,2040.000000,0.000000,0.000000,6.000000
123,6,buffer_rule,160,193.995816,169.617684,226.410183,16,1920.000000,0.000000,0.000000,32.000000
123,0,point_plan,155,196.981757,181.012463,216.309270,16,1920.000000,0.000000,0.000000,37.000000
123,1,point_plan,170,226.108677,211.845096,254.687990,19,2280.000000,0.000000,0.000000,58.000000
123,2,point_plan,214,237.701118,223.435155,268.784894,20,2400.000000,0.000000,0.000000,26.000000
123,3,point_plan,227,242.656134,220.938138,270.514545,20,2400.000000,0.000000,0.000000,13.000000
123,4,point_plan,187,249.935441,227.047241,277.460627,21,2520.000000,0.000000,0.000000,65.000000
123,5,point_plan,198,218.969539,198.202264,245.090582,18,2160.000000,0.000000,0.000000,18.000000
123,6,point_plan,160,193.995816,169.617684,226.410183,16,1920.000000,0.000000,0.000000,32.000000
123,0,stochastic_plan,155,196.981757,181.012463,216.309270,17,2040.000000,0.000000,0.000000,49.000000
123,1,stochastic_plan,170,226.108677,211.845096,254.687990,19,2280.000000,0.000000,0.000000,58.000000
123,2,stochastic_plan,214,237.701118,223.435155,268.784894,20,2400.000000,0.000000,0.000000,26.000000
123,3,stochastic_plan,227,242.656134,220.938138,270.514545,20,2400.000000,0.000000,0.000000,13.000000
123,4,stochastic_plan,187,249.935441,227.047241,277.460627,21,2520.000000,0.000000,0.000000,65.000000
123,5,stochastic_plan,198,218.969539,198.202264,245.090582,18,2160.000000,0.000000,0.000000,18.000000
123,6,stochastic_plan,160,193.995816,169.617684,226.410183,16,1920.000000,0.000000,0.000000,32.000000
123,0,perfect_information,155,196.981757,181.012463,216.309270,13,1560.000000,0.000000,0.000000,1.000000
123,1,perfect_information,170,226.108677,211.845096,254.687990,14,1728.000000,2.000000,0.000000,0.000000
123,2,perfect_information,214,237.701118,223.435155,268.784894,18,2160.000000,0.000000,0.000000,2.000000
123,3,perfect_information,227,242.656134,220.938138,270.514545,19,2280.000000,0.000000,0.000000,1.000000
123,4,perfect_information,187,249.935441,227.047241,277.460627,16,1920.000000,0.000000,0.000000,5.000000
123,5,perfect_information,198,218.969539,198.202264,245.090582,17,2040.000000,0.000000,0.000000,6.000000
123,6,perfect_information,160,193.995816,169.617684,226.410183,13,1656.000000,4.000000,0.000000,0.000000
124,0,buffer_rule,151,174.204022,156.157072,193.531535,16,1920.000000,0.000000,0.000000,41.000000
124,1,buffer_rule,145,198.320030,182.320534,226.899343,17,2040.000000,0.000000,0.000000,59.000000
124,2,buffer_rule,208,216.542773,201.773111,247.626549,21,2520.000000,0.000000,0.000000,44.000000
124,3,buffer_rule,224,226.234786,204.516790,254.093197,23,2760.000000,0.000000,0.000000,52.000000
124,4,buffer_rule,221,227.564517,203.703429,255.089703,19,2280.000000,0.000000,0.000000,7.000000
124,5,buffer_rule,210,203.312941,182.355095,229.433984,20,2400.000000,0.000000,0.000000,30.000000
124,6,buffer_rule,138,174.246345,143.689173,206.660712,16,1920.000000,0.000000,0.000000,54.000000
124,0,point_plan,151,174.204022,156.157072,193.531535,15,1800.000000,0.000000,0.000000,29.000000
124,1,point_plan,145,198.320030,182.320534,226.899343,17,2040.000000,0.000000,0.000000,59.000000
124,2,point_plan,208,216.542773,201.773111,247.626549,18,2160.000000,0.000000,0.000000,8.000000
124,3,point_plan,224,226.234786,204.516790,254.093197,19,2280.000000,0.000000,0.000000,4.000000
124,4,point_plan,221,227.564517,203.703429,255.089703,19,2280.000000,0.000000,0.000000,7.000000
124,5,point_plan,210,203.312941,182.355095,229.433984,17,2184.000000,6.000000,0.000000,0.000000
124,6,point_plan,138,174.246345,143.689173,206.660712,15,1800.000000,0.000000,0.000000,42.000000
124,0,stochastic_plan,151,174.204022,156.157072,193.531535,15,1800.000000,0.000000,0.000000,29.000000
124,1,stochastic_plan,145,198.320030,182.320534,226.899343,16,1920.000000,0.000000,0.000000,47.000000
124,2,stochastic_plan,208,216.542773,201.773111,247.626549,18,2160.000000,0.000000,0.000000,8.000000
124,3,stochastic_plan,224,226.234786,204.516790,254.093197,19,2280.000000,0.000000,0.000000,4.000000
124,4,stochastic_plan,221,227.564517,203.703429,255.089703,19,2280.000000,0.000000,0.000000,7.000000
124,5,stochastic_plan,210,203.312941,182.355095,229.433984,17,2184.000000,6.000000,0.000000,0.000000
124,6,stochastic_plan,138,174.246345,143.689173,206.660712,14,1680.000000,0.000000,0.000000,30.000000
124,0,perfect_information,151,174.204022,156.157072,193.531535,13,1560.000000,0.000000,0.000000,5.000000
124,1,perfect_information,145,198.320030,182.320534,226.899343,12,1464.000000,1.000000,0.000000,0.000000
124,2,perfect_information,208,216.542773,201.773111,247.626549,16,2196.000000,4.000000,1.000000,0.000000
124,3,perfect_information,224,226.234786,204.516790,254.093197,19,2280.000000,0.000000,0.000000,4.000000
124,4,perfect_information,221,227.564517,203.703429,255.089703,18,2280.000000,5.000000,0.000000,0.000000
124,5,perfect_information,210,203.312941,182.355095,229.433984,16,2244.000000,6.000000,1.000000,0.000000
124,6,perfect_information,138,174.246345,143.689173,206.660712,12,1440.000000,0.000000,0.000000,6.000000
125,0,buffer_rule,106,168.676436,145.967771,188.003949,16,1920.000000,0.000000,0.000000,86.000000
125,1,buffer_rule,179,188.391136,170.403907,216.970449,16,1920.000000,0.000000,0.000000,13.000000
125,2,buffer_rule,180,210.960704,196.191042,242.044480,20,2400.000000,0.000000,0.000000,60.000000
125,3,buffer_rule,178,221.788240,200.070244,249.646651,23,2760.000000,0.000000,0.000000,98.000000
125,4,buffer_rule,169,228.659424,204.798336,256.184610,23,2760.000000,0.000000,0.000000,107.000000
125,5,buffer_rule,145,201.419468,180.461622,227.540511,19,2280.000000,0.000000,0.000000,83.000000
125,6,buffer_rule,110,165.602976,132.845203,198.017343,15,1800.000000,0.000000,0.000000,70.000000
125,0,point_plan,106,168.676436,145.967771,188.003949,14,1680.000000,0.000000,0.000000,62.000000
125,1,point_plan,179,188.391136,170.403907,216.970449,16,1920.000000,0.000000,0.000000,13.000000
125,2,point_plan,180,210.960704,196.191042,242.044480,18,2160.000000,0.000000,0.000000,36.000000
125,3,point_plan,178,221.788240,200.070244,249.646651,19,2280.000000,0.000000,0.000000,50.000000
125,4,point_plan,169,228.659424,204.798336,256.184610,19,2280.000000,0.000000,0.000000,59.000000
125,5,point_plan,145,201.419468,180.461622,227.540511,17,2040.000000,0.000000,0.000000,59.000000
125,6,point_plan,110,165.602976,132.845203,198.017343,14,1680.000000,0.000000,0.000000,58.000000
125,0,stochastic_plan,106,168.676436,145.967771,188.003949,14,1680.000000,0.000000,0.000000,62.000000
125,1,stochastic_plan,179,188.391136,170.403907,216.970449,15,1800.000000,0.000000,0.000000,1.000000
125,2,stochastic_plan,180,210.960704,196.191042,242.044480,17,2040.000000,0.000000,0.000000,24.000000
125,3,stochastic_plan,178,221.788240,200.070244,249.646651,18,2160.000000,0.000000,0.000000,38.000000
125,4,stochastic_plan,169,228.659424,204.798336,256.184610,19,2280.000000,0.000000,0.000000,59.000000
125,5,stochastic_plan,145,201.419468,180.461622,227.540511,16,1920.000000,0.000000,0.000000,47.000000
125,6,stochastic_plan,110,165.602976,132.845203,198.017343,13,1560.000000,0.000000,0.000000,46.000000
125,0,perfect_information,106,168.676436,145.967771,188.003949,9,1080.000000,0.000000,0.000000,2.000000
125,1,perfect_information,179,188.391136,170.403907,216.970449,13,1920.000000,0.000000,2.000000,1.000000
125,2,perfect_information,180,210.960704,196.191042,242.044480,15,1800.000000,0.000000,0.000000,0.000000
125,3,perfect_information,178,221.788240,200.070244,249.646651,15,1800.000000,0.000000,0.000000,2.000000
125,4,perfect_information,169,228.659424,204.798336,256.184610,14,1704.000000,1.000000,0.000000,0.000000
125,5,perfect_information,145,201.419468,180.461622,227.540511,12,1464.000000,1.000000,0.000000,0.000000
125,6,perfect_information,110,165.602976,132.845203,198.017343,9,1128.000000,2.000000,0.000000,0.000000
126,0,buffer_rule,156,142.692869,116.058641,162.020382,12,1620.000000,0.000000,1.000000,0.000000
126,1,buffer_rule,181,175.257334,157.270105,203.836647,16,1920.000000,0.000000,0.000000,11.000000
126,2,buffer_rule,183,188.287889,171.229685,219.371665,18,2160.000000,0.000000,0.000000,33.000000
126,3,buffer_rule,189,195.818456,173.880646,223.676867,18,2160.000000,0.000000,0.000000,27.000000
126,4,buffer_rule,206,201.257636,176.840916,228.782822,17,2088.000000,2.000000,0.000000,0.000000
126,5,buffer_rule,168,172.076404,150.301588,198.197447,15,1800.000000,0.000000,0.000000,12.000000
126,6,buffer_rule,156,142.271493,108.382598,174.685860,11,1680.000000,0.000000,2.000000,0.000000
126,0,point_plan,156,142.692869,116.058641,162.020382,12,1620.000000,0.000000,1.000000,0.000000
126,1,point_plan,181,175.257334,157.270105,203.836647,15,1824.000000,1.000000,0.000000,0.000000
126,2,point_plan,183,188.287889,171.229685,219.371665,16,1920.000000,0.000000,0.000000,9.000000
126,3,point_plan,189,195.818456,173.880646,223.676867,16,1920.000000,0.000000,0.000000,3.000000
126,4,point_plan,206,201.257636,176.840916,228.782822,17,2088.000000,2.000000,0.000000,0.000000
126,5,point_plan,168,172.076404,150.301588,198.197447,14,1680.000000,0.000000,0.000000,0.000000
126,6,point_plan,156,142.271493,108.382598,174.685860,12,1620.000000,0.000000,1.000000,0.000000
126,0,stochastic_plan,156,142.692869,116.058641,162.020382,12,1620.000000,0.000000,1.000000,0.000000
126,1,stochastic_plan,181,175.257334,157.270105,203.836647,14,1884.000000,1.000000,1.000000,0.000000
126,2,stochastic_plan,183,188.287889,171.229685,219.371665,15,1872.000000,3.000000,0.000000,0.000000
126,3,stochastic_plan,189,195.818456,173.880646,223.676867,16,1920.000000,0.000000,0.000000,3.000000
126,4,stochastic_plan,206,201.257636,176.840916,228.782822,16,2148.000000,2.000000,1.000000,0.000000
126,5,stochastic_plan,168,172.076404,150.301588,198.197447,14,1680.000000,0.000000,0.000000,0.000000
126,6,stochastic_plan,156,142.271493,108.382598,174.685860,11,1680.000000,0.000000,2.000000,0.000000
126,0,perfect_information,156,142.692869,116.058641,162.020382,13,1560.000000,0.000000,0.000000,0.000000
126,1,perfect_information,181,175.257334,157.270105,203.836647,15,1824.000000,1.000000,0.000000,0.000000
126,2,perfect_information,183,188.287889,171.229685,219.371665,15,1872.000000,3.000000,0.000000,0.000000
126,3,perfect_information,189,195.818456,173.880646,223.676867,16,1920.000000,0.000000,0.000000,3.000000
126,4,perfect_information,206,201.257636,176.840916,228.782822,17,2088.000000,2.000000,0.000000,0.000000
126,5,perfect_information,168,172.076404,150.301588,198.197447,14,1680.000000,0.000000,0.000000,0.000000
126,6,perfect_information,156,142.271493,108.382598,174.685860,13,1560.000000,0.000000,0.000000,0.000000
127,0,buffer_rule,124,159.589852,132.955624,178.917365,16,1920.000000,0.000000,0.000000,68.000000
127,1,buffer_rule,141,184.555727,166.568498,213.135040,19,2280.000000,0.000000,0.000000,87.000000
127,2,buffer_rule,159,197.565405,180.507201,228.649181,19,2280.000000,0.000000,0.000000,69.000000
127,3,buffer_rule,201,206.346089,184.408279,234.204500,19,2280.000000,0.000000,0.000000,27.000000
127,4,buffer_rule,182,216.337230,191.920510,243.862416,21,2520.000000,0.000000,0.000000,70.000000
127,5,buffer_rule,156,184.748024,162.973208,210.869067,17,2040.000000,0.000000,0.000000,48.000000
127,6,buffer_rule,102,158.737337,124.848442,191.151704,16,1920.000000,0.000000,0.000000,90.000000
127,0,point_plan,124,159.589852,132.955624,178.917365,13,1560.000000,0.000000,0.000000,32.000000
127,1,point_plan,141,184.555727,166.568498,213.135040,15,1800.000000,0.000000,0.000000,39.000000
127,2,point_plan,159,197.565405,180.507201,228.649181,17,2040.000000,0.000000,0.000000,45.000000
127,3,point_plan,201,206.346089,184.408279,234.204500,17,2040.000000,0.000000,0.000000,3.000000
127,4,point_plan,182,216.337230,191.920510,243.862416,18,2160.000000,0.000000,0.000000,34.000000
127,5,point_plan,156,184.748024,162.973208,210.869067,15,1800.000000,0.000000,0.000000,24.000000
127,6,point_plan,102,158.737337,124.848442,191.151704,13,1560.000000,0.000000,0.000000,54.000000
127,0,stochastic_plan,124,159.589852,132.955624,178.917365,13,1560.000000,0.000000,0.000000,32.000000
127,1,stochastic_plan,141,184.555727,166.568498,213.135040,15,1800.000000,0.000000,0.000000,39.000000
127,2,stochastic_plan,159,197.565405,180.507201,228.649181,16,1920.000000,0.000000,0.000000,33.000000
127,3,stochastic_plan,201,206.346089,184.408279,234.204500,17,2040.000000,0.000000,0.000000,3.000000
127,4,stochastic_plan,182,216.337230,191.920510,243.862416,18,2160.000000,0.000000,0.000000,34.000000
127,5,stochastic_plan,156,184.748024,162.973208,210.869067,15,1800.000000,0.000000,0.000000,24.000000
127,6,stochastic_plan,102,158.737337,124.848442,191.151704,13,1560.000000,0.000000,0.000000,54.000000
127,0,perfect_information,124,159.589852,132.955624,178.917365,10,1296.000000,4.000000,0.000000,0.000000
127,1,perfect_information,141,184.555727,166.568498,213.135040,12,1440.000000,0.000000,0.000000,3.000000
127,2,perfect_information,159,197.565405,180.507201,228.649181,13,1632.000000,3.000000,0.000000,0.000000
127,3,perfect_information,201,206.346089,184.408279,234.204500,17,2040.000000,0.000000,0.000000,3.000000
127,4,perfect_information,182,216.337230,191.920510,243.862416,15,1848.000000,2.000000,0.000000,0.000000
127,5,perfect_information,156,184.748024,162.973208,210.869067,13,1560.000000,0.000000,0.000000,0.000000
127,6,perfect_information,102,158.737337,124.848442,191.151704,9,1080.000000,0.000000,0.000000,6.000000
128,0,buffer_rule,131,137.845903,110.395359,157.173416,13,1560.000000,0.000000,0.000000,25.000000
128,1,buffer_rule,174,161.977875,137.897396,190.557188,15,1800.000000,0.000000,0.000000,6.000000
128,2,buffer_rule,151,177.401653,159.845482,208.485429,16,1920.000000,0.000000,0.000000,41.000000
128,3,buffer_rule,196,192.019173,170.081363,219.877584,20,2400.000000,0.000000,0.000000,44.000000
128,4,buffer_rule,226,196.163576,170.110057,223.688762,19,2280.000000,0.000000,0.000000,2.000000
128,5,buffer_rule,166,166.597064,142.076274,192.718107,15,1800.000000,0.000000,0.000000,14.000000
128,6,buffer_rule,119,133.328528,97.307236,165.742895,11,1320.000000,0.000000,0.000000,13.000000
128,0,point_plan,131,137.845903,110.395359,157.173416,12,1440.000000,0.000000,0.000000,13.000000
128,1,point_plan,174,161.977875,137.897396,190.557188,14,1824.000000,6.000000,0.000000,0.000000
128,2,point_plan,151,177.401653,159.845482,208.485429,15,1800.000000,0.000000,0.000000,29.000000
128,3,point_plan,196,192.019173,170.081363,219.877584,16,2016.000000,4.000000,0.000000,0.000000
128,4,point_plan,226,196.163576,170.110057,223.688762,16,2460.000000,0.000000,3.000000,2.000000
128,5,point_plan,166,166.597064,142.076274,192.718107,14,1680.000000,0.000000,0.000000,2.000000
128,6,point_plan,119,133.328528,97.307236,165.742895,11,1320.000000,0.000000,0.000000,13.000000
128,0,stochastic_plan,131,137.845903,110.395359,157.173416,11,1320.000000,0.000000,0.000000,1.000000
128,1,stochastic_plan,174,161.977875,137.897396,190.557188,13,1884.000000,6.000000,1.000000,0.000000
128,2,stochastic_plan,151,177.401653,159.845482,208.485429,14,1680.000000,0.000000,0.000000,17.000000
128,3,stochastic_plan,196,192.019173,170.081363,219.877584,16,2016.000000,4.000000,0.000000,0.000000
128,4,stochastic_plan,226,196.163576,170.110057,223.688762,16,2460.000000,0.000000,3.000000,2.000000
128,5,stochastic_plan,166,166.597064,142.076274,192.718107,14,1680.000000,0.000000,0.000000,2.000000
128,6,stochastic_plan,119,133.328528,97.307236,165.742895,10,1200.000000,0.000000,0.000000,1.000000
128,0,perfect_information,131,137.845903,110.395359,157.173416,11,1320.000000,0.000000,0.000000,1.000000
128,1,perfect_information,174,161.977875,137.897396,190.557188,15,1800.000000,0.000000,0.000000,6.000000
128,2,perfect_information,151,177.401653,159.845482,208.485429,13,1560.000000,0.000000,0.000000,5.000000
128,3,perfect_information,196,192.019173,170.081363,219.877584,16,2016.000000,4.000000,0.000000,0.000000
128,4,perfect_information,226,196.163576,170.110057,223.688762,18,2340.000000,0.000000,1.000000,2.000000
128,5,perfect_information,166,166.597064,142.076274,192.718107,14,1680.000000,0.000000,0.000000,2.000000
128,6,perfect_information,119,133.328528,97.307236,165.742895,10,1200.000000,0.000000,0.000000,1.000000
129,0,buffer_rule,211,144.351902,116.901358,163.679415,14,2388.000000,7.000000,3.000000,0.000000
129,1,buffer_rule,176,172.875122,148.794643,201.454435,18,2160.000000,0.000000,0.000000,40.000000
129,2,buffer_rule,229,180.437204,160.308316,211.520980,16,2484.000000,1.000000,3.000000,0.000000
129,3,buffer_rule,254,196.598847,174.661037,224.457258,20,2628.000000,2.000000,1.000000,0.000000
129,4,buffer_rule,249,208.833051,182.779532,238.464628,21,2520.000000,0.000000,0.000000,3.000000
129,5,buffer_rule,221,173.103237,148.582448,199.224280,17,2340.000000,5.000000,1.000000,0.000000
129,6,buffer_rule,156,141.103304,105.082012,173.517671,13,1560.000000,0.000000,0.000000,0.000000
129,0,point_plan,211,144.351902,116.901358,163.679415,12,2508.000000,7.000000,5.000000,0.000000
129,1,point_plan,176,172.875122,148.794643,201.454435,14,1860.000000,0.000000,1.000000,4.000000
129,2,point_plan,229,180.437204,160.308316,211.520980,15,2544.000000,1.000000,4.000000,0.000000
129,3,point_plan,254,196.598847,174.661037,224.457258,16,2868.000000,2.000000,5.000000,0.000000
129,4,point_plan,249,208.833051,182.779532,238.464628,17,2760.000000,0.000000,4.000000,3.000000
129,5,point_plan,221,173.103237,148.582448,199.224280,15,2460.000000,5.000000,3.000000,0.000000
129,6,point_plan,156,141.103304,105.082012,173.517671,12,1620.000000,0.000000,1.000000,0.000000
129,0,stochastic_plan,211,144.351902,116.901358,163.679415,12,2508.000000,7.000000,5.000000,0.000000
129,1,stochastic_plan,176,172.875122,148.794643,201.454435,14,1860.000000,0.000000,1.000000,4.000000
129,2,stochastic_plan,229,180.437204,160.308316,211.520980,15,2544.000000,1.000000,4.000000,0.000000
129,3,stochastic_plan,254,196.598847,174.661037,224.457258,16,2868.000000,2.000000,5.000000,0.000000
129,4,stochastic_plan,249,208.833051,182.779532,238.464628,17,2760.000000,0.000000,4.000000,3.000000
129,5,stochastic_plan,221,173.103237,148.582448,199.224280,14,2520.000000,5.000000,4.000000,0.000000
129,6,stochastic_plan,156,141.103304,105.082012,173.517671,11,1680.000000,0.000000,2.000000,0.000000
129,0,perfect_information,211,144.351902,116.901358,163.679415,18,2160.000000,0.000000,0.000000,5.000000
129,1,perfect_information,176,172.875122,148.794643,201.454435,15,1800.000000,0.000000,0.000000,4.000000
129,2,perfect_information,229,180.437204,160.308316,211.520980,19,2304.000000,1.000000,0.000000,0.000000
129,3,perfect_information,254,196.598847,174.661037,224.457258,21,2568.000000,2.000000,0.000000,0.000000
129,4,perfect_information,249,208.833051,182.779532,238.464628,21,2520.000000,0.000000,0.000000,3.000000
129,5,perfect_information,221,173.103237,148.582448,199.224280,17,2340.000000,5.000000,1.000000,0.000000
129,6,perfect_information,156,141.103304,105.082012,173.517671,13,1560.000000,0.000000,0.000000,0.000000
130,0,buffer_rule,171,181.977336,154.526792,202.491520,20,2400.000000,0.000000,0.000000,69.000000
130,1,buffer_rule,199,196.199138,172.118659,224.778451,16,2088.000000,7.000000,0.000000,0.000000
130,2,buffer_rule,217,217.185939,197.057051,248.601610,20,2400.000000,0.000000,0.000000,23.000000
130,3,buffer_rule,244,230.193836,208.256026,258.879496,23,2760.000000,0.000000,0.000000,32.000000
130,4,buffer_rule,266,236.994411,210.940892,269.550348,22,2688.000000,2.000000,0.000000,0.000000
130,5,buffer_rule,210,206.113200,181.592410,232.401339,19,2280.000000,0.000000,0.000000,18.000000
130,6,buffer_rule,195,171.205749,135.184457,203.620116,15,2052.000000,3.000000,1.000000,0.000000
130,0,point_plan,171,181.977336,154.526792,202.491520,15,1800.000000,0.000000,0.000000,9.000000
130,1,point_plan,199,196.199138,172.118659,224.778451,16,2088.000000,7.000000,0.000000,0.000000
130,2,point_plan,217,217.185939,197.057051,248.601610,18,2184.000000,1.000000,0.000000,0.000000
130,3,point_plan,244,230.193836,208.256026,258.879496,19,2556.000000,4.000000,1.000000,0.000000
130,4,point_plan,266,236.994411,210.940892,269.550348,20,2808.000000,2.000000,2.000000,0.000000
130,5,point_plan,210,206.113200,181.592410,232.401339,17,2184.000000,6.000000,0.000000,0.000000
130,6,point_plan,195,171.205749,135.184457,203.620116,14,2112.000000,3.000000,2.000000,0.000000
130,0,stochastic_plan,171,181.977336,154.526792,202.491520,15,1800.000000,0.000000,0.000000,9.000000
130,1,stochastic_plan,199,196.199138,172.118659,224.778451,16,2088.000000,7.000000,0.000000,0.000000
130,2,stochastic_plan,217,217.185939,197.057051,248.601610,18,2184.000000,1.000000,0.000000,0.000000
130,3,stochastic_plan,244,230.193836,208.256026,258.879496,19,2556.000000,4.000000,1.000000,0.000000
130,4,stochastic_plan,266,236.994411,210.940892,269.550348,19,2868.000000,2.000000,3.000000,0.000000
130,5,stochastic_plan,210,206.113200,181.592410,232.401339,17,2184.000000,6.000000,0.000000,0.000000
130,6,stochastic_plan,195,171.205749,135.184457,203.620116,14,2112.000000,3.000000,2.000000,0.000000
130,0,perfect_information,171,181.977336,154.526792,202.491520,14,1752.000000,3.000000,0.000000,0.000000
130,1,perfect_information,199,196.199138,172.118659,224.778451,17,2040.000000,0.000000,0.000000,5.000000
130,2,perfect_information,217,217.185939,197.057051,248.601610,18,2184.000000,1.000000,0.000000,0.000000
130,3,perfect_information,244,230.193836,208.256026,258.879496,20,2496.000000,4.000000,0.000000,0.000000
130,4,perfect_information,266,236.994411,210.940892,269.550348,22,2688.000000,2.000000,0.000000,0.000000
130,5,perfect_information,210,206.113200,181.592410,232.401339,18,2160.000000,0.000000,0.000000,6.000000
130,6,perfect_information,195,171.205749,135.184457,203.620116,16,1992.000000,3.000000,0.000000,0.000000
131,0,buffer_rule,169,175.955405,148.504861,196.469589,16,1920.000000,0.000000,0.000000,23.000000
131,1,buffer_rule,185,200.871540,176.791061,229.450853,18,2160.000000,0.000000,0.000000,31.000000
131,2,buffer_rule,223,216.177912,196.049024,247.593583,20,2400.000000,0.000000,0.000000,17.000000
131,3,buffer_rule,234,229.294098,207.356288,257.152509,22,2640.000000,0.000000,0.000000,30.000000
131,4,buffer_rule,214,240.829537,214.776018,273.385474,23,2760.000000,0.000000,0.000000,62.000000
131,5,buffer_rule,186,205.201886,180.681096,231.490025,19,2280.000000,0.000000,0.000000,42.000000
131,6,buffer_rule,161,178.781387,142.760095,211.195754,17,2040.000000,0.000000,0.000000,43.000000
131,0,point_plan,169,175.955405,148.504861,196.469589,15,1800.000000,0.000000,0.000000,11.000000
131,1,point_plan,185,200.871540,176.791061,229.450853,17,2040.000000,0.000000,0.000000,19.000000
131,2,point_plan,223,216.177912,196.049024,247.593583,18,2328.000000,7.000000,0.000000,0.000000
131,3,point_plan,234,229.294098,207.356288,257.152509,19,2424.000000,6.000000,0.000000,0.000000
131,4,point_plan,214,240.829537,214.776018,273.385474,20,2400.000000,0.000000,0.000000,26.000000
131,5,point_plan,186,205.201886,180.681096,231.490025,17,2040.000000,0.000000,0.000000,18.000000
131,6,point_plan,161,178.781387,142.760095,211.195754,15,1800.000000,0.000000,0.000000,19.000000
131,0,stochastic_plan,169,175.955405,148.504861,196.469589,14,1704.000000,1.000000,0.000000,0.000000
131,1,stochastic_plan,185,200.871540,176.791061,229.450853,16,1920.000000,0.000000,0.000000,7.000000
131,2,stochastic_plan,223,216.177912,196.049024,247.593583,18,2328.000000,7.000000,0.000000,0.000000
131,3,stochastic_plan,234,229.294098,207.356288,257.152509,19,2424.000000,6.000000,0.000000,0.000000
131,4,stochastic_plan,214,240.829537,214.776018,273.385474,20,2400.000000,0.000000,0.000000,26.000000
131,5,stochastic_plan,186,205.201886,180.681096,231.490025,17,2040.000000,0.000000,0.000000,18.000000
131,6,stochastic_plan,161,178.781387,142.760095,211.195754,14,1680.000000,0.000000,0.000000,7.000000
131,0,perfect_information,169,175.955405,148.504861,196.469589,14,1704.000000,1.000000,0.000000,0.000000
131,1,perfect_information,185,200.871540,176.791061,229.450853,15,1920.000000,5.000000,0.000000,0.000000
131,2,perfect_information,223,216.177912,196.049024,247.593583,19,2280.000000,0.000000,0.000000,5.000000
131,3,perfect_information,234,229.294098,207.356288,257.152509,20,2400.000000,0.000000,0.000000,6.000000
131,4,perfect_information,214,240.829537,214.776018,273.385474,18,2160.000000,0.000000,0.000000,2.000000
131,5,perfect_information,186,205.201886,180.681096,231.490025,16,1920.000000,0.000000,0.000000,6.000000
131,6,perfect_information,161,178.781387,142.760095,211.195754,13,1680.000000,5.000000,0.000000,0.000000
132,0,buffer_rule,163,166.327892,138.877348,186.842076,17,2040.000000,0.000000,0.000000,41.000000
132,1,buffer_rule,131,189.247852,165.167373,217.827165,18,2160.000000,0.000000,0.000000,85.000000
132,2,buffer_rule,162,208.028589,187.899701,239.444260,22,2640.000000,0.000000,0.000000,102.000000
132,3,buffer_rule,237,218.760499,196.822689,246.618910,23,2760.000000,0.000000,0.000000,39.000000
132,4,buffer_rule,201,222.992368,196.432860,252.745708,21,2520.000000,0.000000,0.000000,51.000000
132,5,buffer_rule,168,192.077276,167.556487,218.365415,18,2160.000000,0.000000,0.000000,48.000000
132,6,buffer_rule,110,163.743077,127.721785,196.157444,16,1920.000000,0.000000,0.000000,82.000000
132,0,point_plan,163,166.327892,138.877348,186.842076,14,1680.000000,0.000000,0.000000,5.000000
132,1,point_plan,131,189.247852,165.167373,217.827165,16,1920.000000,0.000000,0.000000,61.000000
132,2,point_plan,162,208.028589,187.899701,239.444260,17,2040.000000,0.000000,0.000000,42.000000
132,3,point_plan,237,218.760499,196.822689,246.618910,18,2520.000000,0.000000,2.000000,3.000000
132,4,point_plan,201,222.992368,196.432860,252.745708,19,2280.000000,0.000000,0.000000,27.000000
132,5,point_plan,168,192.077276,167.556487,218.365415,16,1920.000000,0.000000,0.000000,24.000000
132,6,point_plan,110,163.743077,127.721785,196.157444,14,1680.000000,0.000000,0.000000,58.000000
132,0,stochastic_plan,163,166.327892,138.877348,186.842076,14,1680.000000,0.000000,0.000000,5.000000
132,1,stochastic_plan,131,189.247852,165.167373,217.827165,15,1800.000000,0.000000,0.000000,49.000000
132,2,stochastic_plan,162,208.028589,187.899701,239.444260,17,2040.000000,0.000000,0.000000,42.000000
132,3,stochastic_plan,237,218.760499,196.822689,246.618910,18,2520.000000,0.000000,2.000000,3.000000
132,4,stochastic_plan,201,222.992368,196.432860,252.745708,18,2160.000000,0.000000,0.000000,15.000000
132,5,stochastic_plan,168,192.077276,167.556487,218.365415,16,1920.000000,0.000000,0.000000,24.000000
132,6,stochastic_plan,110,163.743077,127.721785,196.157444,13,1560.000000,0.000000,0.000000,46.000000
132,0,perfect_information,163,166.327892,138.877348,186.842076,14,1680.000000,0.000000,0.000000,5.000000
132,1,perfect_information,131,189.247852,165.167373,217.827165,11,1320.000000,0.000000,0.000000,1.000000
132,2,perfect_information,162,208.028589,187.899701,239.444260,14,1680.000000,0.000000,0.000000,6.000000
132,3,perfect_information,237,218.760499,196.822689,246.618910,18,2520.000000,0.000000,2.000000,3.000000
132,4,perfect_information,201,222.992368,196.432860,252.745708,17,2040.000000,0.000000,0.000000,3.000000
132,5,perfect_information,168,192.077276,167.556487,218.365415,13,1740.000000,0.000000,1.000000,0.000000
132,6,perfect_information,110,163.743077,127.721785,196.157444,9,1128.000000,2.000000,0.000000,0.000000
133,0,buffer_rule,165,151.380582,123.930038,170.708095,17,2040.000000,0.000000,0.000000,39.000000
133,1,buffer_rule,157,165.738436,137.398824,192.086997,14,1680.000000,0.000000,0.000000,11.000000
133,2,buffer_rule,185,184.058814,160.686637,215.351949,18,2160.000000,0.000000,0.000000,31.000000
133,3,buffer_rule,199,205.833041,183.895231,228.909098,22,2640.000000,0.000000,0.000000,65.000000
133,4,buffer_rule,247,206.771181,180.211673,235.655006,20,2568.000000,7.000000,0.000000,0.000000
133,5,buffer_rule,158,175.142068,150.399980,201.263111,16,1920.000000,0.000000,0.000000,34.000000
133,6,buffer_rule,128,141.272304,98.968423,173.236394,12,1440.000000,0.000000,0.000000,16.000000
133,0,point_plan,165,151.380582,123.930038,170.708095,13,1740.000000,0.000000,1.000000,3.000000
133,1,point_plan,157,165.738436,137.398824,192.086997,14,1680.000000,0.000000,0.000000,11.000000
133,2,point_plan,185,184.058814,160.686637,215.351949,15,1920.000000,5.000000,0.000000,0.000000
133,3,point_plan,199,205.833041,183.895231,228.909098,17,2040.000000,0.000000,0.000000,5.000000
133,4,point_plan,247,206.771181,180.211673,235.655006,17,2748.000000,7.000000,3.000000,0.000000
133,5,point_plan,158,175.142068,150.399980,201.263111,15,1800.000000,0.000000,0.000000,22.000000
133,6,point_plan,128,141.272304,98.968423,173.236394,12,1440.000000,0.000000,0.000000,16.000000
133,0,stochastic_plan,165,151.380582,123.930038,170.708095,12,1800.000000,0.000000,2.000000,3.000000
133,1,stochastic_plan,157,165.738436,137.398824,192.086997,13,1584.000000,1.000000,0.000000,0.000000
133,2,stochastic_plan,185,184.058814,160.686637,215.351949,15,1920.000000,5.000000,0.000000,0.000000
133,3,stochastic_plan,199,205.833041,183.895231,228.909098,17,2040.000000,0.000000,0.000000,5.000000
133,4,stochastic_plan,247,206.771181,180.211673,235.655006,17,2748.000000,7.000000,3.000000,0.000000
133,5,stochastic_plan,158,175.142068,150.399980,201.263111,14,1680.000000,0.000000,0.000000,10.000000
133,6,stochastic_plan,128,141.272304,98.968423,173.236394,11,1320.000000,0.000000,0.000000,4.000000
133,0,perfect_information,165,151.380582,123.930038,170.708095,14,1680.000000,0.000000,0.000000,3.000000
133,1,perfect_information,157,165.738436,137.398824,192.086997,13,1584.000000,1.000000,0.000000,0.000000
133,2,perfect_information,185,184.058814,160.686637,215.351949,15,1920.000000,5.000000,0.000000,0.000000
133,3,perfect_information,199,205.833041,183.895231,228.909098,17,2040.000000,0.000000,0.000000,5.000000
133,4,perfect_information,247,206.771181,180.211673,235.655006,17,2748.000000,7.000000,3.000000,0.000000
133,5,perfect_information,158,175.142068,150.399980,201.263111,13,1608.000000,2.000000,0.000000,0.000000
133,6,perfect_information,128,141.272304,98.968423,173.236394,11,1320.000000,0.000000,0.000000,4.000000
134,0,buffer_rule,160,155.573835,128.123291,174.901348,17,2040.000000,0.000000,0.000000,44.000000
134,1,buffer_rule,161,173.232521,144.892909,199.581082,16,1920.000000,0.000000,0.000000,31.000000
134,2,buffer_rule,187,191.251058,167.878881,222.544193,19,2280.000000,0.000000,0.000000,41.000000
134,3,buffer_rule,220,203.319389,181.381579,226.395446,20,2400.000000,0.000000,0.000000,20.000000
134,4,buffer_rule,224,218.451454,191.891946,248.204794,22,2640.000000,0.000000,0.000000,40.000000
134,5,buffer_rule,169,176.657514,151.915426,202.778557,18,2160.000000,0.000000,0.000000,47.000000
134,6,buffer_rule,199,147.533400,111.512108,179.497490,14,2208.000000,7.000000,2.000000,0.000000
134,0,point_plan,160,155.573835,128.123291,174.901348,13,1656.000000,4.000000,0.000000,0.000000
134,1,point_plan,161,173.232521,144.892909,199.581082,15,1800.000000,0.000000,0.000000,19.000000
134,2,point_plan,187,191.251058,167.878881,222.544193,16,1920.000000,0.000000,0.000000,5.000000
134,3,point_plan,220,203.319389,181.381579,226.395446,17,2316.000000,4.000000,1.000000,0.000000
134,4,point_plan,224,218.451454,191.891946,248.204794,18,2340.000000,0.000000,1.000000,4.000000
134,5,point_plan,169,176.657514,151.915426,202.778557,15,1800.000000,0.000000,0.000000,11.000000
134,6,point_plan,199,147.533400,111.512108,179.497490,12,2328.000000,7.000000,4.000000,0.000000
134,0,stochastic_plan,160,155.573835,128.123291,174.901348,13,1656.000000,4.000000,0.000000,0.000000
134,1,stochastic_plan,161,173.232521,144.892909,199.581082,14,1680.000000,0.000000,0.000000,7.000000
134,2,stochastic_plan,187,191.251058,167.878881,222.544193,16,1920.000000,0.000000,0.000000,5.000000
134,3,stochastic_plan,220,203.319389,181.381579,226.395446,17,2316.000000,4.000000,1.000000,0.000000
134,4,stochastic_plan,224,218.451454,191.891946,248.204794,18,2340.000000,0.000000,1.000000,4.000000
134,5,stochastic_plan,169,176.657514,151.915426,202.778557,14,1704.000000,1.000000,0.000000,0.000000
134,6,stochastic_plan,199,147.533400,111.512108,179.497490,11,2388.000000,7.000000,5.000000,0.000000
134,0,perfect_information,160,155.573835,128.123291,174.901348,13,1656.000000,4.000000,0.000000,0.000000
134,1,perfect_information,161,173.232521,144.892909,199.581082,13,1680.000000,5.000000,0.000000,0.000000
134,2,perfect_information,187,191.251058,167.878881,222.544193,16,1920.000000,0.000000,0.000000,5.000000
134,3,perfect_information,220,203.319389,181.381579,226.395446,18,2256.000000,4.000000,0.000000,0.000000
134,4,perfect_information,224,218.451454,191.891946,248.204794,18,2340.000000,0.000000,1.000000,4.000000
134,5,perfect_information,169,176.657514,151.915426,202.778557,14,1704.000000,1.000000,0.000000,0.000000
134,6,perfect_information,199,147.533400,111.512108,179.497490,17,2040.000000,0.000000,0.000000,5.000000
135,0,buffer_rule,208,159.685750,132.235206,179.013263,16,2196.000000,4.000000,1.000000,0.000000
135,1,buffer_rule,228,178.591689,150.252077,204.940250,17,2400.000000,0.000000,2.000000,0.000000
135,2,buffer_rule,227,196.517323,173.145146,227.810458,19,2280.000000,0.000000,0.000000,1.000000
135,3,buffer_rule,225,211.880285,189.942475,234.956342,22,2640.000000,0.000000,0.000000,39.000000
135,4,buffer_rule,305,219.587628,193.028120,249.340968,22,3300.000000,5.000000,3.000000,0.000000
135,5,buffer_rule,216,183.252060,158.509972,209.373103,18,2160.000000,0.000000,0.000000,0.000000
135,6,buffer_rule,174,164.779582,128.758290,198.606772,20,2400.000000,0.000000,0.000000,66.000000
135,0,point_plan,208,159.685750,132.235206,179.013263,13,2376.000000,4.000000,4.000000,0.000000
135,1,point_plan,228,178.591689,150.252077,204.940250,15,2520.000000,0.000000,4.000000,0.000000
135,2,point_plan,227,196.517323,173.145146,227.810458,16,2460.000000,0.000000,3.000000,1.000000
135,3,point_plan,225,211.880285,189.942475,234.956342,18,2340.000000,0.000000,1.000000,3.000000
135,4,point_plan,305,219.587628,193.028120,249.340968,18,3756.000000,29.000000,5.000000,0.000000
135,5,point_plan,216,183.252060,158.509972,209.373103,15,2340.000000,0.000000,3.000000,0.000000
135,6,point_plan,174,164.779582,128.758290,198.606772,14,1824.000000,6.000000,0.000000,0.000000
135,0,stochastic_plan,208,159.685750,132.235206,179.013263,13,2376.000000,4.000000,4.000000,0.000000
135,1,stochastic_plan,228,178.591689,150.252077,204.940250,14,2580.000000,0.000000,5.000000,0.000000
135,2,stochastic_plan,227,196.517323,173.145146,227.810458,16,2460.000000,0.000000,3.000000,1.000000
135,3,stochastic_plan,225,211.880285,189.942475,234.956342,18,2340.000000,0.000000,1.000000,3.000000
135,4,stochastic_plan,305,219.587628,193.028120,249.340968,18,3756.000000,29.000000,5.000000,0.000000
135,5,stochastic_plan,216,183.252060,158.509972,209.373103,15,2340.000000,0.000000,3.000000,0.000000
135,6,stochastic_plan,174,164.779582,128.758290,198.606772,13,1884.000000,6.000000,1.000000,0.000000
135,0,perfect_information,208,159.685750,132.235206,179.013263,17,2136.000000,4.000000,0.000000,0.000000
135,1,perfect_information,228,178.591689,150.252077,204.940250,19,2280.000000,0.000000,0.000000,0.000000
135,2,perfect_information,227,196.517323,173.145146,227.810458,19,2280.000000,0.000000,0.000000,1.000000
135,3,perfect_information,225,211.880285,189.942475,234.956342,19,2280.000000,0.000000,0.000000,3.000000
135,4,perfect_information,305,219.587628,193.028120,249.340968,22,3300.000000,5.000000,3.000000,0.000000
135,5,perfect_information,216,183.252060,158.509972,209.373103,18,2160.000000,0.000000,0.000000,0.000000
135,6,perfect_information,174,164.779582,128.758290,198.606772,15,1800.000000,0.000000,0.000000,6.000000
136,0,buffer_rule,171,185.504565,158.054021,206.018749,17,2040.000000,0.000000,0.000000,33.000000
136,1,buffer_rule,222,207.927263,179.587651,236.506576,19,2280.000000,0.000000,0.000000,6.000000
136,2,buffer_rule,228,221.029684,197.657507,252.810754,19,2280.000000,0.000000,0.000000,0.000000
136,3,buffer_rule,274,230.006242,208.068432,253.082299,20,2940.000000,0.000000,3.000000,2.000000
136,4,buffer_rule,252,251.167733,224.608225,290.301629,24,2880.000000,0.000000,0.000000,36.000000
136,5,buffer_rule,224,209.071799,184.329711,235.359938,20,2400.000000,0.000000,0.000000,16.000000
136,6,buffer_rule,157,178.578819,142.557527,212.406009,16,1920.000000,0.000000,0.000000,35.000000
136,0,point_plan,171,185.504565,158.054021,206.018749,16,1920.000000,0.000000,0.000000,21.000000
136,1,point_plan,222,207.927263,179.587651,236.506576,17,2364.000000,6.000000,1.000000,0.000000
136,2,point_plan,228,221.029684,197.657507,252.810754,19,2280.000000,0.000000,0.000000,0.000000
136,3,point_plan,274,230.006242,208.068432,253.082299,19,3000.000000,0.000000,4.000000,2.000000
136,4,point_plan,252,251.167733,224.608225,290.301629,21,2520.000000,0.000000,0.000000,0.000000
136,5,point_plan,224,209.071799,184.329711,235.359938,18,2340.000000,0.000000,1.000000,4.000000
136,6,point_plan,157,178.578819,142.557527,212.406009,15,1800.000000,0.000000,0.000000,23.000000
136,0,stochastic_plan,171,185.504565,158.054021,206.018749,15,1800.000000,0.000000,0.000000,9.000000
136,1,stochastic_plan,222,207.927263,179.587651,236.506576,17,2364.000000,6.000000,1.000000,0.000000
136,2,stochastic_plan,228,221.029684,197.657507,252.810754,18,2340.000000,0.000000,1.000000,0.000000
136,3,stochastic_plan,274,230.006242,208.068432,253.082299,19,3000.000000,0.000000,4.000000,2.000000
136,4,stochastic_plan,252,251.167733,224.608225,290.301629,21,2520.000000,0.000000,0.000000,0.000000
136,5,stochastic_plan,224,209.071799,184.329711,235.359938,17,2400.000000,0.000000,2.000000,4.000000
136,6,stochastic_plan,157,178.578819,142.557527,212.406009,14,1680.000000,0.000000,0.000000,11.000000
136,0,perfect_information,171,185.504565,158.054021,206.018749,14,1752.000000,3.000000,0.000000,0.000000
136,1,perfect_information,222,207.927263,179.587651,236.506576,18,2304.000000,6.000000,0.000000,0.000000
136,2,perfect_information,228,221.029684,197.657507,252.810754,19,2280.000000,0.000000,0.000000,0.000000
136,3,perfect_information,274,230.006242,208.068432,253.082299,23,2760.000000,0.000000,0.000000,2.000000
136,4,perfect_information,252,251.167733,224.608225,290.301629,21,2520.000000,0.000000,0.000000,0.000000
136,5,perfect_information,224,209.071799,184.329711,235.359938,17,2400.000000,0.000000,2.000000,4.000000
136,6,perfect_information,157,178.578819,142.557527,212.406009,13,1584.000000,1.000000,0.000000,0.000000
137,0,buffer_rule,141,176.567998,149.117454,197.082182,15,1800.000000,0.000000,0.000000,39.000000
137,1,buffer_rule,176,204.663364,176.323752,233.242677,19,2280.000000,0.000000,0.000000,52.000000
137,2,buffer_rule,203,218.792891,195.420714,250.573961,20,2400.000000,0.000000,0.000000,37.000000
137,3,buffer_rule,194,235.735614,213.797804,263.594025,24,2880.000000,0.000000,0.000000,94.000000
137,4,buffer_rule,191,239.894216,213.334708,279.028112,23,2760.000000,0.000000,0.000000,85.000000
137,5,buffer_rule,155,208.034570,183.292482,234.322709,19,2280.000000,0.000000,0.000000,73.000000
137,6,buffer_rule,128,173.386345,137.365053,207.213535,15,1800.000000,0.000000,0.000000,52.000000
137,0,point_plan,141,176.567998,149.117454,197.082182,15,1800.000000,0.000000,0.000000,39.000000
137,1,point_plan,176,204.663364,176.323752,233.242677,17,2040.000000,0.000000,0.000000,28.000000
137,2,point_plan,203,218.792891,195.420714,250.573961,18,2160.000000,0.000000,0.000000,13.000000
137,3,point_plan,194,235.735614,213.797804,263.594025,20,2400.000000,0.000000,0.000000,46.000000
137,4,point_plan,191,239.894216,213.334708,279.028112,20,2400.000000,0.000000,0.000000,49.000000
137,5,point_plan,155,208.034570,183.292482,234.322709,17,2040.000000,0.000000,0.000000,49.000000
137,6,point_plan,128,173.386345,137.365053,207.213535,15,1800.000000,0.000000,0.000000,52.000000
137,0,stochastic_plan,141,176.567998,149.117454,197.082182,14,1680.000000,0.000000,0.000000,27.000000
137,1,stochastic_plan,176,204.663364,176.323752,233.242677,17,2040.000000,0.000000,0.000000,28.000000
137,2,stochastic_plan,203,218.792891,195.420714,250.573961,18,2160.000000,0.000000,0.000000,13.000000
137,3,stochastic_plan,194,235.735614,213.797804,263.594025,20,2400.000000,0.000000,0.000000,46.000000
137,4,stochastic_plan,191,239.894216,213.334708,279.028112,20,2400.000000,0.000000,0.000000,49.000000
137,5,stochastic_plan,155,208.034570,183.292482,234.322709,17,2040.000000,0.000000,0.000000,49.000000
137,6,stochastic_plan,128,173.386345,137.365053,207.213535,14,1680.000000,0.000000,0.000000,40.000000
137,0,perfect_information,141,176.567998,149.117454,197.082182,12,1440.000000,0.000000,0.000000,3.000000
137,1,perfect_information,176,204.663364,176.323752,233.242677,15,1800.000000,0.000000,0.000000,4.000000
137,2,perfect_information,203,218.792891,195.420714,250.573961,17,2040.000000,0.000000,0.000000,1.000000
137,3,perfect_information,194,235.735614,213.797804,263.594025,16,1968.000000,2.000000,0.000000,0.000000
137,4,perfect_information,191,239.894216,213.334708,279.028112,16,1920.000000,0.000000,0.000000,1.000000
137,5,perfect_information,155,208.034570,183.292482,234.322709,13,1560.000000,0.000000,0.000000,1.000000
137,6,perfect_information,128,173.386345,137.365053,207.213535,11,1320.000000,0.000000,0.000000,4.000000
138,0,buffer_rule,162,149.729060,118.515234,170.243244,15,1800.000000,0.000000,0.000000,18.000000
138,1,buffer_rule,136,175.340046,146.607610,203.919359,18,2160.000000,0.000000,0.000000,80.000000
138,2,buffer_rule,168,192.968749,169.596572,224.749819,21,2520.000000,0.000000,0.000000,84.000000
138,3,buffer_rule,207,200.987779,178.642975,228.846190,20,2400.000000,0.000000,0.000000,33.000000
138,4,buffer_rule,181,208.157511,181.351313,247.291407,20,2400.000000,0.000000,0.000000,59.000000
138,5,buffer_rule,191,174.970084,148.750900,201.258223,16,1920.000000,0.000000,0.000000,1.000000
138,6,buffer_rule,105,146.999831,102.527486,180.827021,13,1560.000000,0.000000,0.000000,51.000000
138,0,point_plan,162,149.729060,118.515234,170.243244,13,1704.000000,6.000000,0.000000,0.000000
138,1,point_plan,136,175.340046,146.607610,203.919359,15,1800.000000,0.000000,0.000000,44.000000
138,2,point_plan,168,192.968749,169.596572,224.749819,16,1920.000000,0.000000,0.000000,24.000000
138,3,point_plan,207,200.987779,178.642975,228.846190,17,2112.000000,3.000000,0.000000,0.000000
138,4,point_plan,181,208.157511,181.351313,247.291407,17,2040.000000,0.000000,0.000000,23.000000
138,5,point_plan,191,174.970084,148.750900,201.258223,15,1980.000000,0.000000,1.000000,1.000000
138,6,point_plan,105,146.999831,102.527486,180.827021,12,1440.000000,0.000000,0.000000,39.000000
138,0,stochastic_plan,162,149.729060,118.515234,170.243244,12,1764.000000,6.000000,1.000000,0.000000
138,1,stochastic_plan,136,175.340046,146.607610,203.919359,14,1680.000000,0.000000,0.000000,32.000000
138,2,stochastic_plan,168,192.968749,169.596572,224.749819,16,1920.000000,0.000000,0.000000,24.000000
138,3,stochastic_plan,207,200.987779,178.642975,228.846190,17,2112.000000,3.000000,0.000000,0.000000
138,4,stochastic_plan,181,208.157511,181.351313,247.291407,17,2040.000000,0.000000,0.000000,23.000000
138,5,stochastic_plan,191,174.970084,148.750900,201.258223,14,2040.000000,0.000000,2.000000,1.000000
138,6,stochastic_plan,105,146.999831,102.527486,180.827021,11,1320.000000,0.000000,0.000000,27.000000
138,0,perfect_information,162,149.729060,118.515234,170.243244,14,1680.000000,0.000000,0.000000,6.000000
138,1,perfect_information,136,175.340046,146.607610,203.919359,11,1416.000000,4.000000,0.000000,0.000000
138,2,perfect_information,168,192.968749,169.596572,224.749819,14,1680.000000,0.000000,0.000000,0.000000
138,3,perfect_information,207,200.987779,178.642975,228.846190,17,2112.000000,3.000000,0.000000,0.000000
138,4,perfect_information,181,208.157511,181.351313,247.291407,15,1824.000000,1.000000,0.000000,0.000000
138,5,perfect_information,191,174.970084,148.750900,201.258223,13,2100.000000,0.000000,3.000000,1.000000
138,6,perfect_information,105,146.999831,102.527486,180.827021,9,1080.000000,0.000000,0.000000,3.000000
139,0,buffer_rule,179,150.096183,118.882357,170.610367,17,2040.000000,0.000000,0.000000,25.000000
139,1,buffer_rule,137,165.542380,136.765912,194.121693,14,1680.000000,0.000000,0.000000,31.000000
139,2,buffer_rule,206,184.173778,159.331792,215.954848,17,2088.000000,2.000000,0.000000,0.000000
139,3,buffer_rule,206,200.106944,177.762140,227.965355,21,2520.000000,0.000000,0.000000,46.000000
139,4,buffer_rule,206,202.988121,175.863407,242.122017,19,2280.000000,0.000000,0.000000,22.000000
139,5,buffer_rule,178,178.089735,151.870551,204.377874,17,2040.000000,0.000000,0.000000,26.000000
139,6,buffer_rule,184,139.959950,94.912256,173.787140,13,2016.000000,4.000000,2.000000,0.000000
139,0,point_plan,179,150.096183,118.882357,170.610367,13,1920.000000,0.000000,2.000000,1.000000
139,1,point_plan,137,165.542380,136.765912,194.121693,14,1680.000000,0.000000,0.000000,31.000000
139,2,point_plan,206,184.173778,159.331792,215.954848,15,2208.000000,2.000000,2.000000,0.000000
139,3,point_plan,206,200.106944,177.762140,227.965355,17,2088.000000,2.000000,0.000000,0.000000
139,4,point_plan,206,202.988121,175.863407,242.122017,17,2088.000000,2.000000,0.000000,0.000000
139,5,point_plan,178,178.089735,151.870551,204.377874,15,1800.000000,0.000000,0.000000,2.000000
139,6,point_plan,184,139.959950,94.912256,173.787140,12,2076.000000,4.000000,3.000000,0.000000
139,0,stochastic_plan,179,150.096183,118.882357,170.610367,12,1980.000000,0.000000,3.000000,1.000000
139,1,stochastic_plan,137,165.542380,136.765912,194.121693,13,1560.000000,0.000000,0.000000,19.000000
139,2,stochastic_plan,206,184.173778,159.331792,215.954848,15,2208.000000,2.000000,2.000000,0.000000
139,3,stochastic_plan,206,200.106944,177.762140,227.965355,16,2148.000000,2.000000,1.000000,0.000000
139,4,stochastic_plan,206,202.988121,175.863407,242.122017,16,2148.000000,2.000000,1.000000,0.000000
139,5,stochastic_plan,178,178.089735,151.870551,204.377874,14,1860.000000,0.000000,1.000000,2.000000
139,6,stochastic_plan,184,139.959950,94.912256,173.787140,11,2136.000000,4.000000,4.000000,0.000000
139,0,perfect_information,179,150.096183,118.882357,170.610367,15,1800.000000,0.000000,0.000000,1.000000
139,1,perfect_information,137,165.542380,136.765912,194.121693,12,1440.000000,0.000000,0.000000,7.000000
139,2,perfect_information,206,184.173778,159.331792,215.954848,16,2148.000000,2.000000,1.000000,0.000000
139,3,perfect_information,206,200.106944,177.762140,227.965355,17,2088.000000,2.000000,0.000000,0.000000
139,4,perfect_information,206,202.988121,175.863407,242.122017,17,2088.000000,2.000000,0.000000,0.000000
139,5,perfect_information,178,178.089735,151.870551,204.377874,15,1800.000000,0.000000,0.000000,2.000000
139,6,perfect_information,184,139.959950,94.912256,173.787140,15,1896.000000,4.000000,0.000000,0.000000
140,0,buffer_rule,202,162.519070,131.305244,190.596061,18,2160.000000,0.000000,0.000000,14.000000
140,1,buffer_rule,239,175.119229,146.342761,203.201023,15,2700.000000,0.000000,5.000000,1.000000
140,2,buffer_rule,265,199.771976,174.929990,231.553046,19,2844.000000,1.000000,3.000000,0.000000
140,3,buffer_rule,258,209.559590,187.214786,237.418001,21,2664.000000,6.000000,0.000000,0.000000
140,4,buffer_rule,231,216.612133,189.487419,255.746029,21,2520.000000,0.000000,0.000000,21.000000
140,5,buffer_rule,206,185.673505,159.454321,211.961644,18,2160.000000,0.000000,0.000000,10.000000
140,6,buffer_rule,153,162.327979,117.280285,197.777797,19,2280.000000,0.000000,0.000000,75.000000
140,0,point_plan,202,162.519070,131.305244,190.596061,14,2220.000000,0.000000,3.000000,2.000000
140,1,point_plan,239,175.119229,146.342761,203.201023,15,2700.000000,0.000000,5.000000,1.000000
140,2,point_plan,265,199.771976,174.929990,231.553046,17,2964.000000,1.000000,5.000000,0.000000
140,3,point_plan,258,209.559590,187.214786,237.418001,18,2844.000000,6.000000,3.000000,0.000000
140,4,point_plan,231,216.612133,189.487419,255.746029,18,2412.000000,3.000000,1.000000,0.000000
140,5,point_plan,206,185.673505,159.454321,211.961644,16,2148.000000,2.000000,1.000000,0.000000
140,6,point_plan,153,162.327979,117.280285,197.777797,14,1680.000000,0.000000,0.000000,15.000000
140,0,stochastic_plan,202,162.519070,131.305244,190.596061,13,2280.000000,0.000000,4.000000,2.000000
140,1,stochastic_plan,239,175.119229,146.342761,203.201023,14,2844.000000,11.000000,5.000000,0.000000
140,2,stochastic_plan,265,199.771976,174.929990,231.553046,16,3132.000000,13.000000,5.000000,0.000000
140,3,stochastic_plan,258,209.559590,187.214786,237.418001,17,2904.000000,6.000000,4.000000,0.000000
140,4,stochastic_plan,231,216.612133,189.487419,255.746029,18,2412.000000,3.000000,1.000000,0.000000
140,5,stochastic_plan,206,185.673505,159.454321,211.961644,15,2208.000000,2.000000,2.000000,0.000000
140,6,stochastic_plan,153,162.327979,117.280285,197.777797,12,1620.000000,0.000000,1.000000,3.000000
140,0,perfect_information,202,162.519070,131.305244,190.596061,17,2040.000000,0.000000,0.000000,2.000000
140,1,perfect_information,239,175.119229,146.342761,203.201023,20,2400.000000,0.000000,0.000000,1.000000
140,2,perfect_information,265,199.771976,174.929990,231.553046,22,2664.000000,1.000000,0.000000,0.000000
140,3,perfect_information,258,209.559590,187.214786,237.418001,22,2640.000000,0.000000,0.000000,6.000000
140,4,perfect_information,231,216.612133,189.487419,255.746029,19,2352.000000,3.000000,0.000000,0.000000
140,5,perfect_information,206,185.673505,159.454321,211.961644,17,2088.000000,2.000000,0.000000,0.000000
140,6,perfect_information,153,162.327979,117.280285,197.777797,13,1560.000000,0.000000,0.000000,3.000000
141,0,buffer_rule,182,183.766894,152.553068,218.015771,18,2160.000000,0.000000,0.000000,34.000000
141,1,buffer_rule,208,208.799011,180.022543,242.053198,21,2520.000000,0.000000,0.000000,44.000000
141,2,buffer_rule,239,226.574607,201.732621,259.868217,24,2880.000000,0.000000,0.000000,49.000000
141,3,buffer_rule,225,235.241590,212.896786,268.595497,22,2640.000000,0.000000,0.000000,39.000000
141,4,buffer_rule,210,238.121558,210.996844,277.255454,20,2400.000000,0.000000,0.000000,30.000000
141,5,buffer_rule,192,207.567642,181.348458,233.855781,17,2040.000000,0.000000,0.000000,12.000000
141,6,buffer_rule,182,174.946107,129.898413,210.395925,13,1968.000000,2.000000,2.000000,0.000000
141,0,point_plan,182,183.766894,152.553068,218.015771,15,1848.000000,2.000000,0.000000,0.000000
141,1,point_plan,208,208.799011,180.022543,242.053198,17,2136.000000,4.000000,0.000000,0.000000
141,2,point_plan,239,226.574607,201.732621,259.868217,19,2460.000000,0.000000,1.000000,1.000000
141,3,point_plan,225,235.241590,212.896786,268.595497,20,2400.000000,0.000000,0.000000,15.000000
141,4,point_plan,210,238.121558,210.996844,277.255454,20,2400.000000,0.000000,0.000000,30.000000
141,5,point_plan,192,207.567642,181.348458,233.855781,17,2040.000000,0.000000,0.000000,12.000000
141,6,point_plan,182,174.946107,129.898413,210.395925,15,1848.000000,2.000000,0.000000,0.000000
141,0,stochastic_plan,182,183.766894,152.553068,218.015771,15,1848.000000,2.000000,0.000000,0.000000
141,1,stochastic_plan,208,208.799011,180.022543,242.053198,17,2136.000000,4.000000,0.000000,0.000000
141,2,stochastic_plan,239,226.574607,201.732621,259.868217,18,2520.000000,0.000000,2.000000,1.000000
141,3,stochastic_plan,225,235.241590,212.896786,268.595497,19,2280.000000,0.000000,0.000000,3.000000
141,4,stochastic_plan,210,238.121558,210.996844,277.255454,19,2280.000000,0.000000,0.000000,18.000000
141,5,stochastic_plan,192,207.567642,181.348458,233.855781,17,2040.000000,0.000000,0.000000,12.000000
141,6,stochastic_plan,182,174.946107,129.898413,210.395925,14,1908.000000,2.000000,1.000000,0.000000
141,0,perfect_information,182,183.766894,152.553068,218.015771,15,1848.000000,2.000000,0.000000,0.000000
141,1,perfect_information,208,208.799011,180.022543,242.053198,17,2136.000000,4.000000,0.000000,0.000000
141,2,perfect_information,239,226.574607,201.732621,259.868217,20,2400.000000,0.000000,0.000000,1.000000
141,3,perfect_information,225,235.241590,212.896786,268.595497,19,2280.000000,0.000000,0.000000,3.000000
141,4,perfect_information,210,238.121558,210.996844,277.255454,18,2160.000000,0.000000,0.000000,6.000000
141,5,perfect_information,192,207.567642,181.348458,233.855781,16,1920.000000,0.000000,0.000000,0.000000
141,6,perfect_information,182,174.946107,129.898413,210.395925,15,1848.000000,2.000000,0.000000,0.000000
142,0,buffer_rule,184,174.404256,143.238783,208.653133,18,2160.000000,0.000000,0.000000,32.000000
142,1,buffer_rule,183,197.673721,168.941285,230.927908,20,2400.000000,0.000000,0.000000,57.000000
142,2,buffer_rule,166,216.731364,191.889378,250.024975,22,2640.000000,0.000000,0.000000,98.000000
142,3,buffer_rule,244,223.811869,201.467065,257.165776,21,2520.000000,0.000000,0.000000,8.000000
142,4,buffer_rule,245,228.138141,200.112988,267.272037,19,2580.000000,5.000000,1.000000,0.000000
142,5,buffer_rule,260,198.991200,174.249112,225.279339,18,2880.000000,0.000000,4.000000,4.000000
142,6,buffer_rule,163,173.115350,128.067656,208.565168,17,2040.000000,0.000000,0.000000,41.000000
142,0,point_plan,184,174.404256,143.238783,208.653133,15,1896.000000,4.000000,0.000000,0.000000
142,1,point_plan,183,197.673721,168.941285,230.927908,17,2040.000000,0.000000,0.000000,21.000000
142,2,point_plan,166,216.731364,191.889378,250.024975,18,2160.000000,0.000000,0.000000,50.000000
142,3,point_plan,244,223.811869,201.467065,257.165776,19,2556.000000,4.000000,1.000000,0.000000
142,4,point_plan,245,228.138141,200.112988,267.272037,19,2580.000000,5.000000,1.000000,0.000000
142,5,point_plan,260,198.991200,174.249112,225.279339,17,2940.000000,0.000000,5.000000,4.000000
142,6,point_plan,163,173.115350,128.067656,208.565168,15,1800.000000,0.000000,0.000000,17.000000
142,0,stochastic_plan,184,174.404256,143.238783,208.653133,14,1956.000000,4.000000,1.000000,0.000000
142,1,stochastic_plan,183,197.673721,168.941285,230.927908,16,1920.000000,0.000000,0.000000,9.000000
142,2,stochastic_plan,166,216.731364,191.889378,250.024975,18,2160.000000,0.000000,0.000000,50.000000
142,3,stochastic_plan,244,223.811869,201.467065,257.165776,18,2616.000000,4.000000,2.000000,0.000000
142,4,stochastic_plan,245,228.138141,200.112988,267.272037,18,2640.000000,5.000000,2.000000,0.000000
142,5,stochastic_plan,260,198.991200,174.249112,225.279339,16,3012.000000,8.000000,5.000000,0.000000
142,6,stochastic_plan,163,173.115350,128.067656,208.565168,13,1728.000000,7.000000,0.000000,0.000000
142,0,perfect_information,184,174.404256,143.238783,208.653133,15,1896.000000,4.000000,0.000000,0.000000
142,1,perfect_information,183,197.673721,168.941285,230.927908,15,1872.000000,3.000000,0.000000,0.000000
142,2,perfect_information,166,216.731364,191.889378,250.024975,14,1680.000000,0.000000,0.000000,2.000000
142,3,perfect_information,244,223.811869,201.467065,257.165776,18,2616.000000,4.000000,2.000000,0.000000
142,4,perfect_information,245,228.138141,200.112988,267.272037,20,2520.000000,5.000000,0.000000,0.000000
142,5,perfect_information,260,198.991200,174.249112,225.279339,18,2880.000000,0.000000,4.000000,4.000000
142,6,perfect_information,163,173.115350,128.067656,208.565168,14,1680.000000,0.000000,0.000000,5.000000
143,0,buffer_rule,113,176.284729,145.119256,210.533606,17,2040.000000,0.000000,0.000000,91.000000
143,1,buffer_rule,160,195.437881,166.705445,228.692068,17,2040.000000,0.000000,0.000000,44.000000
143,2,buffer_rule,169,207.060660,181.137036,240.354271,17,2040.000000,0.000000,0.000000,35.000000
143,3,buffer_rule,185,228.459418,206.114614,261.813325,21,2520.000000,0.000000,0.000000,67.000000
143,4,buffer_rule,212,235.177475,207.152322,274.311372,23,2760.000000,0.000000,0.000000,64.000000
143,5,buffer_rule,184,210.979243,186.237155,243.082461,22,2640.000000,0.000000,0.000000,80.000000
143,6,buffer_rule,143,171.778472,126.730778,207.228290,18,2160.000000,0.000000,0.000000,73.000000
143,0,point_plan,113,176.284729,145.119256,210.533606,15,1800.000000,0.000000,0.000000,67.000000
143,1,point_plan,160,195.437881,166.705445,228.692068,16,1920.000000,0.000000,0.000000,32.000000
143,2,point_plan,169,207.060660,181.137036,240.354271,17,2040.000000,0.000000,0.000000,35.000000
143,3,point_plan,185,228.459418,206.114614,261.813325,19,2280.000000,0.000000,0.000000,43.000000
143,4,point_plan,212,235.177475,207.152322,274.311372,20,2400.000000,0.000000,0.000000,28.000000
143,5,point_plan,184,210.979243,186.237155,243.082461,18,2160.000000,0.000000,0.000000,32.000000
143,6,point_plan,143,171.778472,126.730778,207.228290,14,1680.000000,0.000000,0.000000,25.000000
143,0,stochastic_plan,113,176.284729,145.119256,210.533606,14,1680.000000,0.000000,0.000000,55.000000
143,1,stochastic_plan,160,195.437881,166.705445,228.692068,16,1920.000000,0.000000,0.000000,32.000000
143,2,stochastic_plan,169,207.060660,181.137036,240.354271,17,2040.000000,0.000000,0.000000,35.000000
143,3,stochastic_plan,185,228.459418,206.114614,261.813325,19,2280.000000,0.000000,0.000000,43.000000
143,4,stochastic_plan,212,235.177475,207.152322,274.311372,19,2280.000000,0.000000,0.000000,16.000000
143,5,stochastic_plan,184,210.979243,186.237155,243.082461,17,2040.000000,0.000000,0.000000,20.000000
143,6,stochastic_plan,143,171.778472,126.730778,207.228290,13,1560.000000,0.000000,0.000000,13.000000
143,0,perfect_information,113,176.284729,145.119256,210.533606,9,1200.000000,5.000000,0.000000,0.000000
143,1,perfect_information,160,195.437881,166.705445,228.692068,13,1656.000000,4.000000,0.000000,0.000000
143,2,perfect_information,169,207.060660,181.137036,240.354271,14,1704.000000,1.000000,0.000000,0.000000
143,3,perfect_information,185,228.459418,206.114614,261.813325,15,1920.000000,5.000000,0.000000,0.000000
143,4,perfect_information,212,235.177475,207.152322,274.311372,18,2160.000000,0.000000,0.000000,4.000000
143,5,perfect_information,184,210.979243,186.237155,243.082461,15,1896.000000,4.000000,0.000000,0.000000
143,6,perfect_information,143,171.778472,126.730778,207.228290,12,1440.000000,0.000000,0.000000,1.000000
144,0,buffer_rule,170,147.729001,112.555143,181.977878,12,1848.000000,2.000000,2.000000,0.000000
144,1,buffer_rule,167,174.362860,139.594756,207.617047,16,1920.000000,0.000000,0.000000,25.000000
144,2,buffer_rule,186,189.404396,163.039936,222.698006,17,2040.000000,0.000000,0.000000,18.000000
144,3,buffer_rule,210,202.094992,178.119063,235.448899,19,2280.000000,0.000000,0.000000,18.000000
144,4,buffer_rule,204,212.990658,184.965505,252.124554,22,2640.000000,0.000000,0.000000,60.000000
144,5,buffer_rule,183,182.399335,156.180151,214.502553,19,2280.000000,0.000000,0.000000,45.000000
144,6,buffer_rule,139,151.250072,106.202378,186.699890,15,1800.000000,0.000000,0.000000,41.000000
144,0,point_plan,170,147.729001,112.555143,181.977878,12,1848.000000,2.000000,2.000000,0.000000
144,1,point_plan,167,174.362860,139.594756,207.617047,15,1800.000000,0.000000,0.000000,13.000000
144,2,point_plan,186,189.404396,163.039936,222.698006,16,1920.000000,0.000000,0.000000,6.000000
144,3,point_plan,210,202.094992,178.119063,235.448899,17,2184.000000,6.000000,0.000000,0.000000
144,4,point_plan,204,212.990658,184.965505,252.124554,18,2160.000000,0.000000,0.000000,12.000000
144,5,point_plan,183,182.399335,156.180151,214.502553,15,1872.000000,3.000000,0.000000,0.000000
144,6,point_plan,139,151.250072,106.202378,186.699890,13,1560.000000,0.000000,0.000000,17.000000
144,0,stochastic_plan,170,147.729001,112.555143,181.977878,12,1848.000000,2.000000,2.000000,0.000000
144,1,stochastic_plan,167,174.362860,139.594756,207.617047,14,1680.000000,0.000000,0.000000,1.000000
144,2,stochastic_plan,186,189.404396,163.039936,222.698006,15,1944.000000,6.000000,0.000000,0.000000
144,3,stochastic_plan,210,202.094992,178.119063,235.448899,17,2184.000000,6.000000,0.000000,0.000000
144,4,stochastic_plan,204,212.990658,184.965505,252.124554,17,2040.000000,0.000000,0.000000,0.000000
144,5,stochastic_plan,183,182.399335,156.180151,214.502553,15,1872.000000,3.000000,0.000000,0.000000
144,6,stochastic_plan,139,151.250072,106.202378,186.699890,12,1440.000000,0.000000,0.000000,5.000000
144,0,perfect_information,170,147.729001,112.555143,181.977878,14,1728.000000,2.000000,0.000000,0.000000
144,1,perfect_information,167,174.362860,139.594756,207.617047,14,1680.000000,0.000000,0.000000,1.000000
144,2,perfect_information,186,189.404396,163.039936,222.698006,16,1920.000000,0.000000,0.000000,6.000000
144,3,perfect_information,210,202.094992,178.119063,235.448899,18,2160.000000,0.000000,0.000000,6.000000
144,4,perfect_information,204,212.990658,184.965505,252.124554,17,2040.000000,0.000000,0.000000,0.000000
144,5,perfect_information,183,182.399335,156.180151,214.502553,15,1872.000000,3.000000,0.000000,0.000000
144,6,perfect_information,139,151.250072,106.202378,186.699890,12,1440.000000,0.000000,0.000000,5.000000
145,0,buffer_rule,124,162.749712,127.575854,196.998589,17,2040.000000,0.000000,0.000000,80.000000
145,1,buffer_rule,189,181.793629,147.025525,215.047816,17,2040.000000,0.000000,0.000000,15.000000
145,2,buffer_rule,208,198.457286,172.092826,231.750897,19,2280.000000,0.000000,0.000000,20.000000
145,3,buffer_rule,261,212.341010,188.365081,245.694917,21,2700.000000,0.000000,1.000000,3.000000
145,4,buffer_rule,235,218.373721,190.348568,257.507617,21,2520.000000,0.000000,0.000000,17.000000
145,5,buffer_rule,234,188.797606,162.578422,220.900824,18,2484.000000,6.000000,1.000000,0.000000
145,6,buffer_rule,186,157.165416,112.117722,192.615234,14,2004.000000,6.000000,1.000000,0.000000
145,0,point_plan,124,162.749712,127.575854,196.998589,14,1680.000000,0.000000,0.000000,44.000000
145,1,point_plan,189,181.793629,147.025525,215.047816,15,1980.000000,0.000000,1.000000,3.000000
145,2,point_plan,208,198.457286,172.092826,231.750897,17,2136.000000,4.000000,0.000000,0.000000
145,3,point_plan,261,212.341010,188.365081,245.694917,18,2880.000000,0.000000,4.000000,3.000000
145,4,point_plan,235,218.373721,190.348568,257.507617,18,2508.000000,7.000000,1.000000,0.000000
145,5,point_plan,234,188.797606,162.578422,220.900824,16,2604.000000,6.000000,3.000000,0.000000
145,6,point_plan,186,157.165416,112.117722,192.615234,13,2064.000000,6.000000,2.000000,0.000000
145,0,stochastic_plan,124,162.749712,127.575854,196.998589,13,1560.000000,0.000000,0.000000,32.000000
145,1,stochastic_plan,189,181.793629,147.025525,215.047816,15,1980.000000,0.000000,1.000000,3.000000
145,2,stochastic_plan,208,198.457286,172.092826,231.750897,16,2196.000000,4.000000,1.000000,0.000000
145,3,stochastic_plan,261,212.341010,188.365081,245.694917,17,2940.000000,0.000000,5.000000,3.000000
145,4,stochastic_plan,235,218.373721,190.348568,257.507617,18,2508.000000,7.000000,1.000000,0.000000
145,5,stochastic_plan,234,188.797606,162.578422,220.900824,15,2664.000000,6.000000,4.000000,0.000000
145,6,stochastic_plan,186,157.165416,112.117722,192.615234,12,2124.000000,6.000000,3.000000,0.000000
145,0,perfect_information,124,162.749712,127.575854,196.998589,11,1320.000000,0.000000,0.000000,8.000000
145,1,perfect_information,189,181.793629,147.025525,215.047816,15,1980.000000,0.000000,1.000000,3.000000
145,2,perfect_information,208,198.457286,172.092826,231.750897,18,2160.000000,0.000000,0.000000,8.000000
145,3,perfect_information,261,212.341010,188.365081,245.694917,22,2640.000000,0.000000,0.000000,3.000000
145,4,perfect_information,235,218.373721,190.348568,257.507617,20,2400.000000,0.000000,0.000000,5.000000
145,5,perfect_information,234,188.797606,162.578422,220.900824,20,2400.000000,0.000000,0.000000,6.000000
145,6,perfect_information,186,157.165416,112.117722,192.615234,16,1920.000000,0.000000,0.000000,6.000000
146,0,buffer_rule,165,168.269282,132.681615,202.518159,12,1800.000000,0.000000,2.000000,3.000000
146,1,buffer_rule,246,197.449528,162.681424,230.703715,16,2784.000000,6.000000,4.000000,0.000000
146,2,buffer_rule,272,214.140238,187.775778,247.433849,20,2940.000000,0.000000,3.000000,4.000000
146,3,buffer_rule,270,232.485507,208.509578,266.403270,24,2880.000000,0.000000,0.000000,18.000000
146,4,buffer_rule,243,235.416911,207.391758,274.550807,23,2760.000000,0.000000,0.000000,33.000000
146,5,buffer_rule,237,209.032893,182.813709,246.074222,22,2640.000000,0.000000,0.000000,27.000000
146,6,buffer_rule,229,176.655607,131.607913,212.105425,18,2364.000000,1.000000,1.000000,0.000000
146,0,point_plan,165,168.269282,132.681615,202.518159,14,1680.000000,0.000000,0.000000,3.000000
146,1,point_plan,246,197.449528,162.681424,230.703715,17,2724.000000,6.000000,3.000000,0.000000
146,2,point_plan,272,214.140238,187.775778,247.433849,18,3060.000000,0.000000,5.000000,4.000000
146,3,point_plan,270,232.485507,208.509578,266.403270,19,2964.000000,6.000000,3.000000,0.000000
146,4,point_plan,243,235.416911,207.391758,274.550807,20,2472.000000,3.000000,0.000000,0.000000
146,5,point_plan,237,209.032893,182.813709,246.074222,18,2520.000000,0.000000,2.000000,3.000000
146,6,point_plan,229,176.655607,131.607913,212.105425,15,2544.000000,1.000000,4.000000,0.000000
146,0,stochastic_plan,165,168.269282,132.681615,202.518159,14,1680.000000,0.000000,0.000000,3.000000
146,1,stochastic_plan,246,197.449528,162.681424,230.703715,16,2784.000000,6.000000,4.000000,0.000000
146,2,stochastic_plan,272,214.140238,187.775778,247.433849,17,3132.000000,8.000000,5.000000,0.000000
146,3,stochastic_plan,270,232.485507,208.509578,266.403270,19,2964.000000,6.000000,3.000000,0.000000
146,4,stochastic_plan,243,235.416911,207.391758,274.550807,19,2532.000000,3.000000,1.000000,0.000000
146,5,stochastic_plan,237,209.032893,182.813709,246.074222,17,2580.000000,0.000000,3.000000,3.000000
146,6,stochastic_plan,229,176.655607,131.607913,212.105425,14,2604.000000,1.000000,5.000000,0.000000
146,0,perfect_information,165,168.269282,132.681615,202.518159,14,1680.000000,0.000000,0.000000,3.000000
146,1,perfect_information,246,197.449528,162.681424,230.703715,18,2664.000000,6.000000,2.000000,0.000000
146,2,perfect_information,272,214.140238,187.775778,247.433849,22,2820.000000,0.000000,1.000000,4.000000
146,3,perfect_information,270,232.485507,208.509578,266.403270,22,2784.000000,6.000000,0.000000,0.000000
146,4,perfect_information,243,235.416911,207.391758,274.550807,20,2472.000000,3.000000,0.000000,0.000000
146,5,perfect_information,237,209.032893,182.813709,246.074222,20,2400.000000,0.000000,0.000000,3.000000
146,6,perfect_information,229,176.655607,131.607913,212.105425,19,2304.000000,1.000000,0.000000,0.000000
147,0,buffer_rule,237,190.295496,154.707829,224.544373,15,2700.000000,0.000000,5.000000,3.000000
147,1,buffer_rule,270,222.522487,187.754383,269.593134,19,2964.000000,6.000000,3.000000,0.000000
147,2,buffer_rule,264,240.563403,214.198943,280.604871,23,2760.000000,0.000000,0.000000,12.000000
147,3,buffer_rule,268,250.499772,226.523843,287.654721,22,2736.000000,4.000000,0.000000,0.000000
147,4,buffer_rule,302,253.003833,224.978680,292.137729,20,3348.000000,2.000000,5.000000,0.000000
147,5,buffer_rule,260,225.884047,199.664863,262.925376,19,2820.000000,0.000000,3.000000,4.000000
147,6,buffer_rule,224,199.978500,154.930806,243.175849,17,2400.000000,0.000000,2.000000,4.000000
147,0,point_plan,237,190.295496,154.707829,224.544373,16,2640.000000,0.000000,4.000000,3.000000
147,1,point_plan,270,222.522487,187.754383,269.593134,19,2964.000000,6.000000,3.000000,0.000000
147,2,point_plan,264,240.563403,214.198943,280.604871,20,2760.000000,0.000000,2.000000,0.000000
147,3,point_plan,268,250.499772,226.523843,287.654721,21,2796.000000,4.000000,1.000000,0.000000
147,4,point_plan,302,253.003833,224.978680,292.137729,21,3288.000000,2.000000,4.000000,0.000000
147,5,point_plan,260,225.884047,199.664863,262.925376,19,2820.000000,0.000000,3.000000,4.000000
147,6,point_plan,224,199.978500,154.930806,243.175849,17,2400.000000,0.000000,2.000000,4.000000
147,0,stochastic_plan,237,190.295496,154.707829,224.544373,16,2640.000000,0.000000,4.000000,3.000000
147,1,stochastic_plan,270,222.522487,187.754383,269.593134,18,3024.000000,6.000000,4.000000,0.000000
147,2,stochastic_plan,264,240.563403,214.198943,280.604871,20,2760.000000,0.000000,2.000000,0.000000
147,3,stochastic_plan,268,250.499772,226.523843,287.654721,21,2796.000000,4.000000,1.000000,0.000000
147,4,stochastic_plan,302,253.003833,224.978680,292.137729,20,3348.000000,2.000000,5.000000,0.000000
147,5,stochastic_plan,260,225.884047,199.664863,262.925376,18,2880.000000,0.000000,4.000000,4.000000
147,6,stochastic_plan,224,199.978500,154.930806,243.175849,16,2460.000000,0.000000,3.000000,4.000000
147,0,perfect_information,237,190.295496,154.707829,224.544373,20,2400.000000,0.000000,0.000000,3.000000
147,1,perfect_information,270,222.522487,187.754383,269.593134,22,2784.000000,6.000000,0.000000,0.000000
147,2,perfect_information,264,240.563403,214.198943,280.604871,22,2640.000000,0.000000,0.000000,0.000000
147,3,perfect_information,268,250.499772,226.523843,287.654721,20,2856.000000,4.000000,2.000000,0.000000
147,4,perfect_information,302,253.003833,224.978680,292.137729,20,3348.000000,2.000000,5.000000,0.000000
147,5,perfect_information,260,225.884047,199.664863,262.925376,17,2940.000000,0.000000,5.000000,4.000000
147,6,perfect_information,224,199.978500,154.930806,243.175849,14,2580.000000,0.000000,5.000000,4.000000
148,0,buffer_rule,187,215.770976,180.183309,254.788090,17,2040.000000,0.000000,0.000000,17.000000
148,1,buffer_rule,214,240.300278,205.532174,288.743454,20,2400.000000,0.000000,0.000000,26.000000
148,2,buffer_rule,243,253.095182,226.730722,293.136650,20,2472.000000,3.000000,0.000000,0.000000
148,3,buffer_rule,224,263.988272,240.012343,301.143221,20,2400.000000,0.000000,0.000000,16.000000
148,4,buffer_rule,225,276.343381,248.318228,316.566013,23,2760.000000,0.000000,0.000000,51.000000
148,5,buffer_rule,224,243.294585,217.075401,280.472715,19,2280.000000,0.000000,0.000000,4.000000
148,6,buffer_rule,171,213.237492,168.189798,256.434841,16,1920.000000,0.000000,0.000000,21.000000
148,0,point_plan,187,215.770976,180.183309,254.788090,18,2160.000000,0.000000,0.000000,29.000000
148,1,point_plan,214,240.300278,205.532174,288.743454,20,2400.000000,0.000000,0.000000,26.000000
148,2,point_plan,243,253.095182,226.730722,293.136650,21,2520.000000,0.000000,0.000000,9.000000
148,3,point_plan,224,263.988272,240.012343,301.143221,22,2640.000000,0.000000,0.000000,40.000000
148,4,point_plan,225,276.343381,248.318228,316.566013,22,2640.000000,0.000000,0.000000,39.000000
148,5,point_plan,224,243.294585,217.075401,280.472715,18,2340.000000,0.000000,1.000000,4.000000
148,6,point_plan,171,213.237492,168.189798,256.434841,14,1752.000000,3.000000,0.000000,0.000000
148,0,stochastic_plan,187,215.770976,180.183309,254.788090,17,2040.000000,0.000000,0.000000,17.000000
148,1,stochastic_plan,214,240.300278,205.532174,288.743454,19,2280.000000,0.000000,0.000000,14.000000
148,2,stochastic_plan,243,253.095182,226.730722,293.136650,20,2472.000000,3.000000,0.000000,0.000000
148,3,stochastic_plan,224,263.988272,240.012343,301.143221,21,2520.000000,0.000000,0.000000,28.000000
148,4,stochastic_plan,225,276.343381,248.318228,316.566013,22,2640.000000,0.000000,0.000000,39.000000
148,5,stochastic_plan,224,243.294585,217.075401,280.472715,19,2280.000000,0.000000,0.000000,4.000000
148,6,stochastic_plan,171,213.237492,168.189798,256.434841,17,2040.000000,0.000000,0.000000,33.000000
148,0,perfect_information,187,215.770976,180.183309,254.788090,16,1920.000000,0.000000,0.000000,5.000000
148,1,perfect_information,214,240.300278,205.532174,288.743454,18,2160.000000,0.000000,0.000000,2.000000
148,2,perfect_information,243,253.095182,226.730722,293.136650,20,2472.000000,3.000000,0.000000,0.000000
148,3,perfect_information,224,263.988272,240.012343,301.143221,19,2280.000000,0.000000,0.000000,4.000000
148,4,perfect_information,225,276.343381,248.318228,316.566013,19,2280.000000,0.000000,0.000000,3.000000
148,5,perfect_information,224,243.294585,217.075401,280.472715,19,2280.000000,0.000000,0.000000,4.000000
148,6,perfect_information,171,213.237492,168.189798,256.434841,15,1800.000000,0.000000,0.000000,9.000000
149,0,buffer_rule,165,186.111143,150.523476,225.128257,17,2040.000000,0.000000,0.000000,39.000000
149,1,buffer_rule,179,209.639012,174.870908,258.082188,20,2400.000000,0.000000,0.000000,61.000000
149,2,buffer_rule,196,228.042986,201.678526,268.084454,22,2640.000000,0.000000,0.000000,68.000000
149,3,buffer_rule,193,235.359166,207.842801,272.514115,20,2400.000000,0.000000,0.000000,47.000000
149,4,buffer_rule,250,242.474132,208.758469,282.696764,20,2580.000000,0.000000,1.000000,2.000000
149,5,buffer_rule,240,216.027983,191.285895,253.206113,20,2400.000000,0.000000,0.000000,0.000000
149,6,buffer_rule,152,183.151221,138.079761,226.348570,16,1920.000000,0.000000,0.000000,40.000000
149,0,point_plan,165,186.111143,150.523476,225.128257,16,1920.000000,0.000000,0.000000,27.000000
149,1,point_plan,179,209.639012,174.870908,258.082188,18,2160.000000,0.000000,0.000000,37.000000
149,2,point_plan,196,228.042986,201.678526,268.084454,19,2280.000000,0.000000,0.000000,32.000000
149,3,point_plan,193,235.359166,207.842801,272.514115,20,2400.000000,0.000000,0.000000,47.000000
149,4,point_plan,250,242.474132,208.758469,282.696764,20,2580.000000,0.000000,1.000000,2.000000
149,5,point_plan,240,216.027983,191.285895,253.206113,18,2520.000000,0.000000,2.000000,0.000000
149,6,point_plan,152,183.151221,138.079761,226.348570,15,1800.000000,0.000000,0.000000,28.000000
149,0,stochastic_plan,165,186.111143,150.523476,225.128257,15,1800.000000,0.000000,0.000000,15.000000
149,1,stochastic_plan,179,209.639012,174.870908,258.082188,17,2040.000000,0.000000,0.000000,25.000000
149,2,stochastic_plan,196,228.042986,201.678526,268.084454,19,2280.000000,0.000000,0.000000,32.000000
149,3,stochastic_plan,193,235.359166,207.842801,272.514115,19,2280.000000,0.000000,0.000000,35.000000
149,4,stochastic_plan,250,242.474132,208.758469,282.696764,20,2580.000000,0.000000,1.000000,2.000000
149,5,stochastic_plan,240,216.027983,191.285895,253.206113,18,2520.000000,0.000000,2.000000,0.000000
149,6,stochastic_plan,152,183.151221,138.079761,226.348570,14,1680.000000,0.000000,0.000000,16.000000
149,0,perfect_information,165,186.111143,150.523476,225.128257,14,1680.000000,0.000000,0.000000,3.000000
149,1,perfect_information,179,209.639012,174.870908,258.082188,15,1800.000000,0.000000,0.000000,1.000000
149,2,perfect_information,196,228.042986,201.678526,268.084454,16,2016.000000,4.000000,0.000000,0.000000
149,3,perfect_information,193,235.359166,207.842801,272.514115,16,1944.000000,1.000000,0.000000,0.000000
149,4,perfect_information,250,242.474132,208.758469,282.696764,20,2580.000000,0.000000,1.000000,2.000000
149,5,perfect_information,240,216.027983,191.285895,253.206113,17,2580.000000,0.000000,3.000000,0.000000
149,6,perfect_information,152,183.151221,138.079761,226.348570,13,1560.000000,0.000000,0.000000,4.000000
150,0,buffer_rule,164,175.822509,140.234842,214.839623,17,2040.000000,0.000000,0.000000,40.000000
150,1,buffer_rule,203,197.230459,162.272465,245.673635,17,2040.000000,0.000000,0.000000,1.000000
150,2,buffer_rule,202,213.829334,183.324535,253.870802,19,2280.000000,0.000000,0.000000,26.000000
150,3,buffer_rule,230,224.121011,191.136406,261.275960,20,2400.000000,0.000000,0.000000,10.000000
150,4,buffer_rule,244,239.844051,206.128388,280.066683,24,2880.000000,0.000000,0.000000,44.000000
150,5,buffer_rule,182,212.215727,187.473639,249.393857,21,2520.000000,0.000000,0.000000,70.000000
150,6,buffer_rule,183,173.570278,128.498818,216.767627,17,2040.000000,0.000000,0.000000,21.000000
150,0,point_plan,164,175.822509,140.234842,214.839623,15,1800.000000,0.000000,0.000000,16.000000
150,1,point_plan,203,197.230459,162.272465,245.673635,17,2040.000000,0.000000,0.000000,1.000000
150,2,point_plan,202,213.829334,183.324535,253.870802,18,2160.000000,0.000000,0.000000,14.000000
150,3,point_plan,230,224.121011,191.136406,261.275960,19,2328.000000,2.000000,0.000000,0.000000
150,4,point_plan,244,239.844051,206.128388,280.066683,20,2496.000000,4.000000,0.000000,0.000000
150,5,point_plan,182,212.215727,187.473639,249.393857,18,2160.000000,0.000000,0.000000,34.000000
150,6,point_plan,183,173.570278,128.498818,216.767627,15,1872.000000,3.000000,0.000000,0.000000
150,0,stochastic_plan,164,175.822509,140.234842,214.839623,14,1680.000000,0.000000,0.000000,4.000000
150,1,stochastic_plan,203,197.230459,162.272465,245.673635,16,2100.000000,0.000000,1.000000,1.000000
150,2,stochastic_plan,202,213.829334,183.324535,253.870802,17,2040.000000,0.000000,0.000000,2.000000
150,3,stochastic_plan,230,224.121011,191.136406,261.275960,18,2388.000000,2.000000,1.000000,0.000000
150,4,stochastic_plan,244,239.844051,206.128388,280.066683,19,2556.000000,4.000000,1.000000,0.000000
150,5,stochastic_plan,182,212.215727,187.473639,249.393857,17,2040.000000,0.000000,0.000000,22.000000
150,6,stochastic_plan,183,173.570278,128.498818,216.767627,13,1992.000000,3.000000,2.000000,0.000000
150,0,perfect_information,164,175.822509,140.234842,214.839623,14,1680.000000,0.000000,0.000000,4.000000
150,1,perfect_information,203,197.230459,162.272465,245.673635,17,2040.000000,0.000000,0.000000,1.000000
150,2,perfect_information,202,213.829334,183.324535,253.870802,17,2040.000000,0.000000,0.000000,2.000000
150,3,perfect_information,230,224.121011,191.136406,261.275960,19,2328.000000,2.000000,0.000000,0.000000
150,4,perfect_information,244,239.844051,206.128388,280.066683,19,2556.000000,4.000000,1.000000,0.000000
150,5,perfect_information,182,212.215727,187.473639,249.393857,15,1848.000000,2.000000,0.000000,0.000000
150,6,perfect_information,183,173.570278,128.498818,216.767627,15,1872.000000,3.000000,0.000000,0.000000
151,0,buffer_rule,192,178.768666,143.180999,217.785780,16,1920.000000,0.000000,0.000000,0.000000
151,1,buffer_rule,202,204.792831,169.834837,253.236007,20,2400.000000,0.000000,0.000000,38.000000
151,2,buffer_rule,278,218.559521,188.054722,258.600989,20,2988.000000,2.000000,3.000000,0.000000
151,3,buffer_rule,251,233.711149,200.726544,270.866098,22,2640.000000,0.000000,0.000000,13.000000
151,4,buffer_rule,269,241.973807,208.258144,282.196439,22,2760.000000,5.000000,0.000000,0.000000
151,5,buffer_rule,225,206.321662,179.558748,243.499792,18,2340.000000,0.000000,1.000000,3.000000
151,6,buffer_rule,216,182.059680,136.988220,225.257029,17,2220.000000,0.000000,1.000000,0.000000
151,0,point_plan,192,178.768666,143.180999,217.785780,15,1980.000000,0.000000,1.000000,0.000000
151,1,point_plan,202,204.792831,169.834837,253.236007,17,2040.000000,0.000000,0.000000,2.000000
151,2,point_plan,278,218.559521,188.054722,258.600989,18,3108.000000,2.000000,5.000000,0.000000
151,3,point_plan,251,233.711149,200.726544,270.866098,20,2580.000000,0.000000,1.000000,1.000000
151,4,point_plan,269,241.973807,208.258144,282.196439,20,2880.000000,5.000000,2.000000,0.000000
151,5,point_plan,225,206.321662,179.558748,243.499792,17,2400.000000,0.000000,2.000000,3.000000
151,6,point_plan,216,182.059680,136.988220,225.257029,15,2340.000000,0.000000,3.000000,0.000000
151,0,stochastic_plan,192,178.768666,143.180999,217.785780,14,2040.000000,0.000000,2.000000,0.000000
151,1,stochastic_plan,202,204.792831,169.834837,253.236007,16,2100.000000,0.000000,1.000000,2.000000
151,2,stochastic_plan,278,218.559521,188.054722,258.600989,18,3108.000000,2.000000,5.000000,0.000000
151,3,stochastic_plan,251,233.711149,200.726544,270.866098,19,2640.000000,0.000000,2.000000,1.000000
151,4,stochastic_plan,269,241.973807,208.258144,282.196439,20,2880.000000,5.000000,2.000000,0.000000
151,5,stochastic_plan,225,206.321662,179.558748,243.499792,17,2400.000000,0.000000,2.000000,3.000000
151,6,stochastic_plan,216,182.059680,136.988220,225.257029,14,2400.000000,0.000000,4.000000,0.000000
151,0,perfect_information,192,178.768666,143.180999,217.785780,16,1920.000000,0.000000,0.000000,0.000000
151,1,perfect_information,202,204.792831,169.834837,253.236007,17,2040.000000,0.000000,0.000000,2.000000
151,2,perfect_information,278,218.559521,188.054722,258.600989,21,2928.000000,2.000000,2.000000,0.000000
151,3,perfect_information,251,233.711149,200.726544,270.866098,21,2520.000000,0.000000,0.000000,1.000000
151,4,perfect_information,269,241.973807,208.258144,282.196439,22,2760.000000,5.000000,0.000000,0.000000
151,5,perfect_information,225,206.321662,179.558748,243.499792,19,2280.000000,0.000000,0.000000,3.000000
151,6,perfect_information,216,182.059680,136.988220,225.257029,18,2160.000000,0.000000,0.000000,0.000000
152,0,buffer_rule,190,199.671402,164.083735,238.688516,16,1920.000000,0.000000,0.000000,2.000000
152,1,buffer_rule,174,221.302982,186.344988,269.746158,18,2160.000000,0.000000,0.000000,42.000000
152,2,buffer_rule,199,246.636625,216.131826,294.420575,22,2640.000000,0.000000,0.000000,65.000000
152,3,buffer_rule,202,253.207574,220.222969,290.362523,22,2640.000000,0.000000,0.000000,62.000000
152,4,buffer_rule,245,262.558093,228.842430,302.780725,22,2640.000000,0.000000,0.000000,19.000000
152,5,buffer_rule,210,229.639895,202.876981,266.818025,18,2160.000000,0.000000,0.000000,6.000000
152,6,buffer_rule,186,203.612222,158.540762,246.809571,17,2040.000000,0.000000,0.000000,18.000000
152,0,point_plan,190,199.671402,164.083735,238.688516,17,2040.000000,0.000000,0.000000,14.000000
152,1,point_plan,174,221.302982,186.344988,269.746158,18,2160.000000,0.000000,0.000000,42.000000
152,2,point_plan,199,246.636625,216.131826,294.420575,21,2520.000000,0.000000,0.000000,53.000000
152,3,point_plan,202,253.207574,220.222969,290.362523,21,2520.000000,0.000000,0.000000,50.000000
152,4,point_plan,245,262.558093,228.842430,302.780725,22,2640.000000,0.000000,0.000000,19.000000
152,5,point_plan,210,229.639895,202.876981,266.818025,19,2280.000000,0.000000,0.000000,18.000000
152,6,point_plan,186,203.612222,158.540762,246.809571,17,2040.000000,0.000000,0.000000,18.000000
152,0,stochastic_plan,190,199.671402,164.083735,238.688516,16,1920.000000,0.000000,0.000000,2.000000
152,1,stochastic_plan,174,221.302982,186.344988,269.746158,18,2160.000000,0.000000,0.000000,42.000000
152,2,stochastic_plan,199,246.636625,216.131826,294.420575,20,2400.000000,0.000000,0.000000,41.000000
152,3,stochastic_plan,202,253.207574,220.222969,290.362523,21,2520.000000,0.000000,0.000000,50.000000
152,4,stochastic_plan,245,262.558093,228.842430,302.780725,21,2520.000000,0.000000,0.000000,7.000000
152,5,stochastic_plan,210,229.639895,202.876981,266.818025,19,2280.000000,0.000000,0.000000,18.000000
152,6,stochastic_plan,186,203.612222,158.540762,246.809571,16,1920.000000,0.000000,0.000000,6.000000
152,0,perfect_information,190,199.671402,164.083735,238.688516,16,1920.000000,0.000000,0.000000,2.000000
152,1,perfect_information,174,221.302982,186.344988,269.746158,15,1800.000000,0.000000,0.000000,6.000000
152,2,perfect_information,199,246.636625,216.131826,294.420575,17,2040.000000,0.000000,0.000000,5.000000
152,3,perfect_information,202,253.207574,220.222969,290.362523,17,2040.000000,0.000000,0.000000,2.000000
152,4,perfect_information,245,262.558093,228.842430,302.780725,20,2520.000000,5.000000,0.000000,0.000000
152,5,perfect_information,210,229.639895,202.876981,266.818025,18,2160.000000,0.000000,0.000000,6.000000
152,6,perfect_information,186,203.612222,158.540762,246.809571,16,1920.000000,0.000000,0.000000,6.000000
153,0,buffer_rule,189,186.010477,150.422810,225.027591,18,2160.000000,0.000000,0.000000,27.000000
153,1,buffer_rule,216,203.678591,164.728762,252.121767,17,2220.000000,0.000000,1.000000,0.000000
153,2,buffer_rule,229,221.326905,189.392147,269.110855,19,2304.000000,1.000000,0.000000,0.000000
153,3,buffer_rule,223,232.245477,192.900967,269.400426,20,2400.000000,0.000000,0.000000,17.000000
153,4,buffer_rule,228,245.379154,211.663491,285.601786,24,2880.000000,0.000000,0.000000,60.000000
153,5,buffer_rule,205,214.203202,187.440288,251.381332,20,2400.000000,0.000000,0.000000,35.000000
153,6,buffer_rule,169,185.358195,140.286735,228.555544,17,2040.000000,0.000000,0.000000,35.000000
153,0,point_plan,189,186.010477,150.422810,225.027591,16,1920.000000,0.000000,0.000000,3.000000
153,1,point_plan,216,203.678591,164.728762,252.121767,17,2220.000000,0.000000,1.000000,0.000000
153,2,point_plan,229,221.326905,189.392147,269.110855,19,2304.000000,1.000000,0.000000,0.000000
153,3,point_plan,223,232.245477,192.900967,269.400426,19,2280.000000,0.000000,0.000000,5.000000
153,4,point_plan,228,245.379154,211.663491,285.601786,21,2520.000000,0.000000,0.000000,24.000000
153,5,point_plan,205,214.203202,187.440288,251.381332,18,2160.000000,0.000000,0.000000,11.000000
153,6,point_plan,169,185.358195,140.286735,228.555544,16,1920.000000,0.000000,0.000000,23.000000
153,0,stochastic_plan,189,186.010477,150.422810,225.027591,15,1980.000000,0.000000,1.000000,3.000000
153,1,stochastic_plan,216,203.678591,164.728762,252.121767,16,2280.000000,0.000000,2.000000,0.000000
153,2,stochastic_plan,229,221.326905,189.392147,269.110855,18,2364.000000,1.000000,1.000000,0.000000
153,3,stochastic_plan,223,232.245477,192.900967,269.400426,19,2280.000000,0.000000,0.000000,5.000000
153,4,stochastic_plan,228,245.379154,211.663491,285.601786,20,2400.000000,0.000000,0.000000,12.000000
153,5,stochastic_plan,205,214.203202,187.440288,251.381332,17,2064.000000,1.000000,0.000000,0.000000
153,6,stochastic_plan,169,185.358195,140.286735,228.555544,14,1704.000000,1.000000,0.000000,0.000000
153,0,perfect_information,189,186.010477,150.422810,225.027591,16,1920.000000,0.000000,0.000000,3.000000
153,1,perfect_information,216,203.678591,164.728762,252.121767,18,2160.000000,0.000000,0.000000,0.000000
153,2,perfect_information,229,221.326905,189.392147,269.110855,19,2304.000000,1.000000,0.000000,0.000000
153,3,perfect_information,223,232.245477,192.900967,269.400426,19,2280.000000,0.000000,0.000000,5.000000
153,4,perfect_information,228,245.379154,211.663491,285.601786,19,2280.000000,0.000000,0.000000,0.000000
153,5,perfect_information,205,214.203202,187.440288,251.381332,17,2064.000000,1.000000,0.000000,0.000000
153,6,perfect_information,169,185.358195,140.286735,228.555544,14,1704.000000,1.000000,0.000000,0.000000
154,0,buffer_rule,202,189.821616,154.233949,228.838730,18,2160.000000,0.000000,0.000000,14.000000
154,1,buffer_rule,184,213.949874,175.000045,262.393050,20,2400.000000,0.000000,0.000000,56.000000
154,2,buffer_rule,219,229.696149,197.761391,277.480099,21,2520.000000,0.000000,0.000000,33.000000
154,3,buffer_rule,228,239.099131,199.754621,276.254080,21,2520.000000,0.000000,0.000000,24.000000
154,4,buffer_rule,256,247.025784,213.310121,287.248416,21,2616.000000,4.000000,0.000000,0.000000
154,5,buffer_rule,209,217.736403,190.973489,254.914533,19,2280.000000,0.000000,0.000000,19.000000
154,6,buffer_rule,191,186.748339,141.676879,229.945688,15,1980.000000,0.000000,1.000000,1.000000
154,0,point_plan,202,189.821616,154.233949,228.838730,16,2100.000000,0.000000,1.000000,2.000000
154,1,point_plan,184,213.949874,175.000045,262.393050,18,2160.000000,0.000000,0.000000,32.000000
154,2,point_plan,219,229.696149,197.761391,277.480099,19,2280.000000,0.000000,0.000000,9.000000
154,3,point_plan,228,239.099131,199.754621,276.254080,20,2400.000000,0.000000,0.000000,12.000000
154,4,point_plan,256,247.025784,213.310121,287.248416,21,2616.000000,4.000000,0.000000,0.000000
154,5,point_plan,209,217.736403,190.973489,254.914533,18,2160.000000,0.000000,0.000000,7.000000
154,6,point_plan,191,186.748339,141.676879,229.945688,16,1920.000000,0.000000,0.000000,1.000000
154,0,stochastic_plan,202,189.821616,154.233949,228.838730,15,2160.000000,0.000000,2.000000,2.000000
154,1,stochastic_plan,184,213.949874,175.000045,262.393050,17,2040.000000,0.000000,0.000000,20.000000
154,2,stochastic_plan,219,229.696149,197.761391,277.480099,19,2280.000000,0.000000,0.000000,9.000000
154,3,stochastic_plan,228,239.099131,199.754621,276.254080,20,2400.000000,0.000000,0.000000,12.000000
154,4,stochastic_plan,256,247.025784,213.310121,287.248416,20,2676.000000,4.000000,1.000000,0.000000
154,5,stochastic_plan,209,217.736403,190.973489,254.914533,18,2160.000000,0.000000,0.000000,7.000000
154,6,stochastic_plan,191,186.748339,141.676879,229.945688,15,1980.000000,0.000000,1.000000,1.000000
154,0,perfect_information,202,189.821616,154.233949,228.838730,17,2040.000000,0.000000,0.000000,2.000000
154,1,perfect_information,184,213.949874,175.000045,262.393050,15,1896.000000,4.000000,0.000000,0.000000
154,2,perfect_information,219,229.696149,197.761391,277.480099,18,2232.000000,3.000000,0.000000,0.000000
154,3,perfect_information,228,239.099131,199.754621,276.254080,19,2280.000000,0.000000,0.000000,0.000000
154,4,perfect_information,256,247.025784,213.310121,287.248416,21,2616.000000,4.000000,0.000000,0.000000
154,5,perfect_information,209,217.736403,190.973489,254.914533,17,2160.000000,5.000000,0.000000,0.000000
154,6,perfect_information,191,186.748339,141.676879,229.945688,16,1920.000000,0.000000,0.000000,1.000000
155,0,buffer_rule,135,194.347154,158.759487,233.364268,19,2280.000000,0.000000,0.000000,93.000000
155,1,buffer_rule,160,211.836886,172.887056,260.280062,17,2040.000000,0.000000,0.000000,44.000000
155,2,buffer_rule,189,230.691887,198.757129,278.475837,20,2400.000000,0.000000,0.000000,51.000000
155,3,buffer_rule,188,242.474114,203.129604,279.629063,20,2400.000000,0.000000,0.000000,52.000000
155,4,buffer_rule,178,253.760337,220.044674,293.982969,23,2760.000000,0.000000,0.000000,98.000000
155,5,buffer_rule,156,220.820327,194.057413,257.998457,19,2280.000000,0.000000,0.000000,72.000000
155,6,buffer_rule,112,192.566636,147.495176,235.763985,17,2040.000000,0.000000,0.000000,92.000000
155,0,point_plan,135,194.347154,158.759487,233.364268,16,1920.000000,0.000000,0.000000,57.000000
155,1,point_plan,160,211.836886,172.887056,260.280062,18,2160.000000,0.000000,0.000000,56.000000
155,2,point_plan,189,230.691887,198.757129,278.475837,19,2280.000000,0.000000,0.000000,39.000000
155,3,point_plan,188,242.474114,203.129604,279.629063,20,2400.000000,0.000000,0.000000,52.000000
155,4,point_plan,178,253.760337,220.044674,293.982969,21,2520.000000,0.000000,0.000000,74.000000
155,5,point_plan,156,220.820327,194.057413,257.998457,18,2160.000000,0.000000,0.000000,60.000000
155,6,point_plan,112,192.566636,147.495176,235.763985,16,1920.000000,0.000000,0.000000,80.000000
155,0,stochastic_plan,135,194.347154,158.759487,233.364268,16,1920.000000,0.000000,0.000000,57.000000
155,1,stochastic_plan,160,211.836886,172.887056,260.280062,17,2040.000000,0.000000,0.000000,44.000000
155,2,stochastic_plan,189,230.691887,198.757129,278.475837,19,2280.000000,0.000000,0.000000,39.000000
155,3,stochastic_plan,188,242.474114,203.129604,279.629063,20,2400.000000,0.000000,0.000000,52.000000
155,4,stochastic_plan,178,253.760337,220.044674,293.982969,21,2520.000000,0.000000,0.000000,74.000000
155,5,stochastic_plan,156,220.820327,194.057413,257.998457,18,2160.000000,0.000000,0.000000,60.000000
155,6,stochastic_plan,112,192.566636,147.495176,235.763985,15,1800.000000,0.000000,0.000000,68.000000
155,0,perfect_information,135,194.347154,158.759487,233.364268,11,1392.000000,3.000000,0.000000,0.000000
155,1,perfect_information,160,211.836886,172.887056,260.280062,13,1656.000000,4.000000,0.000000,0.000000
155,2,perfect_information,189,230.691887,198.757129,278.475837,16,1920.000000,0.000000,0.000000,3.000000
155,3,perfect_information,188,242.474114,203.129604,279.629063,16,1920.000000,0.000000,0.000000,4.000000
155,4,perfect_information,178,253.760337,220.044674,293.982969,15,1800.000000,0.000000,0.000000,2.000000
155,5,perfect_information,156,220.820327,194.057413,257.998457,13,1560.000000,0.000000,0.000000,0.000000
155,6,perfect_information,112,192.566636,147.495176,235.763985,9,1176.000000,4.000000,0.000000,0.000000
